{"type":"FeatureCollection", "features": [
{"type":"Feature","geometry":{"type":"Polygon","coordinates":[[[-97.6085,43.8491],[-97.6065,43.6733],[-97.607,43.4998],[-97.4014,43.4998],[-97.3992,43.1694],[-97.1605,43.17],[-97.1605,43.0831],[-96.8057,43.0837],[-96.4542,43.0834],[-96.4605,43.0949],[-96.4393,43.1139],[-96.4434,43.1338],[-96.4665,43.1503],[-96.4649,43.182],[-96.4853,43.2242],[-96.5193,43.2177],[-96.5549,43.2268],[-96.5712,43.239],[-96.5526,43.2578],[-96.5768,43.2683],[-96.5807,43.289],[-96.541,43.2956],[-96.5256,43.3125],[-96.5349,43.3365],[-96.5243,43.3472],[-96.524,43.3948],[-96.5371,43.3951],[-96.5943,43.4342],[-96.6,43.4571],[-96.5825,43.4671],[-96.5989,43.5005],[-96.4533,43.5004],[-96.4533,43.8495],[-96.5048,43.8477],[-96.8887,43.8484],[-97.1291,43.848],[-97.6085,43.8491]]]},"properties":{"GEOID":"43620","NAME":"Sioux Falls, SD","LSAD":"M1"}},
{"type":"Feature","geometry":{"type":"Polygon","coordinates":[[[-89.7858,43.641],[-90.1764,43.6422],[-90.3124,43.641],[-90.3111,43.554],[-90.192,43.555],[-90.1913,43.355],[-90.1938,43.1645],[-90.159,43.1668],[-90.0824,43.1611],[-90.0621,43.146],[-90.0486,43.1669],[-90.0001,43.1946],[-89.9039,43.1881],[-89.842,43.2025],[-89.8021,43.2394],[-89.7544,43.243],[-89.7332,43.2513],[-89.7133,43.2821],[-89.727,43.3003],[-89.7197,43.3197],[-89.6793,43.3602],[-89.627,43.3667],[-89.6007,43.3807],[-89.5994,43.5579],[-89.6732,43.5694],[-89.7278,43.5695],[-89.7179,43.5952],[-89.7633,43.6039],[-89.7858,43.641]]]},"properties":{"GEOID":"12660","NAME":"Baraboo, WI","LSAD":"M2"}},
{"type":"Feature","geometry":{"type":"Polygon","coordinates":[[[-82.3481,41.4283],[-82.3423,41.2842],[-82.3403,41.1295],[-82.3365,41.0658],[-82.1715,41.0635],[-82.1734,40.9921],[-82.1293,40.9918],[-81.8289,40.9883],[-81.6885,40.9886],[-81.6849,41.2771],[-81.5689,41.2779],[-81.5854,41.3089],[-81.5981,41.3512],[-81.2986,41.3473],[-81.0033,41.3479],[-81.0031,41.5017],[-81.0036,41.7151],[-81.0022,41.8531],[-81.1285,41.8111],[-81.2232,41.7683],[-81.2627,41.7581],[-81.2863,41.7597],[-81.3885,41.7073],[-81.4422,41.6731],[-81.4862,41.6328],[-81.5297,41.6139],[-81.5997,41.5606],[-81.6273,41.5441],[-81.6889,41.5182],[-81.7092,41.5012],[-81.7448,41.4872],[-81.782,41.4957],[-81.8123,41.4953],[-81.8636,41.4827],[-81.9445,41.4924],[-81.9952,41.5145],[-82.0124,41.5155],[-82.1778,41.4715],[-82.2547,41.4343],[-82.2916,41.4284],[-82.3481,41.4283]]]},"properties":{"GEOID":"17460","NAME":"Cleveland-Elyria, OH","LSAD":"M1"}},
{"type":"Feature","geometry":{"type":"Polygon","coordinates":[[[-85.873,35.2234],[-85.8633,35.2203],[-85.8639,34.9884],[-85.6052,34.9847],[-85.5831,34.8604],[-85.5614,34.7501],[-85.5273,34.5887],[-85.3714,34.5893],[-85.1077,34.5875],[-85.0692,34.5872],[-85.0604,34.6225],[-85.0504,34.6225],[-85.0508,34.72],[-85.1684,34.7202],[-85.1448,34.7676],[-85.1317,34.8197],[-85.0616,34.8195],[-85.0616,34.8636],[-85.0233,34.8711],[-85.0234,34.9008],[-84.9978,34.9406],[-84.9974,34.9724],[-84.977,34.9877],[-84.9611,35.0152],[-84.994,35.035],[-85.0103,35.1008],[-85.0236,35.1251],[-85.0124,35.1523],[-85.0087,35.1837],[-84.9808,35.2198],[-84.9463,35.2877],[-84.9641,35.3103],[-84.9752,35.3579],[-85.0005,35.3804],[-85.0304,35.3791],[-85.0167,35.4091],[-85.0669,35.4365],[-85.1011,35.4294],[-85.1096,35.4555],[-85.1311,35.458],[-85.1488,35.4456],[-85.1683,35.4556],[-85.2259,35.3543],[-85.3143,35.4172],[-85.4033,35.4923],[-85.4073,35.5181],[-85.4362,35.542],[-85.4958,35.5476],[-85.5575,35.533],[-85.6073,35.5317],[-85.5402,35.4907],[-85.5358,35.4315],[-85.5129,35.4076],[-85.491,35.3991],[-85.5065,35.3575],[-85.5423,35.3415],[-85.5586,35.3193],[-85.633,35.3037],[-85.6556,35.3055],[-85.6931,35.2884],[-85.7094,35.2893],[-85.6936,35.2393],[-85.7401,35.2153],[-85.7735,35.2187],[-85.8224,35.2422],[-85.8463,35.2408],[-85.873,35.2234]]]},"properties":{"GEOID":"16860","NAME":"Chattanooga, TN-GA","LSAD":"M1"}},
{"type":"Feature","geometry":{"type":"Polygon","coordinates":[[[-93.7052,30.2439],[-93.719,30.2087],[-93.6963,30.1516],[-93.7024,30.1127],[-93.7238,30.0941],[-93.7164,30.0691],[-93.7397,30.024],[-93.7716,29.9959],[-93.7869,29.9906],[-93.8078,29.9545],[-93.8166,29.9207],[-93.8304,29.8944],[-93.8551,29.8641],[-93.9007,29.837],[-93.9227,29.8188],[-93.9288,29.7971],[-93.8985,29.7716],[-93.8888,29.7422],[-93.87,29.7355],[-93.838,29.6906],[-93.8143,29.7083],[-93.7397,29.7358],[-93.682,29.7464],[-93.5103,29.7674],[-93.4716,29.7693],[-93.3464,29.7626],[-93.2834,29.7753],[-93.2506,29.7779],[-93.1769,29.7705],[-93.0649,29.7456],[-92.966,29.7163],[-92.7413,29.6221],[-92.6517,29.5938],[-92.6161,29.5858],[-92.6146,29.9187],[-92.616,30.0383],[-92.7372,30.0375],[-92.7573,30.0394],[-92.9966,30.0385],[-92.9965,30.0826],[-92.8875,30.0827],[-92.9057,30.1299],[-92.8894,30.141],[-92.8936,30.1565],[-92.9963,30.157],[-92.9971,30.2607],[-93.0307,30.2606],[-93.031,30.3794],[-93.1311,30.38],[-93.1312,30.4031],[-93.3852,30.4027],[-93.3845,30.4902],[-93.4863,30.4905],[-93.4862,30.4025],[-93.7417,30.403],[-93.7568,30.3912],[-93.763,30.3441],[-93.7439,30.304],[-93.7046,30.2899],[-93.7052,30.2439]]]},"properties":{"GEOID":"29340","NAME":"Lake Charles, LA","LSAD":"M1"}},
{"type":"Feature","geometry":{"type":"Polygon","coordinates":[[[-90.5672,30.9997],[-90.5672,30.8248],[-90.5658,30.6639],[-90.5669,30.4871],[-90.55,30.4677],[-90.5469,30.4316],[-90.5146,30.4063],[-90.4901,30.3575],[-90.4746,30.3424],[-90.4854,30.3215],[-90.4858,30.277],[-90.3737,30.2834],[-90.3503,30.2968],[-90.3009,30.2947],[-90.1606,30.2343],[-90.1921,30.3108],[-90.2436,30.3616],[-90.2448,30.5802],[-90.2513,30.6233],[-90.2437,30.6469],[-90.2532,30.6672],[-90.2557,30.7124],[-90.2547,30.7372],[-90.267,30.7518],[-90.2902,30.8221],[-90.3153,30.8712],[-90.317,30.8912],[-90.3468,30.9056],[-90.3473,31.0004],[-90.5476,30.9997],[-90.5672,30.9997]]]},"properties":{"GEOID":"25220","NAME":"Hammond, LA","LSAD":"M1"}},
{"type":"Feature","geometry":{"type":"Polygon","coordinates":[[[-85.3865,33.9017],[-85.3574,33.7501],[-85.3044,33.4829],[-85.2365,33.1296],[-85.088,33.1717],[-84.939,33.2247],[-84.8621,33.2239],[-84.8645,32.9608],[-84.8618,32.8725],[-84.8476,32.8684],[-84.7679,32.8677],[-84.7005,32.8446],[-84.5707,32.8452],[-84.5069,32.8818],[-84.5116,32.9123],[-84.528,32.9279],[-84.5188,32.9483],[-84.5242,32.9687],[-84.5055,32.9729],[-84.4897,32.9937],[-84.2987,32.9915],[-84.2987,32.9997],[-84.2891,32.9913],[-84.1224,32.9896],[-84.1233,32.9322],[-84.0542,32.9315],[-84.0441,32.9479],[-84.0409,33.1673],[-84.0415,33.2026],[-83.877,33.2024],[-83.846,33.1972],[-83.8246,33.1756],[-83.816,33.1318],[-83.5459,33.1719],[-83.5378,33.3938],[-83.5337,33.4345],[-83.3908,33.4634],[-83.2799,33.4834],[-83.2839,33.5062],[-83.2746,33.5416],[-83.2866,33.5427],[-83.3469,33.6005],[-83.3703,33.6557],[-83.4062,33.6983],[-83.4455,33.7232],[-83.4581,33.7684],[-83.4813,33.8016],[-83.501,33.8166],[-83.5328,33.8256],[-83.5746,33.849],[-83.5873,33.8676],[-83.5823,33.8818],[-83.6303,33.8866],[-83.6389,33.9083],[-83.5374,33.9659],[-83.5632,34.0317],[-83.5844,34.041],[-83.6565,34.0528],[-83.7208,34.0555],[-83.7514,34.0642],[-83.7905,34.0866],[-83.7922,34.1003],[-83.8177,34.1275],[-83.8677,34.0985],[-84.0628,34.1679],[-84.0413,34.1936],[-83.9899,34.1951],[-83.9712,34.2286],[-83.9498,34.2398],[-83.9541,34.2675],[-83.9273,34.2794],[-83.9669,34.3396],[-83.9843,34.383],[-83.9718,34.4051],[-83.9806,34.4184],[-84.102,34.4645],[-84.191,34.5392],[-84.1893,34.6089],[-84.2242,34.597],[-84.2547,34.5975],[-84.2551,34.5683],[-84.2879,34.5688],[-84.3264,34.5836],[-84.3456,34.5627],[-84.3714,34.5485],[-84.5028,34.5505],[-84.6544,34.5489],[-84.6532,34.4126],[-84.7339,34.413],[-84.7341,34.3965],[-84.8963,34.3963],[-84.9472,34.3989],[-84.9539,34.3842],[-84.9888,34.3846],[-85.0058,34.3924],[-85.0052,34.3471],[-85.0231,34.3471],[-85.0238,34.2134],[-85.0447,34.2136],[-85.0469,34.0964],[-85.047,34.0829],[-84.9391,34.0826],[-84.9287,34.0717],[-84.9787,33.9514],[-85.0498,33.9526],[-85.0503,33.9045],[-85.2128,33.9063],[-85.2128,33.8992],[-85.3865,33.9017]]]},"properties":{"GEOID":"12060","NAME":"Atlanta-Sandy Springs-Alpharetta, GA","LSAD":"M1"}},
{"type":"Feature","geometry":{"type":"Polygon","coordinates":[[[-112.1559,44.0578],[-112.6947,44.0585],[-112.6952,43.9719],[-112.9943,43.9724],[-112.9951,44.2341],[-113.4165,44.2334],[-113.4163,44.0593],[-113.4578,44.0595],[-113.4547,43.9909],[-113.4461,43.9835],[-113.4456,43.9146],[-113.454,43.8739],[-113.4106,43.8602],[-113.3911,43.8397],[-113.3779,43.8097],[-113.4137,43.817],[-113.4431,43.8082],[-113.448,43.7753],[-113.4859,43.7413],[-113.5144,43.7341],[-113.5281,43.7189],[-113.5984,43.6954],[-113.6358,43.6751],[-113.6804,43.6598],[-113.7078,43.637],[-113.7612,43.6212],[-113.7846,43.5802],[-113.7984,43.5692],[-113.7771,43.5669],[-113.7277,43.5901],[-113.7012,43.5846],[-113.6853,43.5323],[-113.6536,43.4937],[-113.6343,43.4975],[-113.6352,43.3675],[-113.3619,43.3672],[-113.362,43.2847],[-113.0073,43.2848],[-112.947,43.2848],[-112.947,43.3673],[-112.9369,43.3673],[-112.9368,43.4494],[-112.8167,43.4492],[-112.8163,43.5359],[-112.6989,43.5401],[-112.6991,43.6231],[-112.6392,43.6266],[-112.5199,43.6266],[-112.52,43.4252],[-112.1033,43.4251],[-112.1034,43.4103],[-112.0437,43.4101],[-112.0438,43.3667],[-111.8225,43.366],[-111.8225,43.2823],[-111.588,43.2818],[-111.5897,43.1946],[-111.5895,43.0201],[-111.3532,43.0211],[-111.2354,43.0195],[-111.0441,43.0194],[-111.0446,43.3157],[-111.0452,43.5011],[-111.0678,43.5261],[-111.0859,43.5214],[-111.1258,43.5318],[-111.1419,43.5462],[-111.1988,43.5397],[-111.2147,43.5561],[-111.2261,43.6064],[-111.2438,43.6219],[-111.3998,43.622],[-111.566,43.622],[-111.626,43.6268],[-111.6259,43.6552],[-111.714,43.655],[-111.7781,43.676],[-111.8038,43.702],[-111.8573,43.7182],[-111.8732,43.737],[-111.9344,43.7662],[-111.946,43.7516],[-111.9835,43.7538],[-111.9775,43.7972],[-111.977,43.9709],[-112.1564,43.9712],[-112.1559,44.0578]]]},"properties":{"GEOID":"26820","NAME":"Idaho Falls, ID","LSAD":"M1"}},
{"type":"Feature","geometry":{"type":"Polygon","coordinates":[[[-82.6746,28.6941],[-82.6551,28.6749],[-82.6777,28.6548],[-82.671,28.6287],[-82.6539,28.6135],[-82.6528,28.5378],[-82.668,28.5282],[-82.6699,28.4331],[-82.6945,28.4152],[-82.7069,28.3862],[-82.7013,28.3748],[-82.7315,28.325],[-82.756,28.2281],[-82.7701,28.2077],[-82.7978,28.1878],[-82.7978,28.1723],[-82.7783,28.1216],[-82.793,28.0065],[-82.8049,27.966],[-82.8282,28.0201],[-82.8315,27.9645],[-82.8429,27.9339],[-82.8522,27.886],[-82.8465,27.8543],[-82.8286,27.8223],[-82.7905,27.791],[-82.7466,27.7302],[-82.738,27.7068],[-82.7453,27.6538],[-82.737,27.6126],[-82.705,27.6253],[-82.7237,27.6624],[-82.7115,27.7054],[-82.6891,27.6995],[-82.6716,27.7059],[-82.6398,27.7039],[-82.6257,27.727],[-82.6305,27.7539],[-82.6224,27.7892],[-82.6071,27.7929],[-82.5876,27.819],[-82.5984,27.8576],[-82.6384,27.9046],[-82.6843,27.9158],[-82.7206,27.9362],[-82.7218,27.9546],[-82.6961,27.9633],[-82.6927,27.9838],[-82.6756,28.0054],[-82.677,28.0329],[-82.6024,27.9823],[-82.5539,27.967],[-82.5334,27.9385],[-82.5316,27.8717],[-82.5529,27.8627],[-82.5367,27.8408],[-82.5112,27.828],[-82.4724,27.8226],[-82.4688,27.8433],[-82.4885,27.8632],[-82.4807,27.8893],[-82.4904,27.9198],[-82.4603,27.937],[-82.4618,27.9097],[-82.4329,27.8988],[-82.4153,27.9004],[-82.4026,27.8826],[-82.3919,27.8239],[-82.4105,27.8107],[-82.4426,27.7575],[-82.4783,27.7463],[-82.4767,27.7237],[-82.5143,27.7056],[-82.5541,27.6458],[-82.0543,27.6464],[-82.054,27.8546],[-82.0566,28.1088],[-82.0563,28.1716],[-82.1059,28.1717],[-82.1062,28.2592],[-82.0555,28.2589],[-82.0558,28.3128],[-82.0545,28.5214],[-82.0678,28.5314],[-82.0919,28.5233],[-82.1094,28.5438],[-82.1307,28.5464],[-82.138,28.5655],[-82.1652,28.5641],[-82.1965,28.5757],[-82.2217,28.5934],[-82.2607,28.6367],[-82.274,28.6607],[-82.2631,28.6676],[-82.4178,28.6659],[-82.4184,28.6949],[-82.6746,28.6941]]]},"properties":{"GEOID":"45300","NAME":"Tampa-St. Petersburg-Clearwater, FL","LSAD":"M1"}},
{"type":"Feature","geometry":{"type":"Polygon","coordinates":[[[-81.6809,29.3244],[-81.6557,29.2999],[-81.6419,29.2768],[-81.634,29.2448],[-81.6193,29.2286],[-81.6147,29.2065],[-81.5931,29.199],[-81.5609,29.2002],[-81.5326,29.1776],[-81.5045,29.1237],[-81.5021,29.0978],[-81.4592,29.0942],[-81.4605,29.0783],[-81.4322,29.0444],[-81.4029,29.0325],[-81.373,28.9931],[-81.3547,28.9848],[-81.3681,28.9554],[-81.353,28.9462],[-81.3541,28.8985],[-81.3607,28.8725],[-81.3415,28.8471],[-81.3206,28.8346],[-81.2257,28.8325],[-81.2137,28.8042],[-81.1776,28.7859],[-81.1379,28.7913],[-81.1057,28.8285],[-81.0674,28.813],[-81.0531,28.7736],[-81.0611,28.75],[-81.0372,28.7254],[-81.0166,28.693],[-81.011,28.6681],[-80.9872,28.613],[-80.9647,28.6134],[-80.9679,28.7902],[-80.7329,28.7912],[-80.787,28.8753],[-80.878,29.0116],[-80.9096,29.0709],[-80.9444,29.1109],[-80.9662,29.148],[-81.0467,29.3079],[-81.1239,29.4745],[-81.1636,29.5553],[-81.2129,29.6707],[-81.2473,29.6591],[-81.2626,29.6662],[-81.2821,29.6504],[-81.2977,29.6511],[-81.3241,29.6256],[-81.5237,29.6224],[-81.5205,29.4965],[-81.4872,29.4472],[-81.4763,29.3962],[-81.4509,29.3785],[-81.5489,29.3545],[-81.6809,29.3244]]]},"properties":{"GEOID":"19660","NAME":"Deltona-Daytona Beach-Ormond Beach, FL","LSAD":"M1"}},
{"type":"Feature","geometry":{"type":"Polygon","coordinates":[[[-84.7406,38.3524],[-84.7303,38.2083],[-84.7252,38.1954],[-84.8648,38.1414],[-84.8651,38.0964],[-84.8422,38.1],[-84.8274,38.0829],[-84.8269,38.0605],[-84.8491,38.0436],[-84.8312,38.0305],[-84.8367,38.0074],[-84.8182,38.0008],[-84.8181,37.9734],[-84.7963,37.9701],[-84.8198,37.9509],[-84.7969,37.9367],[-84.8012,37.9006],[-84.7659,37.889],[-84.7591,37.8743],[-84.7652,37.8478],[-84.7207,37.8622],[-84.6759,37.8262],[-84.6798,37.8027],[-84.6657,37.7831],[-84.6119,37.7667],[-84.5852,37.7506],[-84.5554,37.7492],[-84.5256,37.7695],[-84.4763,37.802],[-84.462,37.8034],[-84.4851,37.8406],[-84.4549,37.8403],[-84.4107,37.8713],[-84.393,37.8475],[-84.3666,37.8566],[-84.3839,37.8956],[-84.3753,37.9016],[-84.3411,37.882],[-84.331,37.8963],[-84.2724,37.9175],[-84.2614,37.8949],[-84.2227,37.8731],[-84.1868,37.8792],[-84.168,37.863],[-84.1282,37.8672],[-84.1159,37.8527],[-84.0885,37.8607],[-84.0774,37.8513],[-84.076,37.8242],[-84.002,37.8376],[-84.0059,37.8641],[-83.9901,37.8998],[-83.9918,37.9178],[-83.9663,37.9308],[-83.9997,37.9885],[-84.0805,38.1151],[-83.9902,38.1751],[-83.9779,38.1921],[-83.9767,38.2199],[-84.0275,38.218],[-84.0531,38.2395],[-84.0571,38.2562],[-84.0953,38.259],[-84.1154,38.2791],[-84.1663,38.3549],[-84.194,38.3718],[-84.2818,38.3125],[-84.3054,38.3065],[-84.3449,38.285],[-84.3727,38.2793],[-84.419,38.2873],[-84.4563,38.3368],[-84.4598,38.3788],[-84.4854,38.4101],[-84.5226,38.4282],[-84.5262,38.4498],[-84.5471,38.4681],[-84.5574,38.4929],[-84.5805,38.473],[-84.6236,38.4312],[-84.6495,38.4166],[-84.7061,38.3701],[-84.7406,38.3524]]]},"properties":{"GEOID":"30460","NAME":"Lexington-Fayette, KY","LSAD":"M1"}},
{"type":"Feature","geometry":{"type":"Polygon","coordinates":[[[-90.1538,39.5203],[-90.1481,39.2619],[-90.2027,39.2582],[-90.2018,39.2255],[-90.3139,39.2251],[-90.3133,39.1743],[-90.4876,39.175],[-90.5075,39.1852],[-90.5601,39.1874],[-90.5854,39.1616],[-90.5828,39.1443],[-90.6145,39.1423],[-90.612,39.1673],[-90.5912,39.1986],[-90.598,39.2433],[-90.6098,39.2598],[-90.6024,39.2927],[-90.6113,39.3115],[-90.6223,39.3651],[-90.6138,39.3954],[-90.7628,39.3991],[-90.9368,39.3995],[-90.921,39.3837],[-90.8401,39.3404],[-90.7935,39.3095],[-90.7516,39.2654],[-90.727,39.2512],[-90.7218,39.2241],[-91.0001,39.2245],[-91.1829,39.2272],[-91.1855,39.1391],[-91.2602,39.1398],[-91.265,38.9636],[-91.2649,38.8438],[-91.4158,38.8453],[-91.4186,38.7098],[-91.3692,38.6993],[-91.3685,38.5094],[-91.3654,38.3315],[-91.3675,38.204],[-91.0088,38.2041],[-90.9702,38.2055],[-90.7802,38.2041],[-90.6814,38.1027],[-90.6777,38.0869],[-90.64,38.0765],[-90.6122,38.0701],[-90.6215,38.0404],[-90.6128,38.0159],[-90.5833,38.0035],[-90.416,38.0423],[-90.3294,38.0944],[-90.2953,38.0881],[-90.2524,38.1184],[-90.2053,38.0867],[-90.036,38.1357],[-90.0363,38.2232],[-89.8157,38.2199],[-89.7033,38.2194],[-89.7042,38.4158],[-89.6783,38.4271],[-89.664,38.4454],[-89.6277,38.4507],[-89.6155,38.4718],[-89.5712,38.4826],[-89.5286,38.4811],[-89.4781,38.4714],[-89.4262,38.4964],[-89.4122,38.4883],[-89.3268,38.5135],[-89.2745,38.505],[-89.2549,38.5086],[-89.1439,38.5031],[-89.1384,38.7363],[-89.2542,38.742],[-89.2574,38.9992],[-89.2503,39.0282],[-89.5863,39.0283],[-89.5861,38.9995],[-89.6986,38.999],[-89.6999,39.1478],[-89.7037,39.348],[-89.6993,39.348],[-89.7017,39.5233],[-89.926,39.5221],[-90.1538,39.5203]]]},"properties":{"GEOID":"41180","NAME":"St. Louis, MO-IL","LSAD":"M1"}},
{"type":"Feature","geometry":{"type":"Polygon","coordinates":[[[-96.8305,31.1052],[-96.8093,31.0803],[-96.8113,31.0583],[-96.7869,31.061],[-96.7715,31.0028],[-96.7451,30.9948],[-96.771,30.9722],[-96.7554,30.9436],[-96.7563,30.9272],[-96.7332,30.9017],[-96.6849,30.906],[-96.6955,30.866],[-96.6702,30.8339],[-96.6413,30.8181],[-96.6366,30.7968],[-96.6134,30.7602],[-96.633,30.7415],[-96.6214,30.7308],[-96.9636,30.5572],[-96.9189,30.5392],[-96.8958,30.4873],[-96.8998,30.4603],[-96.8824,30.4618],[-96.8705,30.4354],[-96.8462,30.4314],[-96.7699,30.3647],[-96.7544,30.3292],[-96.7405,30.3187],[-96.6869,30.3171],[-96.6637,30.2955],[-96.6409,30.2968],[-96.5735,30.3107],[-96.5624,30.3225],[-96.496,30.3244],[-96.4566,30.3406],[-96.4227,30.3434],[-96.4185,30.3528],[-96.3774,30.3558],[-96.359,30.3726],[-96.3405,30.3679],[-96.3128,30.3843],[-96.2858,30.3647],[-96.2351,30.3697],[-96.1787,30.3947],[-96.1586,30.3785],[-96.1546,30.3303],[-96.1435,30.3373],[-96.1454,30.3848],[-96.1197,30.3875],[-96.1064,30.4184],[-96.0815,30.4312],[-96.1047,30.444],[-96.1205,30.4419],[-96.1399,30.4725],[-96.1325,30.4919],[-96.1447,30.5031],[-96.1483,30.5281],[-96.1615,30.5418],[-96.1618,30.5702],[-96.1848,30.5883],[-96.1802,30.6217],[-96.1663,30.6444],[-96.1704,30.6895],[-96.1777,30.7059],[-96.1621,30.7278],[-96.1701,30.7489],[-96.1626,30.7695],[-96.1836,30.7951],[-96.1713,30.8292],[-96.1785,30.8592],[-96.2132,30.9113],[-96.2017,30.9377],[-96.2276,30.9519],[-96.2426,30.9775],[-96.2383,30.9977],[-96.2608,31.0084],[-96.2466,31.0516],[-96.2582,31.0761],[-96.2807,31.0956],[-96.2826,31.1224],[-96.2992,31.148],[-96.2994,31.1842],[-96.31,31.2007],[-96.3201,31.2414],[-96.3148,31.2658],[-96.328,31.2865],[-96.3172,31.3233],[-96.3192,31.3571],[-96.5969,31.2209],[-96.7325,31.1525],[-96.8305,31.1052]]]},"properties":{"GEOID":"17780","NAME":"College Station-Bryan, TX","LSAD":"M1"}},
{"type":"Feature","geometry":{"type":"MultiPolygon","coordinates":[[[[-75.756,39.2461],[-75.7968,39.2413],[-75.8647,39.2615],[-75.8857,39.2492],[-75.9407,39.2385],[-75.9704,39.2464],[-76.0103,39.2395],[-76.0566,39.2103],[-76.0688,39.1923],[-76.0426,39.166],[-76.0814,39.1486],[-76.0928,39.1277],[-76.1753,39.0588],[-76.1783,39.0317],[-76.164,38.9995],[-76.2024,38.9731],[-76.2386,38.9735],[-76.2775,38.9825],[-76.2975,39.0193],[-76.3203,39.023],[-76.3245,38.9957],[-76.3617,38.9392],[-76.3635,38.85],[-76.331,38.8643],[-76.3402,38.9118],[-76.3028,38.922],[-76.2731,38.9419],[-76.2086,38.944],[-76.2017,38.8481],[-76.1931,38.8628],[-76.1637,38.8795],[-76.1035,38.8823],[-76.1155,38.9137],[-76.097,38.9443],[-75.9493,38.9183],[-75.9297,38.9907],[-75.8908,39.0183],[-75.8697,39.0573],[-75.849,39.0714],[-75.8349,39.1083],[-75.7911,39.1328],[-75.7477,39.1433],[-75.756,39.2461]]],[[[-77.217,39.72],[-77.243,39.695],[-77.2345,39.6776],[-77.2622,39.6652],[-77.2713,39.642],[-77.2915,39.6306],[-77.2998,39.6123],[-77.2508,39.6016],[-77.23,39.5834],[-77.2004,39.5787],[-77.1751,39.5599],[-77.1687,39.5337],[-77.1523,39.5325],[-77.1068,39.4917],[-77.116,39.4603],[-77.1472,39.419],[-77.1582,39.3735],[-77.1868,39.3382],[-77.1646,39.3075],[-77.1401,39.2921],[-77.131,39.2691],[-77.0821,39.26],[-77.0448,39.2377],[-77.0094,39.2067],[-77.0015,39.1705],[-76.9731,39.1618],[-76.9486,39.1296],[-76.8844,39.127],[-76.869,39.1122],[-76.8416,39.1059],[-76.8271,39.0898],[-76.8315,39.0692],[-76.8039,39.0624],[-76.7926,39.0462],[-76.7476,39.0334],[-76.7445,39.0171],[-76.6983,38.9836],[-76.6905,38.9248],[-76.6695,38.9044],[-76.6766,38.876],[-76.6919,38.8592],[-76.6964,38.8227],[-76.7123,38.8129],[-76.7144,38.7808],[-76.6993,38.7534],[-76.6733,38.7554],[-76.6467,38.7689],[-76.6231,38.7673],[-76.6229,38.7267],[-76.6159,38.7208],[-76.5356,38.7215],[-76.5283,38.7127],[-76.5299,38.7284],[-76.5445,38.7277],[-76.5575,38.7447],[-76.5599,38.7674],[-76.5394,38.7747],[-76.5247,38.795],[-76.4979,38.8148],[-76.4899,38.8387],[-76.5149,38.8522],[-76.4907,38.8848],[-76.4945,38.9093],[-76.4695,38.9115],[-76.4503,38.9411],[-76.4713,38.9565],[-76.4762,38.9815],[-76.4505,38.9776],[-76.4466,38.9949],[-76.3945,39.0127],[-76.4051,39.0332],[-76.4389,39.0528],[-76.4219,39.077],[-76.4331,39.1112],[-76.431,39.1321],[-76.4715,39.1547],[-76.5258,39.1779],[-76.5324,39.21],[-76.5645,39.2246],[-76.5527,39.2575],[-76.5332,39.2393],[-76.4974,39.2269],[-76.4957,39.2019],[-76.4365,39.2022],[-76.4177,39.2198],[-76.4157,39.2478],[-76.3954,39.2668],[-76.3933,39.2863],[-76.3557,39.3159],[-76.3342,39.3397],[-76.3571,39.3941],[-76.3114,39.3885],[-76.3025,39.3773],[-76.3094,39.3542],[-76.2896,39.3172],[-76.2571,39.3379],[-76.2777,39.3715],[-76.2474,39.435],[-76.2246,39.4257],[-76.2427,39.4075],[-76.2534,39.3787],[-76.2338,39.352],[-76.1969,39.3678],[-76.1588,39.4063],[-76.1464,39.4053],[-76.0893,39.4451],[-76.06,39.4499],[-76.072,39.475],[-76.0983,39.4761],[-76.1231,39.4889],[-76.0961,39.5369],[-76.0762,39.5436],[-76.1357,39.6131],[-76.1618,39.6496],[-76.2127,39.6864],[-76.2333,39.7213],[-76.2398,39.7213],[-76.7156,39.7211],[-76.9993,39.7198],[-77.217,39.72]]]]},"properties":{"GEOID":"12580","NAME":"Baltimore-Columbia-Towson, MD","LSAD":"M1"}},
{"type":"Feature","geometry":{"type":"Polygon","coordinates":[[[-116.4521,44.1515],[-116.4526,44.0654],[-116.5321,44.066],[-116.5322,44.0088],[-116.5721,44.0092],[-116.5722,43.9805],[-116.7125,43.9813],[-116.7127,43.8072],[-116.7932,43.7927],[-116.8532,43.7927],[-116.8531,43.8074],[-116.8938,43.8077],[-116.914,43.8362],[-116.9545,43.8365],[-116.9544,43.8802],[-116.9842,43.8668],[-117.0329,43.83],[-117.0266,43.8081],[-117.0267,43.4958],[-117.0267,43.2862],[-117.0267,43.0249],[-117.0267,42.6249],[-117.0266,42.3786],[-117.0262,41.9999],[-117.0182,41.9993],[-116.6268,41.9978],[-116.3685,41.9963],[-116.3328,41.9973],[-115.9416,41.9965],[-115.6259,41.9974],[-115.3139,41.9961],[-115.0382,41.996],[-115.0377,42.3013],[-115.0375,42.5791],[-115.0377,42.7684],[-115.4542,42.7679],[-115.4542,42.8511],[-115.4414,42.8511],[-115.4415,42.9311],[-115.4949,42.9264],[-115.5304,42.9427],[-115.5606,42.9347],[-115.6044,42.9377],[-115.6229,42.9557],[-115.6945,42.9394],[-115.7715,42.9387],[-115.7968,42.9516],[-115.7945,42.973],[-115.8647,42.9748],[-115.8792,42.9891],[-115.9067,42.9823],[-115.926,43.0013],[-115.9617,42.9889],[-115.9778,42.9473],[-116.0128,42.9502],[-116.0501,42.9853],[-116.0907,42.9879],[-116.1155,43.0108],[-116.1458,43.0134],[-116.1416,43.0341],[-116.2017,43.0489],[-116.206,43.0932],[-116.2374,43.0945],[-116.2662,43.1123],[-115.9787,43.1134],[-115.9786,43.2004],[-115.9749,43.2858],[-115.9757,43.5914],[-115.9351,43.6082],[-115.9299,43.5956],[-115.8972,43.5988],[-115.8759,43.5913],[-115.8472,43.608],[-115.8293,43.6056],[-115.782,43.6484],[-115.7445,43.6465],[-115.7112,43.6618],[-115.6538,43.7015],[-115.628,43.7337],[-115.6155,43.7807],[-115.5789,43.7972],[-115.5475,43.7927],[-115.5297,43.8165],[-115.5371,43.8541],[-115.5004,43.8899],[-115.471,43.894],[-115.3735,43.9244],[-115.3558,43.9194],[-115.286,43.9364],[-115.2519,43.9957],[-115.2342,44.0068],[-115.1819,44.0905],[-115.1644,44.0759],[-115.1491,44.0412],[-115.1478,44.0028],[-115.1362,43.9839],[-115.0926,43.9606],[-115.0745,43.944],[-115.0313,43.954],[-114.9908,43.9497],[-114.9673,43.9821],[-114.9822,44.0007],[-115.0324,44.0195],[-115.0477,44.0507],[-115.0233,44.0783],[-115.0205,44.0984],[-115.0467,44.12],[-115.0171,44.1413],[-115.0242,44.1555],[-115.0658,44.1642],[-115.0824,44.1762],[-115.1092,44.1758],[-115.1305,44.1922],[-115.1677,44.2028],[-115.1748,44.2355],[-115.1688,44.2831],[-115.1979,44.2828],[-115.2131,44.3045],[-115.2403,44.3053],[-115.2877,44.3247],[-115.2946,44.3394],[-115.3309,44.3517],[-115.3492,44.3493],[-115.3535,44.3039],[-115.3862,44.2895],[-115.4014,44.2596],[-115.4165,44.267],[-115.4573,44.243],[-115.5062,44.2433],[-115.5203,44.2354],[-116.0369,44.2355],[-116.1031,44.2364],[-116.1204,44.1697],[-116.1125,44.1478],[-116.2139,44.1514],[-116.2129,44.3244],[-116.1523,44.3245],[-116.1524,44.4988],[-116.1854,44.4947],[-116.2178,44.5086],[-116.2361,44.4647],[-116.257,44.4663],[-116.2983,44.4482],[-116.3196,44.4207],[-116.3217,44.3877],[-116.3358,44.3659],[-116.3312,44.3487],[-116.3474,44.3221],[-116.3417,44.3107],[-116.344,44.2564],[-116.357,44.2072],[-116.3585,44.1512],[-116.4521,44.1515]]]},"properties":{"GEOID":"14260","NAME":"Boise City, ID","LSAD":"M1"}},
{"type":"Feature","geometry":{"type":"Polygon","coordinates":[[[-97.6052,31.5878],[-97.6898,31.711],[-97.8739,31.618],[-98.1253,31.4917],[-98.2711,31.4164],[-98.2668,31.4105],[-98.5627,31.2304],[-98.5696,31.2033],[-98.5439,31.1947],[-98.528,31.1723],[-98.527,31.1404],[-98.5472,31.1292],[-98.5235,31.0889],[-98.5011,31.1169],[-98.4793,31.1181],[-98.456,31.0796],[-98.4839,31.0673],[-98.4758,31.0534],[-98.4397,31.0296],[-98.1389,31.0323],[-97.9117,31.035],[-97.8866,31.0017],[-97.8404,30.9293],[-97.8281,30.9044],[-97.6241,30.87],[-97.3155,30.7524],[-97.259,30.8896],[-97.0701,30.986],[-97.2781,31.2798],[-97.3434,31.2442],[-97.4186,31.3202],[-97.6052,31.5878]]]},"properties":{"GEOID":"28660","NAME":"Killeen-Temple, TX","LSAD":"M1"}},
{"type":"Feature","geometry":{"type":"Polygon","coordinates":[[[-99.6028,29.9077],[-99.6031,29.6272],[-99.4118,29.6275],[-99.4123,29.3449],[-99.4139,29.0913],[-99.1253,29.0906],[-98.8049,29.0904],[-98.8046,29.0014],[-98.8008,28.6475],[-98.6323,28.6484],[-98.335,28.6483],[-98.335,28.6127],[-98.0983,28.7869],[-98.1684,28.8615],[-98.191,28.8823],[-98.0749,28.9673],[-97.7284,29.2217],[-97.8588,29.3529],[-97.7539,29.4886],[-97.6332,29.6499],[-97.6735,29.6632],[-97.7039,29.6813],[-97.7357,29.6912],[-97.7383,29.7127],[-97.7565,29.7178],[-97.7688,29.7417],[-97.8424,29.7992],[-97.8376,29.8285],[-97.8637,29.8563],[-97.8753,29.8582],[-97.9436,29.8069],[-97.9993,29.7524],[-98.0305,29.8485],[-98.2976,30.038],[-98.414,29.9376],[-98.5879,30.139],[-98.772,30.138],[-98.9201,30.1383],[-98.9206,29.9891],[-98.9177,29.7814],[-99.1072,29.8658],[-99.177,29.8951],[-99.2786,29.9042],[-99.6028,29.9077]]]},"properties":{"GEOID":"41700","NAME":"San Antonio-New Braunfels, TX","LSAD":"M1"}},
{"type":"Feature","geometry":{"type":"Polygon","coordinates":[[[-93.957,33.7509],[-94.0418,33.7533],[-94.0409,33.782],[-94.0864,33.7832],[-94.1049,33.7901],[-94.1588,33.7832],[-94.1859,33.8118],[-94.2293,33.8079],[-94.2999,33.8214],[-94.3017,33.8508],[-94.3412,33.8823],[-94.3894,33.8954],[-94.3844,33.9406],[-94.4187,33.9443],[-94.414,33.9261],[-94.4773,33.9409],[-94.4859,33.6379],[-94.5046,33.6207],[-94.5514,33.6285],[-94.5496,33.6607],[-94.5706,33.6522],[-94.5803,33.6788],[-94.603,33.6631],[-94.6176,33.6812],[-94.638,33.6646],[-94.6489,33.684],[-94.6718,33.6933],[-94.6848,33.6844],[-94.7359,33.6916],[-94.7461,33.7028],[-94.7469,33.3289],[-94.7259,33.3071],[-94.6938,33.3113],[-94.6872,33.2935],[-94.6548,33.2763],[-94.6491,33.2587],[-94.6178,33.2468],[-94.5905,33.2594],[-94.579,33.2478],[-94.5511,33.2657],[-94.53,33.2674],[-94.5179,33.2821],[-94.4684,33.2943],[-94.433,33.2875],[-94.3794,33.2557],[-94.3609,33.2649],[-94.3433,33.2527],[-94.279,33.2498],[-94.2313,33.2411],[-94.2333,33.2762],[-94.2137,33.2961],[-94.1925,33.2977],[-94.1663,33.3112],[-94.1393,33.2938],[-94.0616,33.2999],[-94.043,33.2712],[-94.043,33.0192],[-93.8071,33.0194],[-93.8274,33.0327],[-93.8392,33.0556],[-93.8373,33.0777],[-93.8629,33.0943],[-93.8329,33.1485],[-93.7603,33.1661],[-93.7246,33.2224],[-93.7096,33.2593],[-93.6894,33.278],[-93.6867,33.3044],[-93.6691,33.3343],[-93.7053,33.3392],[-93.6985,33.3697],[-93.7025,33.3914],[-93.7464,33.441],[-93.72,33.482],[-93.7549,33.5043],[-93.7727,33.4989],[-93.7803,33.5209],[-93.7961,33.5324],[-93.8063,33.5681],[-93.8274,33.5761],[-93.8126,33.6035],[-93.8653,33.6314],[-93.891,33.6376],[-93.9308,33.6632],[-93.9455,33.6586],[-93.9677,33.6758],[-93.9513,33.7069],[-93.9677,33.7363],[-93.957,33.7509]]]},"properties":{"GEOID":"45500","NAME":"Texarkana, TX-AR","LSAD":"M1"}},
{"type":"Feature","geometry":{"type":"Polygon","coordinates":[[[-98.0561,33.0033],[-98.0595,32.8426],[-98.0668,32.5588],[-97.9193,32.5571],[-97.6171,32.5555],[-97.6156,32.3186],[-97.6151,32.2036],[-97.5976,32.2037],[-97.5704,32.1786],[-97.5552,32.1494],[-97.5099,32.1359],[-97.512,32.1612],[-97.476,32.1817],[-97.1608,32.2504],[-97.0861,32.2655],[-96.9407,32.0521],[-96.8962,32.074],[-96.6253,32.2066],[-96.3829,32.3289],[-96.4291,32.3322],[-96.4524,32.3587],[-96.0759,32.3575],[-96.0755,32.5069],[-96.0766,32.837],[-95.9344,32.8372],[-95.9579,32.846],[-95.9866,32.8731],[-95.9781,32.8862],[-95.9453,32.9799],[-95.8625,32.9796],[-95.8618,33.2193],[-95.8587,33.4095],[-96.2519,33.3576],[-96.3845,33.3411],[-96.3846,33.3978],[-96.6394,33.401],[-96.8412,33.4056],[-96.8411,33.4134],[-96.9439,33.4164],[-97.2334,33.4255],[-97.4871,33.4337],[-97.9182,33.4339],[-97.9189,33.237],[-97.9216,33.0013],[-98.0561,33.0033]]]},"properties":{"GEOID":"19100","NAME":"Dallas-Fort Worth-Arlington, TX","LSAD":"M1"}},
{"type":"Feature","geometry":{"type":"Polygon","coordinates":[[[-91.2187,33.5294],[-91.1854,33.5075],[-91.2085,33.4686],[-91.2317,33.4571],[-91.2352,33.439],[-91.2068,33.4338],[-91.1698,33.452],[-91.177,33.4873],[-91.1616,33.4975],[-91.1322,33.4816],[-91.1189,33.4462],[-91.1391,33.427],[-91.1763,33.417],[-91.1994,33.4183],[-91.209,33.4036],[-91.1663,33.3797],[-91.1419,33.3801],[-91.0995,33.4072],[-91.0943,33.4427],[-91.0707,33.4559],[-91.0582,33.4287],[-91.1204,33.3638],[-91.1422,33.349],[-91.1416,33.2995],[-91.1281,33.2685],[-91.0969,33.2416],[-91.0861,33.2737],[-91.067,33.2872],[-91.0436,33.2746],[-91.0504,33.2512],[-91.086,33.2216],[-91.1003,33.2194],[-91.08,33.1703],[-91.0857,33.1372],[-91.0999,33.1311],[-91.1504,33.1307],[-91.1837,33.1417],[-91.202,33.1231],[-91.2015,33.1096],[-91.1731,33.0887],[-91.1502,33.0821],[-91.1246,33.0641],[-91.1253,33.0389],[-91.1663,33.0114],[-90.9654,33.0105],[-90.9143,33.0077],[-90.9145,33.0974],[-90.8629,33.0951],[-90.6858,33.0971],[-90.6796,33.1146],[-90.6997,33.122],[-90.6881,33.1485],[-90.6803,33.202],[-90.7332,33.233],[-90.7324,33.2592],[-90.7163,33.27],[-90.7638,33.2704],[-90.7645,33.4457],[-90.7635,33.5294],[-90.8842,33.5304],[-91.2187,33.5294]]]},"properties":{"GEOID":"24740","NAME":"Greenville, MS","LSAD":"M2"}},
{"type":"Feature","geometry":{"type":"Polygon","coordinates":[[[-115.0378,42.9119],[-115.0377,42.7684],[-115.0375,42.5791],[-115.0377,42.3013],[-115.0382,41.996],[-114.8759,42.0013],[-114.8064,42.0018],[-114.5983,41.9945],[-114.4676,41.9955],[-114.2818,41.9942],[-114.2813,42.3309],[-114.2854,42.4173],[-114.0692,42.4171],[-114.0671,42.5145],[-114.0003,42.5208],[-113.9861,42.5338],[-113.9318,42.5352],[-113.9317,42.765],[-114.05,42.765],[-114.0498,42.8084],[-114.3457,42.8091],[-114.3653,42.8236],[-114.3654,42.8508],[-114.6174,42.8509],[-114.6165,42.6493],[-114.6518,42.6609],[-114.6808,42.6594],[-114.7457,42.6733],[-114.7777,42.6644],[-114.82,42.6697],[-114.8246,42.704],[-114.8504,42.7137],[-114.8452,42.7396],[-114.8578,42.7553],[-114.9082,42.7704],[-114.9336,42.7669],[-114.9408,42.7914],[-114.9355,42.8149],[-114.9032,42.8437],[-114.9103,42.87],[-114.9363,42.8859],[-114.9603,42.9149],[-115.026,42.9178],[-115.0378,42.9119]]]},"properties":{"GEOID":"46300","NAME":"Twin Falls, ID","LSAD":"M1"}},
{"type":"Feature","geometry":{"type":"Polygon","coordinates":[[[-82.8005,29.9321],[-82.8315,29.9128],[-82.8633,29.9111],[-82.8768,29.8862],[-82.8756,29.8665],[-82.8925,29.8285],[-82.9206,29.8241],[-82.9354,29.8095],[-82.9204,29.7947],[-82.9374,29.7836],[-82.9497,29.7579],[-82.9385,29.7445],[-82.9428,29.7204],[-82.9577,29.6983],[-82.957,29.6389],[-82.972,29.6265],[-82.9722,29.609],[-82.9431,29.5852],[-82.95,29.5561],[-82.9768,29.5406],[-82.9844,29.471],[-83.0128,29.4459],[-83.0161,29.4227],[-83.0359,29.3882],[-83.0647,29.374],[-83.0685,29.344],[-83.1195,29.3172],[-83.1396,29.324],[-83.1581,29.3022],[-83.1256,29.2788],[-83.0972,29.2723],[-83.0773,29.2553],[-83.0861,29.2095],[-83.0677,29.1789],[-83.0682,29.1531],[-83.0565,29.1299],[-83.0209,29.1395],[-82.9986,29.1741],[-82.9453,29.1678],[-82.9226,29.1698],[-82.8764,29.1594],[-82.8342,29.1549],[-82.8139,29.1625],[-82.8047,29.1466],[-82.8018,29.1166],[-82.8154,29.102],[-82.8156,29.073],[-82.7835,29.0693],[-82.7638,29.0545],[-82.7535,29.0265],[-82.7594,28.9924],[-82.7554,29.0019],[-82.712,29.0308],[-82.6898,29.034],[-82.6127,29.0093],[-82.5936,29.03],[-82.5767,29.0282],[-82.5356,29.0449],[-82.5349,29.2147],[-82.4032,29.2156],[-82.4066,29.485],[-82.2151,29.4842],[-82.2137,29.4333],[-82.1936,29.4209],[-82.1252,29.4289],[-82.1011,29.4383],[-82.0704,29.4344],[-82.0556,29.4418],[-82.0559,29.4712],[-82.0561,29.6568],[-82.05,29.7135],[-82.0556,29.7182],[-82.0579,29.7478],[-82.0827,29.7613],[-82.0935,29.7792],[-82.1241,29.8053],[-82.1331,29.8359],[-82.1732,29.837],[-82.1903,29.8481],[-82.2695,29.844],[-82.305,29.8532],[-82.3362,29.8788],[-82.3874,29.8819],[-82.4009,29.89],[-82.413,29.9222],[-82.511,29.9452],[-82.5297,29.9409],[-82.576,29.9131],[-82.5759,29.8949],[-82.5926,29.8875],[-82.5929,29.8619],[-82.6293,29.8494],[-82.6414,29.8274],[-82.6937,29.8342],[-82.7362,29.8601],[-82.7684,29.897],[-82.7711,29.9223],[-82.8005,29.9321]]]},"properties":{"GEOID":"23540","NAME":"Gainesville, FL","LSAD":"M1"}},
{"type":"Feature","geometry":{"type":"Polygon","coordinates":[[[-79.4987,37.5328],[-79.5189,37.5084],[-79.5456,37.4895],[-79.5674,37.4877],[-79.5937,37.4489],[-79.6172,37.458],[-79.6588,37.485],[-79.6901,37.4764],[-79.7116,37.4548],[-79.7562,37.4254],[-79.8142,37.4037],[-79.7922,37.3808],[-79.7887,37.3494],[-79.8442,37.3177],[-79.8478,37.2785],[-79.8584,37.2672],[-79.833,37.216],[-79.8182,37.2262],[-79.7799,37.2315],[-79.7766,37.2026],[-79.7577,37.19],[-79.7183,37.1897],[-79.7029,37.1494],[-79.678,37.1552],[-79.6512,37.1267],[-79.6224,37.0786],[-79.5923,37.0507],[-79.5941,37.0422],[-79.5643,37.0347],[-79.538,37.0434],[-79.4971,37.0235],[-79.4844,37.0075],[-79.4595,37.0203],[-79.4833,37.0353],[-79.4914,37.0595],[-79.4523,37.0556],[-79.4046,37.0637],[-79.4047,37.0918],[-79.3755,37.1],[-79.3649,37.1194],[-79.336,37.1304],[-79.3005,37.1058],[-79.2442,37.1243],[-79.2354,37.101],[-79.2052,37.1108],[-79.206,37.0766],[-79.1945,37.0558],[-79.1435,37.0759],[-79.1271,37.0899],[-79.1111,37.0687],[-79.0923,37.0615],[-79.0571,37.0455],[-79.0016,37.031],[-78.9764,37.0486],[-78.9034,37.0244],[-78.8242,37.2054],[-78.8082,37.2019],[-78.7767,37.2293],[-78.7539,37.221],[-78.727,37.2254],[-78.6816,37.2488],[-78.6733,37.2685],[-78.6014,37.3514],[-78.5944,37.398],[-78.6162,37.3885],[-78.6375,37.3935],[-78.6363,37.4165],[-78.6832,37.429],[-78.6954,37.4476],[-78.8252,37.5525],[-78.8309,37.5356],[-78.8843,37.5497],[-78.9001,37.5471],[-78.9562,37.6498],[-78.9669,37.6769],[-78.986,37.6955],[-79.0309,37.7026],[-79.0674,37.7203],[-79.0658,37.7463],[-79.0744,37.7812],[-79.1143,37.7864],[-79.1424,37.8132],[-79.1721,37.8031],[-79.2093,37.7891],[-79.234,37.8123],[-79.2654,37.7941],[-79.2898,37.7621],[-79.3181,37.7129],[-79.3224,37.6928],[-79.3406,37.6786],[-79.3452,37.6606],[-79.4264,37.6155],[-79.4579,37.606],[-79.4411,37.5634],[-79.4584,37.5599],[-79.4987,37.5328]]]},"properties":{"GEOID":"31340","NAME":"Lynchburg, VA","LSAD":"M1"}},
{"type":"Feature","geometry":{"type":"Polygon","coordinates":[[[-114.7196,32.7188],[-114.7644,32.6427],[-114.7912,32.6218],[-114.8094,32.6171],[-114.7997,32.5936],[-114.8044,32.5729],[-114.7933,32.562],[-114.8133,32.5245],[-114.8136,32.4943],[-114.5008,32.4001],[-114.2508,32.3239],[-113.9615,32.2346],[-113.7508,32.169],[-113.3338,32.0388],[-113.3339,32.5052],[-113.3338,32.8378],[-113.3338,33.0235],[-113.335,33.3775],[-113.6447,33.3773],[-113.9575,33.3776],[-113.958,33.4644],[-114.2688,33.4644],[-114.2688,33.03],[-114.3718,33.028],[-114.5169,33.0278],[-114.4998,33.0039],[-114.4901,32.9699],[-114.4677,32.9563],[-114.4809,32.9353],[-114.4644,32.9131],[-114.469,32.8452],[-114.5102,32.8164],[-114.5317,32.7912],[-114.5269,32.7571],[-114.5644,32.7496],[-114.5818,32.7349],[-114.6184,32.7282],[-114.6888,32.7377],[-114.7019,32.7455],[-114.7196,32.7188]]]},"properties":{"GEOID":"49740","NAME":"Yuma, AZ","LSAD":"M1"}},
{"type":"Feature","geometry":{"type":"Polygon","coordinates":[[[-81.5635,27.6466],[-81.5641,27.3406],[-81.5626,27.0338],[-81.5625,27.0337],[-81.2672,27.0325],[-81.2677,27.1211],[-81.1683,27.1217],[-81.1691,27.2096],[-80.9618,27.2108],[-80.9407,27.2059],[-80.9511,27.2239],[-80.9706,27.2175],[-80.9926,27.2503],[-80.9972,27.2935],[-81.0256,27.3024],[-81.0461,27.3375],[-81.0335,27.357],[-81.0684,27.3823],[-81.1139,27.3851],[-81.1423,27.4125],[-81.1392,27.4341],[-81.1688,27.4595],[-81.1822,27.4828],[-81.2054,27.4903],[-81.1985,27.5104],[-81.2095,27.5349],[-81.1889,27.5571],[-81.1574,27.5752],[-81.1405,27.6008],[-81.1422,27.6432],[-81.3119,27.6462],[-81.5635,27.6466]]]},"properties":{"GEOID":"42700","NAME":"Sebring-Avon Park, FL","LSAD":"M1"}},
{"type":"Feature","geometry":{"type":"Polygon","coordinates":[[[-84.3995,41.7059],[-84.3984,41.617],[-84.3813,41.6167],[-84.3807,41.5139],[-84.3421,41.5141],[-84.3419,41.4855],[-84.0569,41.4861],[-83.8829,41.4875],[-83.8837,41.345],[-83.8811,41.1678],[-83.7271,41.1685],[-83.5028,41.1658],[-83.4211,41.1668],[-83.4198,41.254],[-83.4146,41.5002],[-83.339,41.5012],[-83.3382,41.4575],[-83.0386,41.4575],[-83.0091,41.4693],[-82.9748,41.4672],[-82.9594,41.4886],[-82.8829,41.4888],[-82.8442,41.5021],[-82.821,41.4915],[-82.806,41.5066],[-82.7652,41.5029],[-82.7263,41.512],[-82.7123,41.5279],[-82.72,41.5422],[-82.7502,41.5463],[-82.7855,41.5407],[-82.8338,41.587],[-82.8529,41.5833],[-82.8572,41.5471],[-82.8885,41.5218],[-82.9264,41.5143],[-82.9697,41.5239],[-83.0386,41.5622],[-83.0751,41.6006],[-83.1034,41.6129],[-83.1529,41.6187],[-83.2082,41.6352],[-83.3359,41.7055],[-83.3517,41.687],[-83.4232,41.6894],[-83.4778,41.6985],[-83.4554,41.7328],[-83.7631,41.7235],[-84.1344,41.7129],[-84.3604,41.7066],[-84.3995,41.7059]]]},"properties":{"GEOID":"45780","NAME":"Toledo, OH","LSAD":"M1"}},
{"type":"Feature","geometry":{"type":"Polygon","coordinates":[[[-87.4629,38.5327],[-87.4625,38.4657],[-87.4445,38.4655],[-87.4445,38.4361],[-87.4073,38.4363],[-87.4076,38.3755],[-87.3529,38.3857],[-87.316,38.3753],[-87.3169,38.2461],[-87.2984,38.2317],[-87.1998,38.231],[-87.0731,38.2326],[-87.0731,38.2038],[-87.0175,38.2036],[-86.9422,38.2029],[-86.7915,38.2051],[-86.7922,38.2491],[-86.679,38.2481],[-86.6824,38.5264],[-86.837,38.5265],[-86.8789,38.4949],[-86.9242,38.5054],[-86.9398,38.495],[-86.978,38.5024],[-86.994,38.513],[-87.0254,38.5074],[-87.0873,38.514],[-87.1005,38.5344],[-87.1354,38.5192],[-87.1755,38.544],[-87.2071,38.5517],[-87.2209,38.5388],[-87.2421,38.5449],[-87.2559,38.5266],[-87.3023,38.5104],[-87.3509,38.5416],[-87.4032,38.5414],[-87.4113,38.5265],[-87.4629,38.5327]]]},"properties":{"GEOID":"27540","NAME":"Jasper, IN","LSAD":"M2"}},
{"type":"Feature","geometry":{"type":"Polygon","coordinates":[[[-88.6712,33.5062],[-88.6691,33.2869],[-88.3044,33.2883],[-88.2746,33.534],[-88.2489,33.745],[-88.3179,33.745],[-88.3436,33.7061],[-88.3744,33.6852],[-88.3987,33.6904],[-88.4066,33.6733],[-88.4832,33.6657],[-88.5139,33.6502],[-88.4996,33.6438],[-88.4932,33.6148],[-88.4747,33.5981],[-88.4949,33.5795],[-88.492,33.5424],[-88.5242,33.5509],[-88.5314,33.5374],[-88.5779,33.5221],[-88.6094,33.5068],[-88.6712,33.5062]]]},"properties":{"GEOID":"18060","NAME":"Columbus, MS","LSAD":"M2"}},
{"type":"Feature","geometry":{"type":"Polygon","coordinates":[[[-95.2657,35.8133],[-95.3444,35.8136],[-95.3604,35.8224],[-95.4202,35.7996],[-95.4776,35.8042],[-95.5207,35.7922],[-95.5631,35.7879],[-95.5846,35.7656],[-95.6215,35.7776],[-95.6398,35.791],[-95.6391,35.8329],[-95.6504,35.8566],[-95.7661,35.8563],[-95.7663,35.7258],[-95.7131,35.7258],[-95.713,35.5517],[-95.3448,35.5518],[-95.3448,35.293],[-95.3117,35.3027],[-95.2876,35.2948],[-95.2621,35.269],[-95.2313,35.2659],[-95.2094,35.2838],[-95.1992,35.3036],[-95.1718,35.3056],[-95.1825,35.3369],[-95.1608,35.3694],[-95.1392,35.38],[-95.1233,35.3723],[-95.0833,35.4115],[-95.0688,35.4489],[-95.0499,35.4589],[-95.0883,35.4648],[-95.0961,35.4857],[-95.1208,35.5057],[-95.1323,35.5261],[-95.1273,35.5518],[-95.1272,35.6388],[-95.1272,35.8128],[-95.2657,35.8133]]]},"properties":{"GEOID":"34780","NAME":"Muskogee, OK","LSAD":"M2"}},
{"type":"Feature","geometry":{"type":"MultiPolygon","coordinates":[[[[-94.8233,29.3239],[-94.7984,29.3124],[-94.7812,29.3325],[-94.8105,29.3521],[-94.8233,29.3239]]],[[[-94.9784,29.6837],[-94.9592,29.6362],[-94.9414,29.6534],[-94.9532,29.6775],[-94.9784,29.6837]]],[[[-95.1223,29.0888],[-95.107,29.089],[-95.0879,29.1079],[-95.0288,29.1469],[-94.8918,29.229],[-94.7948,29.2844],[-94.7272,29.3314],[-94.7666,29.3373],[-94.7747,29.321],[-94.7981,29.3085],[-94.8208,29.3096],[-94.8744,29.2899],[-94.8912,29.2705],[-94.921,29.2534],[-94.9453,29.2215],[-94.9623,29.2192],[-94.9895,29.1906],[-95.019,29.1756],[-95.0398,29.1543],[-95.097,29.1189],[-95.1223,29.0888]]],[[[-96.0932,30.2252],[-96.1451,30.2186],[-96.159,30.2066],[-96.1501,30.1554],[-96.1763,30.1548],[-96.1914,30.1347],[-96.1505,30.0847],[-96.1628,30.0529],[-96.2286,30.0756],[-96.2593,30.0757],[-96.2928,30.0962],[-96.5188,30.0652],[-96.5859,30.0647],[-96.5941,30.071],[-96.622,30.0443],[-96.5357,29.9073],[-96.4851,29.8673],[-96.4408,29.8536],[-96.4127,29.8247],[-96.3423,29.8246],[-96.3147,29.786],[-96.3107,29.7554],[-96.2971,29.7496],[-96.2901,29.7274],[-96.2701,29.7166],[-96.2772,29.6989],[-96.2598,29.6693],[-96.2391,29.6578],[-96.2247,29.6649],[-96.1956,29.6535],[-96.1754,29.6338],[-96.1418,29.6196],[-96.1162,29.6233],[-96.0937,29.604],[-96.0623,29.5915],[-96.06,29.5687],[-96.0413,29.5467],[-96.0546,29.5352],[-96.0471,29.5097],[-96.0263,29.495],[-96.0603,29.4874],[-96.0366,29.4457],[-96.0084,29.4295],[-95.992,29.4338],[-95.9733,29.4114],[-95.9674,29.382],[-95.9475,29.3729],[-95.9506,29.3366],[-95.893,29.3104],[-95.8796,29.2668],[-95.8419,29.2587],[-95.874,29.2297],[-95.8447,29.2047],[-95.8578,29.1933],[-95.8384,29.1766],[-95.8507,29.1519],[-95.8383,29.1368],[-95.8432,29.1066],[-95.829,29.0889],[-95.8058,29.0904],[-95.7918,29.0712],[-95.765,29.0605],[-95.7773,29.0446],[-95.7783,28.9973],[-95.7649,28.9674],[-95.699,28.9693],[-95.6551,28.9515],[-95.6417,28.9037],[-95.5792,28.8596],[-95.5675,28.8297],[-95.5072,28.8256],[-95.4367,28.8596],[-95.3837,28.87],[-95.3405,28.9085],[-95.2949,28.9372],[-95.2518,28.979],[-95.1238,29.0706],[-95.1673,29.1212],[-95.1499,29.1793],[-95.157,29.195],[-95.1158,29.1995],[-95.0973,29.1774],[-95.0345,29.2115],[-94.9709,29.2832],[-94.9366,29.3149],[-94.9073,29.3088],[-94.8929,29.3253],[-94.9082,29.3399],[-94.8664,29.3673],[-94.8869,29.387],[-94.892,29.4337],[-94.9518,29.4675],[-94.912,29.4963],[-94.9765,29.5113],[-95.0152,29.54],[-95.0115,29.5686],[-94.9827,29.6013],[-95.0152,29.6325],[-95.001,29.6647],[-94.9822,29.6769],[-95.0135,29.7062],[-94.9784,29.709],[-94.9427,29.6978],[-94.9205,29.6571],[-94.9082,29.6556],[-94.8726,29.6713],[-94.8511,29.7214],[-94.8152,29.7585],[-94.7312,29.7896],[-94.6959,29.7591],[-94.6969,29.7293],[-94.6894,29.6933],[-94.6964,29.6813],[-94.7013,29.6394],[-94.7149,29.6101],[-94.7497,29.5535],[-94.779,29.5302],[-94.7626,29.5242],[-94.6014,29.5595],[-94.561,29.5744],[-94.5451,29.5719],[-94.5215,29.5408],[-94.4707,29.5566],[-94.5023,29.5104],[-94.562,29.5309],[-94.5947,29.5072],[-94.6066,29.4828],[-94.6404,29.4724],[-94.6767,29.4735],[-94.7035,29.4365],[-94.7672,29.3904],[-94.7787,29.3615],[-94.7334,29.368],[-94.7085,29.403],[-94.6813,29.4246],[-94.6316,29.4518],[-94.4901,29.5112],[-94.3541,29.5626],[-94.3534,29.5748],[-94.358,29.8875],[-94.4422,29.8871],[-94.4449,30.113],[-94.5963,30.1121],[-94.7327,30.4901],[-94.8304,30.4925],[-95.0066,30.414],[-95.2256,30.3195],[-95.2038,30.352],[-95.2259,30.3629],[-95.2366,30.3795],[-95.2607,30.3834],[-95.3084,30.4058],[-95.3295,30.4332],[-95.3507,30.4761],[-95.3592,30.5044],[-95.3619,30.5089],[-95.5989,30.509],[-95.8302,30.6303],[-95.8175,30.5002],[-95.8044,30.3378],[-95.8043,30.2456],[-95.9233,30.2373],[-96.0889,30.2287],[-96.0932,30.2252]]]]},"properties":{"GEOID":"26420","NAME":"Houston-The Woodlands-Sugar Land, TX","LSAD":"M1"}},
{"type":"Feature","geometry":{"type":"Polygon","coordinates":[[[-90.4502,40.2763],[-90.4519,40.1888],[-90.3375,40.1877],[-90.1996,40.1838],[-90.158,40.2197],[-90.1275,40.227],[-90.1073,40.2609],[-90.0687,40.2961],[-90.0689,40.3111],[-90.0505,40.3342],[-90.0528,40.3475],[-90.033,40.3778],[-89.9838,40.3926],[-89.9482,40.4249],[-89.9247,40.4359],[-89.8285,40.4344],[-89.7171,40.4357],[-89.7149,40.3192],[-89.603,40.3201],[-89.2637,40.3253],[-89.2694,40.5943],[-89.1338,40.5967],[-89.1342,40.6115],[-89.1016,40.625],[-89.0444,40.6274],[-89.0453,40.6639],[-88.9847,40.665],[-88.9869,40.7523],[-88.9293,40.7533],[-88.9314,40.9277],[-89.0477,40.9257],[-89.0474,41.1048],[-89.3584,41.1038],[-89.3335,41.1237],[-89.3293,41.1479],[-89.6385,41.1485],[-89.6387,41.2339],[-89.8576,41.2345],[-89.8678,41.2344],[-89.8682,41.1495],[-89.9846,41.1494],[-89.9855,40.9611],[-89.9861,40.7124],[-90.4443,40.7149],[-90.4456,40.6276],[-90.4482,40.3791],[-90.4502,40.2763]]]},"properties":{"GEOID":"37900","NAME":"Peoria, IL","LSAD":"M1"}},
{"type":"Feature","geometry":{"type":"Polygon","coordinates":[[[-78.8052,40.906],[-78.8063,40.7297],[-78.8017,40.7246],[-78.6353,40.7231],[-78.569,40.7256],[-78.4029,40.7252],[-78.3487,40.7234],[-78.3599,40.7326],[-78.3765,40.7544],[-78.3527,40.7687],[-78.3392,40.7982],[-78.3139,40.8088],[-78.2842,40.851],[-78.2492,40.8554],[-78.2478,40.8796],[-78.2212,40.8888],[-78.2198,40.9127],[-78.1815,40.9223],[-78.1555,40.9421],[-78.1585,40.9609],[-78.1098,40.9499],[-78.0777,40.9588],[-78.082,40.9846],[-78.0562,41.0083],[-78.0732,41.0274],[-78.0569,41.0393],[-78.0868,41.058],[-78.1122,41.1142],[-78.0679,41.1325],[-78.0382,41.1536],[-78.061,41.1745],[-78.0934,41.2169],[-78.2368,41.2305],[-78.5278,41.2462],[-78.6467,41.2536],[-78.6479,41.2175],[-78.7102,41.2019],[-78.7664,41.2028],[-78.8045,41.1323],[-78.8052,40.906]]]},"properties":{"GEOID":"20180","NAME":"DuBois, PA","LSAD":"M2"}},
{"type":"Feature","geometry":{"type":"Polygon","coordinates":[[[-93.0505,38.9282],[-93.06,38.6931],[-92.9505,38.686],[-92.8398,38.684],[-92.7267,38.6831],[-92.6171,38.68],[-92.6167,38.6945],[-92.5885,38.7513],[-92.4984,38.9221],[-92.4743,38.9016],[-92.4778,38.8741],[-92.4567,38.8603],[-92.4449,38.8383],[-92.4189,38.8192],[-92.3844,38.8155],[-92.3796,38.8001],[-92.4094,38.7643],[-92.3999,38.7422],[-92.3602,38.7301],[-92.3433,38.7051],[-92.3578,38.6795],[-92.2934,38.6666],[-92.2622,38.6464],[-92.2207,38.6432],[-92.2119,38.7203],[-92.1924,38.7261],[-92.186,38.7456],[-92.145,38.7981],[-92.1404,38.8455],[-92.1579,38.8646],[-92.1533,38.9432],[-92.1306,39.0253],[-92.1315,39.0645],[-92.1104,39.0642],[-92.1044,39.2398],[-92.3145,39.2465],[-92.4302,39.2488],[-92.7074,39.3216],[-92.7904,39.3436],[-92.8492,39.2262],[-92.8611,39.2002],[-92.9048,39.1662],[-92.9073,39.1445],[-92.9416,39.1259],[-92.9428,39.1035],[-92.909,39.0955],[-92.9074,39.0842],[-92.9346,39.0645],[-93.0482,38.9726],[-93.0505,38.9282]]]},"properties":{"GEOID":"17860","NAME":"Columbia, MO","LSAD":"M1"}},
{"type":"Feature","geometry":{"type":"Polygon","coordinates":[[[-90.5873,34.6414],[-90.5911,34.6192],[-90.5738,34.5921],[-90.5405,34.5579],[-90.5425,34.5401],[-90.5678,34.524],[-90.3995,34.4238],[-90.3019,34.4245],[-90.3043,34.5096],[-90.1985,34.5111],[-90.1986,34.5544],[-89.9372,34.5537],[-89.7213,34.5543],[-89.4767,34.554],[-89.4557,34.5325],[-89.4245,34.5191],[-89.4065,34.526],[-89.3698,34.5186],[-89.3327,34.5245],[-89.2928,34.5158],[-89.2461,34.4956],[-89.2456,34.5832],[-89.2983,34.5829],[-89.2992,34.8444],[-89.3527,34.8444],[-89.3527,34.9941],[-89.1983,34.9945],[-89.1839,35.3971],[-89.4742,35.403],[-89.4699,35.5466],[-89.479,35.5642],[-89.5021,35.5806],[-89.5321,35.6026],[-89.5799,35.6167],[-89.613,35.6432],[-89.6477,35.6471],[-89.6716,35.6388],[-89.7227,35.6381],[-89.7501,35.6464],[-89.8209,35.6168],[-89.8278,35.6024],[-89.8739,35.5856],[-89.8944,35.5502],[-89.9097,35.538],[-89.9089,35.5142],[-89.9289,35.5124],[-89.9587,35.5238],[-89.9585,35.5417],[-89.9894,35.56],[-90.0083,35.5601],[-90.0398,35.5471],[-90.0502,35.5156],[-90.044,35.4944],[-90.0197,35.4731],[-90.0027,35.4305],[-90.0481,35.4117],[-90.0741,35.434],[-90.0678,35.4662],[-90.079,35.4769],[-90.1077,35.4769],[-90.1401,35.4367],[-90.2869,35.4384],[-90.5024,35.4416],[-90.5065,35.1788],[-90.503,35.1442],[-90.4004,35.1482],[-90.4027,35.0025],[-90.4077,35.0025],[-90.4085,34.904],[-90.4079,34.8268],[-90.4387,34.8252],[-90.4497,34.8399],[-90.4294,34.8666],[-90.4366,34.8827],[-90.4623,34.8917],[-90.4844,34.8636],[-90.4554,34.8208],[-90.4765,34.7936],[-90.4484,34.7391],[-90.475,34.7239],[-90.5083,34.7236],[-90.5242,34.7314],[-90.4944,34.7574],[-90.4928,34.7725],[-90.5211,34.8019],[-90.5478,34.7833],[-90.5394,34.7553],[-90.5636,34.7378],[-90.5719,34.7128],[-90.5324,34.6962],[-90.4742,34.7053],[-90.4628,34.6841],[-90.4688,34.67],[-90.5172,34.6309],[-90.5476,34.6317],[-90.5551,34.6462],[-90.54,34.6768],[-90.5701,34.6934],[-90.5697,34.6664],[-90.5873,34.6414]]]},"properties":{"GEOID":"32820","NAME":"Memphis, TN-MS-AR","LSAD":"M1"}},
{"type":"Feature","geometry":{"type":"Polygon","coordinates":[[[-96.6409,30.2968],[-96.6579,30.2878],[-96.6871,30.2481],[-96.7316,30.2439],[-96.7419,30.228],[-96.744,30.1959],[-96.7946,30.1605],[-96.7669,30.1387],[-96.7354,30.1474],[-96.6834,30.151],[-96.6472,30.1452],[-96.6531,30.13],[-96.6337,30.1061],[-96.6343,30.0757],[-96.622,30.0443],[-96.5941,30.071],[-96.5859,30.0647],[-96.5188,30.0652],[-96.2928,30.0962],[-96.2593,30.0757],[-96.2286,30.0756],[-96.1628,30.0529],[-96.1505,30.0847],[-96.1914,30.1347],[-96.1763,30.1548],[-96.1501,30.1554],[-96.159,30.2066],[-96.1451,30.2186],[-96.0932,30.2252],[-96.1054,30.2329],[-96.0844,30.2877],[-96.1006,30.2928],[-96.1546,30.3303],[-96.1586,30.3785],[-96.1787,30.3947],[-96.2351,30.3697],[-96.2858,30.3647],[-96.3128,30.3843],[-96.3405,30.3679],[-96.359,30.3726],[-96.3774,30.3558],[-96.4185,30.3528],[-96.4227,30.3434],[-96.4566,30.3406],[-96.496,30.3244],[-96.5624,30.3225],[-96.5735,30.3107],[-96.6409,30.2968]]]},"properties":{"GEOID":"14780","NAME":"Brenham, TX","LSAD":"M2"}},
{"type":"Feature","geometry":{"type":"Polygon","coordinates":[[[-80.7903,33.1808],[-80.772,33.1716],[-80.7374,33.1704],[-80.7061,33.1545],[-80.6736,33.108],[-80.6238,33.0669],[-80.5785,33.0573],[-80.5332,33.0686],[-80.5097,33.0573],[-80.4898,33.0636],[-80.4557,33.0613],[-80.3878,33.0328],[-80.4065,33.019],[-80.4087,32.9846],[-80.4188,32.9673],[-80.3984,32.9269],[-80.4064,32.9102],[-80.3933,32.8853],[-80.4033,32.8696],[-80.3968,32.8417],[-80.4075,32.8111],[-80.4358,32.7879],[-80.4536,32.7399],[-80.423,32.7148],[-80.4161,32.6953],[-80.4211,32.6727],[-80.4033,32.6516],[-80.4182,32.6045],[-80.3962,32.5966],[-80.3887,32.5745],[-80.4166,32.5463],[-80.379,32.5309],[-80.3528,32.5002],[-80.3363,32.4936],[-80.2847,32.5304],[-80.255,32.5318],[-80.195,32.56],[-80.1637,32.5618],[-80.1214,32.5905],[-80.0373,32.6102],[-80.0008,32.6059],[-79.97,32.6405],[-79.9157,32.6649],[-79.8871,32.683],[-79.8871,32.7019],[-79.8701,32.73],[-79.8791,32.7508],[-79.9285,32.7542],[-79.9232,32.7818],[-79.886,32.7879],[-79.8488,32.7536],[-79.7876,32.7845],[-79.7264,32.806],[-79.7199,32.8258],[-79.6981,32.8513],[-79.6311,32.8886],[-79.5811,32.9064],[-79.5734,32.9279],[-79.6075,32.9262],[-79.6176,32.9527],[-79.6066,32.9722],[-79.5711,33.0138],[-79.5321,33.0352],[-79.5069,33.0328],[-79.4833,33.0098],[-79.4164,33.0161],[-79.4165,33.0068],[-79.3623,33.0091],[-79.3302,33.0866],[-79.2861,33.1122],[-79.2688,33.136],[-79.2912,33.1466],[-79.3508,33.1535],[-79.4066,33.1867],[-79.4136,33.1982],[-79.46,33.2351],[-79.4826,33.2459],[-79.494,33.236],[-79.5354,33.2496],[-79.5623,33.2725],[-79.5955,33.2793],[-79.677,33.3049],[-79.7096,33.3212],[-79.7412,33.3223],[-79.794,33.3777],[-79.8548,33.4029],[-79.8673,33.4306],[-79.8941,33.4537],[-79.9516,33.4869],[-79.9646,33.4986],[-80.0121,33.5052],[-80.0822,33.5057],[-80.1017,33.4969],[-80.1273,33.4933],[-80.152,33.4786],[-80.135,33.4667],[-80.1483,33.4499],[-80.2223,33.4437],[-80.2226,33.3913],[-80.2416,33.3831],[-80.2396,33.3522],[-80.2556,33.3],[-80.2945,33.2713],[-80.3172,33.2641],[-80.3446,33.2778],[-80.3643,33.2586],[-80.3942,33.2647],[-80.4271,33.2578],[-80.4846,33.28],[-80.5028,33.3345],[-80.7903,33.1808]]]},"properties":{"GEOID":"16700","NAME":"Charleston-North Charleston, SC","LSAD":"M1"}},
{"type":"Feature","geometry":{"type":"Polygon","coordinates":[[[-96.036,39.5661],[-96.0346,39.3763],[-96.0359,39.1298],[-96.0882,39.1523],[-96.0588,39.1648],[-96.0836,39.1935],[-96.1044,39.2001],[-96.1253,39.187],[-96.1747,39.1888],[-96.1833,39.207],[-96.2204,39.201],[-96.2469,39.2044],[-96.266,39.1806],[-96.2942,39.1955],[-96.3247,39.1861],[-96.3466,39.1539],[-96.389,39.1729],[-96.3908,39.0433],[-96.5012,39.0437],[-96.5016,38.8697],[-96.5014,38.8262],[-96.3904,38.8259],[-96.3897,38.739],[-96.3526,38.739],[-95.9459,38.7391],[-95.9497,38.6954],[-95.9503,38.4341],[-95.5083,38.4339],[-95.509,38.659],[-95.5012,38.6953],[-95.5007,38.7388],[-95.5015,39.0437],[-95.4938,39.054],[-95.4361,39.0698],[-95.4007,39.0601],[-95.3583,39.0353],[-95.3282,39.0317],[-95.2979,39.0423],[-95.1871,39.0441],[-95.188,39.1289],[-95.1801,39.1289],[-95.1799,39.4047],[-95.1809,39.4192],[-95.4601,39.4209],[-95.5704,39.4191],[-95.5703,39.5659],[-95.5643,39.5659],[-95.5641,39.6529],[-95.7889,39.653],[-95.7891,39.5659],[-96.036,39.5661]]]},"properties":{"GEOID":"45820","NAME":"Topeka, KS","LSAD":"M1"}},
{"type":"Feature","geometry":{"type":"Polygon","coordinates":[[[-109.06,38.5],[-109.0601,38.2755],[-109.0418,38.153],[-108.7728,38.1533],[-108.3157,38.1525],[-107.9658,38.1523],[-107.9517,38.145],[-107.9516,38.1161],[-107.8915,38.116],[-107.8938,38.0577],[-107.9002,38.0262],[-107.8833,38.0074],[-107.8489,38.0085],[-107.836,37.9922],[-107.7955,37.9885],[-107.7816,37.9632],[-107.7489,37.9531],[-107.7328,37.93],[-107.7244,37.8988],[-107.6957,37.8924],[-107.6638,37.9035],[-107.6379,37.9209],[-107.6417,37.9648],[-107.5689,37.965],[-107.5914,37.9923],[-107.5663,38.0053],[-107.538,38.0089],[-107.5399,38.0271],[-107.5207,38.0461],[-107.516,38.069],[-107.5541,38.0795],[-107.5646,38.097],[-107.5623,38.1579],[-107.5907,38.252],[-107.6116,38.2608],[-107.635,38.3019],[-107.5,38.3019],[-107.5007,38.6686],[-107.9007,38.6682],[-108.3787,38.6681],[-108.3791,38.5],[-108.7931,38.5],[-109.06,38.5]]]},"properties":{"GEOID":"33940","NAME":"Montrose, CO","LSAD":"M2"}},
{"type":"Feature","geometry":{"type":"MultiPolygon","coordinates":[[[[-150.2859,61.127],[-150.239,61.123],[-150.1688,61.1541],[-150.1699,61.1758],[-150.2261,61.1681],[-150.2431,61.1374],[-150.2859,61.127]]],[[[-153.0019,62.7258],[-153.0017,62.2926],[-153.0016,61.8422],[-153.0017,61.4262],[-152.1216,61.4262],[-151.3328,61.4262],[-151.3328,61.2529],[-150.974,61.2529],[-150.974,61.1902],[-150.9334,61.207],[-150.8833,61.2097],[-150.835,61.2251],[-150.7528,61.2421],[-150.6911,61.2608],[-150.6559,61.2936],[-150.6205,61.278],[-150.5517,61.2947],[-150.5278,61.268],[-150.4688,61.2446],[-150.3887,61.2459],[-150.287,61.2574],[-150.2049,61.2595],[-150.0748,61.2535],[-149.9859,61.2375],[-149.9172,61.2675],[-149.9112,61.34],[-149.8822,61.3828],[-149.8181,61.3963],[-149.7574,61.4468],[-149.6431,61.4878],[-149.4775,61.502],[-149.4011,61.5175],[-149.376,61.5011],[-149.2827,61.4747],[-149.3173,61.4673],[-149.3819,61.4669],[-149.4372,61.4411],[-149.5164,61.4192],[-149.5305,61.4021],[-149.5758,61.4077],[-149.6241,61.3906],[-149.7024,61.3821],[-149.7204,61.3718],[-149.717,61.3369],[-149.8118,61.3152],[-149.8577,61.2701],[-149.8783,61.2592],[-149.9024,61.2214],[-149.928,61.2069],[-150.0258,61.1989],[-150.0299,61.1826],[-150.0665,61.1657],[-150.0656,61.1511],[-149.9692,61.1325],[-149.933,61.1112],[-149.8516,61.0872],[-149.7791,61.0361],[-149.7421,61.0188],[-149.6391,60.9989],[-149.6114,60.9854],[-149.4952,60.9831],[-149.4114,60.9519],[-149.3809,60.9464],[-149.3632,60.9261],[-149.3103,60.9344],[-149.1973,60.9445],[-149.1304,60.9186],[-149.0952,60.913],[-149.0085,60.8548],[-149.0341,60.846],[-149.0377,60.733],[-148.7456,60.733],[-148.7459,60.8197],[-148.7384,60.8485],[-148.4721,60.8485],[-148.4721,61.1663],[-148.4624,61.1663],[-148.4625,61.4263],[-147.7443,61.4263],[-147.2066,61.4263],[-147.2066,61.4707],[-146.9426,61.4707],[-146.9426,61.8173],[-146.961,61.8173],[-146.961,62.1639],[-146.9798,62.1639],[-146.9798,62.2505],[-146.424,62.2505],[-146.424,62.5105],[-146.4369,62.5105],[-146.4369,62.857],[-146.4501,62.857],[-146.4501,62.9579],[-146.4943,62.9579],[-146.4943,63.169],[-146.4943,63.4776],[-147.1258,63.4776],[-148.0256,63.4776],[-148.0256,63.3332],[-148.514,63.3332],[-149.0202,63.3332],[-149.4923,63.3332],[-149.8061,63.2662],[-150.6413,63.0828],[-151.4557,62.8969],[-151.8765,62.7981],[-151.894,62.7981],[-151.8938,62.7259],[-152.8593,62.7258],[-153.0019,62.7258]]]]},"properties":{"GEOID":"11260","NAME":"Anchorage, AK","LSAD":"M1"}},
{"type":"Feature","geometry":{"type":"Polygon","coordinates":[[[-79.9162,39.7209],[-80.4214,39.7212],[-80.4067,39.7132],[-80.3952,39.6805],[-80.4028,39.6675],[-80.3958,39.6373],[-80.3677,39.6336],[-80.3477,39.6118],[-80.1535,39.6104],[-80.1262,39.5795],[-80.0963,39.5627],[-80.0432,39.5229],[-80.0392,39.5073],[-80.0155,39.5015],[-79.968,39.463],[-79.9389,39.4525],[-79.8947,39.4356],[-79.8955,39.2996],[-79.8741,39.2951],[-79.8524,39.2697],[-79.8503,39.2465],[-79.8088,39.231],[-79.6873,39.2714],[-79.5077,39.2162],[-79.4872,39.1949],[-79.4877,39.2799],[-79.4844,39.3443],[-79.4824,39.5317],[-79.4789,39.5317],[-79.4767,39.7211],[-79.9162,39.7209]]]},"properties":{"GEOID":"34060","NAME":"Morgantown, WV","LSAD":"M1"}},
{"type":"Feature","geometry":{"type":"Polygon","coordinates":[[[-83.6472,39.773],[-83.6533,39.7169],[-83.4606,39.705],[-83.2524,39.6954],[-83.2667,39.5162],[-82.9926,39.5064],[-82.9804,39.4903],[-82.9982,39.4801],[-82.7407,39.4684],[-82.7486,39.3682],[-82.6357,39.3616],[-82.6344,39.376],[-82.5176,39.3695],[-82.5145,39.3958],[-82.2897,39.3842],[-82.2804,39.4729],[-82.1674,39.4663],[-82.1592,39.5566],[-82.0475,39.5508],[-82.0396,39.5502],[-82.0242,39.7247],[-82.0802,39.7277],[-82.0766,39.771],[-82.0729,39.8162],[-82.17,39.8207],[-82.1624,39.9094],[-82.234,39.9133],[-82.2317,39.9511],[-82.1988,39.9501],[-82.1871,40.1669],[-82.1828,40.2386],[-82.1959,40.2391],[-82.3366,40.24],[-82.4773,40.2458],[-82.4761,40.2647],[-82.7507,40.277],[-82.7449,40.3496],[-82.6465,40.3451],[-82.6332,40.5231],[-82.6236,40.5499],[-82.6248,40.6373],[-82.6441,40.6372],[-82.645,40.6664],[-82.6262,40.6661],[-82.6272,40.7094],[-82.7272,40.7112],[-82.8582,40.7124],[-82.8583,40.705],[-82.8598,40.6464],[-82.9578,40.6451],[-82.9584,40.4907],[-83.0168,40.4845],[-83.0208,40.4338],[-83.1731,40.4394],[-83.2486,40.444],[-83.2482,40.507],[-83.4187,40.5052],[-83.5202,40.5041],[-83.5513,40.2294],[-83.4945,40.2255],[-83.5037,40.1115],[-83.5162,40.0102],[-83.5099,40.0099],[-83.5474,39.903],[-83.588,39.7688],[-83.6472,39.773]]]},"properties":{"GEOID":"18140","NAME":"Columbus, OH","LSAD":"M1"}},
{"type":"Feature","geometry":{"type":"Polygon","coordinates":[[[-87.5332,39.883],[-87.5323,39.6361],[-87.5316,39.3481],[-87.5891,39.3338],[-87.6059,39.3111],[-87.6056,39.2624],[-87.5807,39.2552],[-87.5746,39.2184],[-87.5866,39.1996],[-87.6194,39.1721],[-87.6365,39.1688],[-87.6587,39.136],[-87.6431,39.1286],[-87.6528,39.1068],[-87.6184,39.1043],[-87.5726,39.0573],[-87.5802,39.0419],[-87.5699,39.0231],[-87.5765,38.9867],[-87.5295,38.9719],[-87.5133,38.956],[-87.5261,38.9214],[-87.5225,38.9024],[-87.2411,38.9016],[-87.241,38.9079],[-87.2407,39.1718],[-87.0546,39.1681],[-87.0536,39.3426],[-86.9425,39.342],[-86.94,39.4733],[-87.0145,39.4736],[-87.0095,39.8667],[-87.0915,39.8673],[-87.091,39.953],[-87.4153,39.9526],[-87.4305,39.971],[-87.4349,40.0264],[-87.4174,40.0587],[-87.4067,40.1275],[-87.4904,40.1274],[-87.4905,40.1484],[-87.5315,40.1481],[-87.5332,39.883]]]},"properties":{"GEOID":"45460","NAME":"Terre Haute, IN","LSAD":"M1"}},
{"type":"Feature","geometry":{"type":"Polygon","coordinates":[[[-89.8418,30.6656],[-89.825,30.6494],[-89.8223,30.6046],[-89.794,30.5483],[-89.7796,30.5443],[-89.7681,30.515],[-89.7246,30.4919],[-89.6898,30.4593],[-89.647,30.4589],[-89.6471,30.5027],[-89.5957,30.5025],[-89.5959,30.5171],[-89.5445,30.5169],[-89.5442,30.6484],[-89.3414,30.6477],[-89.3408,30.9099],[-89.3407,31.001],[-89.3489,31.0104],[-89.4248,31.0101],[-89.4253,30.9825],[-89.476,30.9829],[-89.4759,31.0014],[-89.5013,31.016],[-89.552,31.016],[-89.5519,31.0019],[-89.654,31.0025],[-89.7281,31.0023],[-89.7357,30.9666],[-89.7563,30.9435],[-89.7448,30.9189],[-89.7736,30.8969],[-89.7682,30.8664],[-89.7844,30.8537],[-89.784,30.8274],[-89.8139,30.7938],[-89.8324,30.7645],[-89.8281,30.725],[-89.8418,30.6656]]]},"properties":{"GEOID":"38100","NAME":"Picayune, MS","LSAD":"M2"}},
{"type":"Feature","geometry":{"type":"MultiPolygon","coordinates":[[[[-92.0318,29.5776],[-91.9931,29.551],[-91.9535,29.5381],[-91.8782,29.5036],[-91.8625,29.5033],[-91.8465,29.4793],[-91.8216,29.4739],[-91.8036,29.4879],[-91.7683,29.4904],[-91.7742,29.5049],[-91.7654,29.5248],[-91.7132,29.5555],[-91.7406,29.5742],[-91.7695,29.5744],[-91.7847,29.5941],[-91.8241,29.6028],[-91.8664,29.6297],[-91.9031,29.6374],[-91.9261,29.6289],[-91.9399,29.6103],[-91.9827,29.6142],[-92.0053,29.6031],[-92.0318,29.5776]]],[[[-92.632,30.4812],[-92.6199,30.4541],[-92.5975,30.4289],[-92.6072,30.3867],[-92.626,30.3825],[-92.6292,30.318],[-92.6225,30.2418],[-92.6147,30.215],[-92.5905,30.1988],[-92.6077,30.1594],[-92.6218,30.148],[-92.6259,30.1178],[-92.6183,30.1042],[-92.6384,30.0718],[-92.6739,30.0706],[-92.7372,30.0375],[-92.616,30.0383],[-92.6146,29.9187],[-92.6161,29.5858],[-92.5755,29.5816],[-92.5314,29.571],[-92.4677,29.5626],[-92.417,29.5488],[-92.3235,29.5315],[-92.2555,29.5402],[-92.2002,29.5686],[-92.1454,29.5865],[-92.0774,29.5844],[-92.0588,29.6094],[-92.0841,29.6229],[-92.1058,29.6118],[-92.1363,29.6626],[-92.1355,29.6711],[-92.1039,29.6991],[-92.1691,29.7002],[-92.2001,29.7257],[-92.2033,29.7534],[-92.1711,29.7398],[-92.1319,29.7658],[-92.1159,29.7395],[-92.0357,29.7817],[-91.9775,29.8033],[-91.9856,29.8197],[-91.9617,29.826],[-91.9375,29.8168],[-91.882,29.8355],[-91.8625,29.8265],[-91.8308,29.8293],[-91.8229,29.8004],[-91.826,29.7824],[-91.8548,29.7795],[-91.8792,29.7566],[-91.855,29.7388],[-91.7113,29.8461],[-91.6243,29.9455],[-91.472,29.9563],[-91.472,29.948],[-91.4105,29.901],[-91.4011,29.8735],[-91.3736,29.8344],[-91.3865,29.7837],[-91.352,29.7664],[-91.2986,29.765],[-91.2294,29.7489],[-91.2152,29.7512],[-91.1809,29.7285],[-91.1341,29.7241],[-91.1,29.6994],[-91.1066,29.7335],[-91.0895,29.7555],[-91.1003,29.773],[-91.0927,29.801],[-91.1111,29.8266],[-91.1331,29.8373],[-91.1828,29.8462],[-91.1996,29.8608],[-91.2068,29.8968],[-91.2326,29.9214],[-91.2477,29.9511],[-91.2594,30.0002],[-91.2359,30.0011],[-91.2217,30.0317],[-91.2559,30.0398],[-91.2691,30.0593],[-91.3512,30.0601],[-91.3667,30.0547],[-91.378,30.0949],[-91.3888,30.1024],[-91.4639,30.1027],[-91.4613,30.1312],[-91.472,30.1867],[-91.4898,30.2059],[-91.4753,30.2292],[-91.5083,30.2403],[-91.5628,30.2419],[-91.588,30.2571],[-91.59,30.277],[-91.6211,30.3099],[-91.629,30.3779],[-91.6281,30.4139],[-91.6401,30.4427],[-91.7013,30.4977],[-91.7562,30.4981],[-91.7365,30.4515],[-91.7226,30.4523],[-91.6943,30.4017],[-91.8127,30.3943],[-91.8693,30.4172],[-91.9369,30.3947],[-91.9657,30.4104],[-91.9782,30.4074],[-91.9887,30.3696],[-92.0158,30.3714],[-92.0251,30.3611],[-92.0561,30.3782],[-92.0833,30.3606],[-92.0854,30.3395],[-92.1422,30.2988],[-92.1585,30.3208],[-92.1586,30.3499],[-92.1758,30.3497],[-92.1764,30.4369],[-92.2442,30.4367],[-92.2448,30.4802],[-92.4933,30.4805],[-92.632,30.4812]]]]},"properties":{"GEOID":"29180","NAME":"Lafayette, LA","LSAD":"M1"}},
{"type":"Feature","geometry":{"type":"Polygon","coordinates":[[[-75.7562,43.4704],[-75.8146,43.4836],[-75.8868,43.325],[-75.8629,43.3192],[-75.8843,43.1556],[-75.8681,43.1467],[-75.84,43.1605],[-75.797,43.1591],[-75.7688,43.1699],[-75.7378,43.1647],[-75.7053,43.1377],[-75.6782,43.1269],[-75.6397,43.0977],[-75.6402,43.0789],[-75.5995,43.0611],[-75.5969,43.0354],[-75.5528,43.0376],[-75.5428,42.9318],[-75.4442,42.9331],[-75.4372,42.8633],[-75.248,42.8716],[-75.2122,42.88],[-75.2096,42.8566],[-75.1399,42.8598],[-75.101,42.9084],[-74.9067,42.8249],[-74.8947,42.8321],[-74.8788,42.8983],[-74.7633,42.8632],[-74.7401,42.9983],[-74.7438,43.0307],[-74.7599,43.0474],[-74.7737,43.0834],[-74.7589,43.1196],[-74.7284,43.1252],[-74.735,43.1434],[-74.6962,43.1799],[-74.7126,43.2861],[-74.8677,43.3398],[-74.7756,43.4867],[-74.8142,43.7745],[-74.8542,44.0701],[-75.0628,44.0504],[-75.1702,44.097],[-75.1405,43.8618],[-75.1102,43.6152],[-75.3616,43.5001],[-75.5335,43.4198],[-75.7562,43.4704]]]},"properties":{"GEOID":"46540","NAME":"Utica-Rome, NY","LSAD":"M1"}},
{"type":"Feature","geometry":{"type":"Polygon","coordinates":[[[-91.7238,31.0443],[-91.7742,31.0026],[-91.7822,30.9858],[-91.8037,30.9779],[-91.8016,30.8752],[-91.8153,30.8481],[-91.7985,30.829],[-91.8073,30.8111],[-91.7688,30.7854],[-91.7563,30.7601],[-91.7579,30.741],[-91.734,30.7034],[-91.7328,30.668],[-91.7464,30.6588],[-91.741,30.6325],[-91.7514,30.6037],[-91.757,30.5626],[-91.7328,30.5203],[-91.7562,30.4981],[-91.7013,30.4977],[-91.6401,30.4427],[-91.6281,30.4139],[-91.629,30.3779],[-91.6211,30.3099],[-91.59,30.277],[-91.588,30.2571],[-91.5628,30.2419],[-91.5083,30.2403],[-91.4753,30.2292],[-91.4898,30.2059],[-91.472,30.1867],[-91.4613,30.1312],[-91.4639,30.1027],[-91.3888,30.1024],[-91.378,30.0949],[-91.3667,30.0547],[-91.3512,30.0601],[-91.2691,30.0593],[-91.2559,30.0398],[-91.2217,30.0317],[-91.2359,30.0011],[-91.2594,30.0002],[-91.2477,29.9511],[-91.2326,29.9214],[-91.2068,29.8968],[-91.1996,29.8608],[-91.1828,29.8462],[-91.1331,29.8373],[-91.1111,29.8266],[-91.0927,29.801],[-91.1003,29.773],[-91.0895,29.7555],[-91.1066,29.7335],[-91.1,29.6994],[-91.1041,29.642],[-91.0826,29.6268],[-90.9818,29.7449],[-90.9246,29.8303],[-90.9098,29.8772],[-90.8855,29.8776],[-90.8857,29.9053],[-90.8863,29.9356],[-90.9118,29.9351],[-90.9118,29.9785],[-90.9463,29.9779],[-90.9464,30.036],[-90.9634,30.0358],[-90.9637,30.0668],[-90.9356,30.0856],[-90.9156,30.1133],[-90.6421,30.1664],[-90.6319,30.2212],[-90.5976,30.2156],[-90.5778,30.1972],[-90.5541,30.1956],[-90.5091,30.2301],[-90.4858,30.277],[-90.4854,30.3215],[-90.4746,30.3424],[-90.4901,30.3575],[-90.5146,30.4063],[-90.5469,30.4316],[-90.55,30.4677],[-90.5669,30.4871],[-90.5658,30.6639],[-90.5672,30.8248],[-90.5672,30.9997],[-90.7345,30.9992],[-91.0683,30.9989],[-91.4236,30.999],[-91.6369,30.9994],[-91.6449,31.0212],[-91.6644,31.0448],[-91.698,31.0391],[-91.7238,31.0443]]]},"properties":{"GEOID":"12940","NAME":"Baton Rouge, LA","LSAD":"M1"}},
{"type":"Feature","geometry":{"type":"Polygon","coordinates":[[[-121.8106,36.8506],[-121.7883,36.804],[-121.8056,36.7502],[-121.809,36.6985],[-121.8373,36.6349],[-121.8662,36.6066],[-121.8833,36.6009],[-121.9246,36.6346],[-121.9582,36.609],[-121.9704,36.5721],[-121.9325,36.5599],[-121.9247,36.5256],[-121.9447,36.5207],[-121.9462,36.4909],[-121.9261,36.4589],[-121.9141,36.4261],[-121.9151,36.4032],[-121.9018,36.3819],[-121.9055,36.3561],[-121.893,36.3424],[-121.8994,36.3077],[-121.852,36.2778],[-121.8358,36.2507],[-121.7172,36.1951],[-121.6327,36.1205],[-121.6189,36.0869],[-121.5929,36.0656],[-121.5746,36.0252],[-121.5114,36.0069],[-121.4856,35.9708],[-121.4686,35.9275],[-121.4633,35.8893],[-121.4396,35.867],[-121.4151,35.8579],[-121.3879,35.8234],[-121.3464,35.7952],[-121.1145,35.7933],[-120.6916,35.7909],[-120.214,35.7893],[-120.2207,35.8195],[-120.2445,35.824],[-120.2583,35.8463],[-120.2433,35.8777],[-120.2758,35.9059],[-120.3151,35.9072],[-120.3565,35.9481],[-120.3604,35.9644],[-120.4072,35.9744],[-120.4331,35.9689],[-120.4787,36.0102],[-120.5404,36.0367],[-120.592,36.0713],[-120.5923,36.0918],[-120.6488,36.108],[-120.668,36.1606],[-120.6546,36.1677],[-120.6271,36.203],[-120.6797,36.2467],[-120.6786,36.2673],[-120.7467,36.3102],[-120.7504,36.3039],[-120.7177,36.26],[-120.7055,36.2069],[-120.7583,36.202],[-120.7693,36.2166],[-120.8365,36.2649],[-120.8651,36.2926],[-120.8924,36.2925],[-120.9206,36.311],[-120.954,36.2746],[-120.9851,36.2902],[-120.9924,36.2699],[-121.0403,36.2711],[-121.0408,36.324],[-121.1935,36.4458],[-121.2441,36.5069],[-121.3118,36.5027],[-121.2954,36.5271],[-121.3135,36.5499],[-121.3291,36.5554],[-121.3184,36.61],[-121.3423,36.6395],[-121.3662,36.6564],[-121.4083,36.6567],[-121.4155,36.6731],[-121.4443,36.6731],[-121.4684,36.6865],[-121.4845,36.7131],[-121.4513,36.7248],[-121.4757,36.7492],[-121.4813,36.7652],[-121.5057,36.7589],[-121.5977,36.8374],[-121.6221,36.8462],[-121.6426,36.8737],[-121.644,36.894],[-121.6621,36.9141],[-121.6806,36.9033],[-121.71,36.9153],[-121.7456,36.9092],[-121.7725,36.8838],[-121.787,36.885],[-121.8106,36.8506]]]},"properties":{"GEOID":"41500","NAME":"Salinas, CA","LSAD":"M1"}},
{"type":"Feature","geometry":{"type":"Polygon","coordinates":[[[-90.7201,32.6189],[-90.7263,32.5699],[-90.7681,32.5748],[-90.8606,32.5752],[-90.8614,32.4428],[-90.9265,32.4506],[-90.9512,32.4444],[-90.9634,32.4112],[-90.964,32.5756],[-91.0435,32.5763],[-91.0804,32.5564],[-91.0512,32.5309],[-90.9949,32.5086],[-91.0042,32.4821],[-91.0381,32.4904],[-91.0748,32.5335],[-91.0937,32.5491],[-91.1167,32.5001],[-91.116,32.4831],[-91.0953,32.4587],[-91.0529,32.4384],[-91.0296,32.4335],[-90.9939,32.4509],[-90.9665,32.4339],[-90.9745,32.412],[-90.9941,32.4039],[-91.0045,32.3681],[-90.9867,32.3518],[-90.9124,32.3395],[-90.9162,32.3036],[-90.9478,32.2835],[-90.9762,32.2965],[-90.983,32.2703],[-90.9838,32.2106],[-91.0343,32.2415],[-91.0614,32.2186],[-91.0837,32.2265],[-91.1173,32.2067],[-91.1336,32.2134],[-91.1642,32.1969],[-91.1746,32.155],[-91.1628,32.1327],[-91.1113,32.125],[-91.0816,32.134],[-91.0532,32.1242],[-91.0497,32.1574],[-91.0029,32.1621],[-91.0118,32.1312],[-91.0307,32.1143],[-90.9903,32.097],[-90.9616,32.099],[-90.9568,32.0836],[-90.9162,32.0814],[-90.9176,32.1074],[-90.9077,32.1319],[-90.8897,32.1191],[-90.8458,32.1284],[-90.7748,32.154],[-90.79,32.1747],[-90.7727,32.1924],[-90.7532,32.1961],[-90.7286,32.2251],[-90.7129,32.2797],[-90.6988,32.2974],[-90.7047,32.3473],[-90.6836,32.3528],[-90.628,32.3395],[-90.6362,32.3745],[-90.6186,32.3925],[-90.6,32.4246],[-90.6041,32.4813],[-90.5806,32.5018],[-90.5538,32.5076],[-90.5539,32.5319],[-90.5879,32.5318],[-90.588,32.5461],[-90.6542,32.546],[-90.6555,32.5898],[-90.6902,32.5894],[-90.6899,32.6187],[-90.7201,32.6189]]]},"properties":{"GEOID":"46980","NAME":"Vicksburg, MS","LSAD":"M2"}},
{"type":"Feature","geometry":{"type":"Polygon","coordinates":[[[-78.0934,41.2169],[-78.061,41.1745],[-78.0382,41.1536],[-78.0173,41.1532],[-77.973,41.173],[-77.9731,41.2042],[-77.9594,41.2175],[-77.9236,41.2264],[-77.8982,41.2528],[-77.8927,41.1783],[-77.7986,41.182],[-77.7768,41.1451],[-77.7419,41.1075],[-77.7066,41.1139],[-77.6218,41.0912],[-77.5736,41.0687],[-77.58,41.047],[-77.5086,40.9629],[-77.4403,40.9744],[-77.3399,40.9872],[-77.1442,41.0443],[-77.1441,41.0688],[-77.1643,41.0687],[-77.3209,41.2189],[-77.3498,41.2199],[-77.4421,41.2861],[-77.4715,41.3135],[-77.4754,41.3377],[-77.4999,41.354],[-77.5265,41.3585],[-77.5847,41.4413],[-77.5973,41.4411],[-77.5981,41.4786],[-77.9892,41.4748],[-77.9888,41.3675],[-78.0934,41.2169]]]},"properties":{"GEOID":"30820","NAME":"Lock Haven, PA","LSAD":"M2"}},
{"type":"Feature","geometry":{"type":"Polygon","coordinates":[[[-83.2265,32.5842],[-83.1177,32.3838],[-82.991,32.1473],[-82.887,32.198],[-82.8583,32.1944],[-82.722,32.3093],[-82.6984,32.296],[-82.6555,32.2976],[-82.6488,32.3115],[-82.4091,32.3538],[-82.3966,32.387],[-82.3943,32.4115],[-82.3819,32.4406],[-82.398,32.4519],[-82.4693,32.4823],[-82.4993,32.4983],[-82.5345,32.4972],[-82.5628,32.5054],[-82.6183,32.505],[-82.603,32.5215],[-82.5644,32.5324],[-82.5947,32.5668],[-82.5944,32.5792],[-82.512,32.6252],[-82.4674,32.6468],[-82.4903,32.662],[-82.4994,32.6863],[-82.4522,32.7297],[-82.4341,32.7623],[-82.4733,32.7776],[-82.5211,32.8224],[-82.5606,32.8201],[-82.6098,32.7978],[-82.6569,32.788],[-82.6808,32.7968],[-82.7114,32.784],[-82.7686,32.7691],[-82.7737,32.7928],[-82.8025,32.8098],[-82.947,32.7594],[-82.9571,32.7083],[-83.0408,32.6733],[-83.2265,32.5842]]]},"properties":{"GEOID":"20140","NAME":"Dublin, GA","LSAD":"M2"}},
{"type":"Feature","geometry":{"type":"MultiPolygon","coordinates":[[[[-76.0888,38.1631],[-76.0603,38.1688],[-76.0512,38.1475],[-76.0261,38.1821],[-76.049,38.2038],[-76.0888,38.1631]]],[[[-76.0285,38.5723],[-76.0431,38.5621],[-76.0865,38.5859],[-76.1143,38.583],[-76.1413,38.606],[-76.1526,38.5958],[-76.1766,38.6276],[-76.2031,38.6107],[-76.2382,38.6167],[-76.2789,38.6115],[-76.2662,38.5861],[-76.29,38.5692],[-76.2473,38.5238],[-76.2654,38.4975],[-76.2997,38.5013],[-76.3335,38.4821],[-76.2828,38.4158],[-76.2781,38.3824],[-76.2497,38.3642],[-76.2138,38.3783],[-76.1824,38.3596],[-76.1618,38.3304],[-76.1644,38.3158],[-76.1339,38.3097],[-76.1499,38.2847],[-76.127,38.2834],[-76.1147,38.3007],[-76.0777,38.2674],[-76.0582,38.2284],[-76.0441,38.2417],[-76.027,38.2814],[-76.0502,38.3041],[-76.0456,38.3182],[-76.0172,38.3329],[-76.0103,38.3636],[-75.9739,38.3659],[-75.962,38.3434],[-75.9653,38.3225],[-76.0086,38.3123],[-75.9811,38.2686],[-75.9402,38.2709],[-75.9409,38.294],[-75.9122,38.3432],[-75.8726,38.3557],[-75.8647,38.3797],[-75.8456,38.4219],[-75.8198,38.4359],[-75.8367,38.4481],[-75.8167,38.4633],[-75.8237,38.481],[-75.765,38.5065],[-75.7449,38.5378],[-75.7322,38.538],[-75.7016,38.5607],[-75.7074,38.6354],[-75.749,38.6711],[-75.7984,38.6763],[-75.8003,38.696],[-75.838,38.704],[-75.9452,38.6741],[-75.9579,38.648],[-75.9835,38.6251],[-75.9916,38.5921],[-76.0285,38.5723]]]]},"properties":{"GEOID":"15700","NAME":"Cambridge, MD","LSAD":"M2"}},
{"type":"Feature","geometry":{"type":"Polygon","coordinates":[[[-100.1114,29.0863],[-100.2503,29.0852],[-100.4,29.0857],[-100.6675,29.0843],[-100.6632,29.048],[-100.6459,28.9864],[-100.6507,28.942],[-100.6392,28.9163],[-100.6136,28.9015],[-100.573,28.8485],[-100.5747,28.8288],[-100.5473,28.8258],[-100.5358,28.8059],[-100.5364,28.7776],[-100.5076,28.7406],[-100.5101,28.6907],[-100.4981,28.6596],[-100.4629,28.6414],[-100.4457,28.6406],[-100.4473,28.6093],[-100.4004,28.5869],[-100.4114,28.5519],[-100.387,28.514],[-100.3349,28.5003],[-100.3675,28.4748],[-100.3415,28.4496],[-100.3362,28.4302],[-100.3496,28.4026],[-100.3142,28.3459],[-100.2886,28.317],[-100.2943,28.2844],[-100.2578,28.2403],[-100.2236,28.2352],[-100.2122,28.1968],[-100.1137,28.1978],[-100.1143,28.6481],[-100.1114,29.0863]]]},"properties":{"GEOID":"20580","NAME":"Eagle Pass, TX","LSAD":"M2"}},
{"type":"Feature","geometry":{"type":"Polygon","coordinates":[[[-73.363,43.7532],[-73.3706,43.7253],[-73.4021,43.6931],[-73.4279,43.6344],[-73.4183,43.6233],[-73.4286,43.584],[-73.3981,43.5681],[-73.376,43.6126],[-73.3586,43.6251],[-73.3021,43.6244],[-73.2849,43.5793],[-73.2586,43.5649],[-73.2468,43.5258],[-73.2545,43.3147],[-73.1227,43.3087],[-72.8686,43.3008],[-72.8651,43.347],[-72.8533,43.3764],[-72.822,43.3757],[-72.7596,43.3538],[-72.7624,43.3713],[-72.7384,43.417],[-72.7242,43.4682],[-72.7715,43.4788],[-72.789,43.5001],[-72.7728,43.5916],[-72.758,43.5875],[-72.7009,43.6828],[-72.8201,43.7167],[-72.8039,43.741],[-72.8193,43.7463],[-72.7828,43.8043],[-72.7967,43.8294],[-72.8376,43.8292],[-72.8734,43.8396],[-72.8746,43.8581],[-72.9589,43.8265],[-73.0171,43.8049],[-73.0299,43.8467],[-73.1562,43.8424],[-73.2189,43.8373],[-73.2063,43.7668],[-73.363,43.7532]]]},"properties":{"GEOID":"40860","NAME":"Rutland, VT","LSAD":"M2"}},
{"type":"Feature","geometry":{"type":"Polygon","coordinates":[[[-86.9176,32.6642],[-86.9188,32.6443],[-86.8983,32.5677],[-86.9067,32.537],[-86.8905,32.5135],[-86.8702,32.469],[-86.8499,32.4383],[-86.8438,32.4004],[-86.8154,32.3708],[-86.8149,32.3408],[-86.8504,32.3289],[-86.8505,32.3099],[-86.8641,32.2705],[-86.8419,32.2429],[-86.8103,32.2247],[-86.9083,32.225],[-86.907,32.048],[-86.8566,32.0484],[-86.8576,31.9622],[-86.75,31.962],[-86.6136,31.9639],[-86.405,31.9638],[-86.4063,32.0507],[-86.3036,32.0517],[-86.3022,31.9651],[-86.1914,31.9665],[-85.9956,31.9676],[-85.9969,32.051],[-85.9993,32.2502],[-85.9866,32.2723],[-85.9193,32.2744],[-85.9543,32.3022],[-85.9668,32.3316],[-85.9914,32.3361],[-86.0145,32.3858],[-86.0074,32.4287],[-85.964,32.4496],[-85.9318,32.4535],[-85.8944,32.4476],[-85.8703,32.4815],[-85.8861,32.4931],[-85.8911,32.5169],[-85.8854,32.5431],[-85.8946,32.6147],[-85.8877,32.6476],[-85.9117,32.6778],[-85.9075,32.6993],[-85.8799,32.7545],[-85.9722,32.7549],[-86.375,32.7536],[-86.4133,32.7506],[-86.4131,32.7074],[-86.7142,32.7057],[-86.7134,32.6617],[-86.8166,32.6601],[-86.9176,32.6642]]]},"properties":{"GEOID":"33860","NAME":"Montgomery, AL","LSAD":"M1"}},
{"type":"Feature","geometry":{"type":"Polygon","coordinates":[[[-97.8281,30.9044],[-97.9629,30.7856],[-98.1231,30.487],[-98.0978,30.4981],[-98.0977,30.4676],[-98.173,30.3563],[-98.2976,30.038],[-98.0305,29.8485],[-97.9993,29.7524],[-97.9436,29.8069],[-97.8753,29.8582],[-97.8637,29.8563],[-97.8376,29.8285],[-97.8424,29.7992],[-97.7688,29.7417],[-97.7565,29.7178],[-97.7383,29.7127],[-97.7357,29.6912],[-97.7039,29.6813],[-97.6735,29.6632],[-97.6332,29.6499],[-97.5977,29.6307],[-97.3179,29.7847],[-97.107,29.9754],[-97.0245,30.0514],[-97.0818,30.2594],[-97.1996,30.3378],[-97.3345,30.4028],[-97.1552,30.4573],[-97.2699,30.7354],[-97.3155,30.7524],[-97.6241,30.87],[-97.8281,30.9044]]]},"properties":{"GEOID":"12420","NAME":"Austin-Round Rock-Georgetown, TX","LSAD":"M1"}},
{"type":"Feature","geometry":{"type":"Polygon","coordinates":[[[-90.1484,36.6307],[-90.1368,36.6674],[-90.158,36.723],[-90.1725,36.7475],[-90.201,36.7772],[-90.1979,36.8041],[-90.2163,36.8146],[-90.2248,36.8467],[-90.2533,36.8696],[-90.2487,36.8976],[-90.2586,36.922],[-90.3527,36.9261],[-90.6786,36.9265],[-90.6797,36.8831],[-90.6612,36.8828],[-90.6626,36.8115],[-90.8957,36.8129],[-91.0253,36.8221],[-91.1159,36.8237],[-91.1196,36.7801],[-91.1265,36.4977],[-90.7112,36.4983],[-90.2177,36.4978],[-90.21,36.542],[-90.1891,36.5445],[-90.1797,36.5946],[-90.1643,36.6042],[-90.1484,36.6307]]]},"properties":{"GEOID":"38740","NAME":"Poplar Bluff, MO","LSAD":"M2"}},
{"type":"Feature","geometry":{"type":"Polygon","coordinates":[[[-81.7558,39.1805],[-81.7446,39.1484],[-81.7473,39.0954],[-81.5322,39.0058],[-81.5295,38.9776],[-81.5495,38.9672],[-81.5417,38.9508],[-81.5026,38.9179],[-81.4674,38.9275],[-81.4481,38.9416],[-81.4151,38.9207],[-81.3439,38.8956],[-81.2784,38.9149],[-81.2727,38.9363],[-81.167,39.0271],[-81.1786,39.0407],[-81.2077,39.0447],[-81.242,39.0382],[-81.2538,39.0561],[-81.2611,39.103],[-81.2789,39.1212],[-81.324,39.1426],[-81.3168,39.1676],[-81.2976,39.1787],[-81.3018,39.2016],[-81.268,39.26],[-81.2497,39.2708],[-81.2611,39.2924],[-81.3233,39.3014],[-81.3261,39.3204],[-81.3636,39.3205],[-81.3713,39.3421],[-81.3959,39.3556],[-81.4067,39.3881],[-81.4286,39.4054],[-81.4561,39.4093],[-81.5032,39.3732],[-81.5575,39.3388],[-81.5702,39.2677],[-81.6084,39.276],[-81.6783,39.2738],[-81.6964,39.257],[-81.6913,39.2279],[-81.7256,39.2158],[-81.7558,39.1805]]]},"properties":{"GEOID":"37620","NAME":"Parkersburg-Vienna, WV","LSAD":"M1"}},
{"type":"Feature","geometry":{"type":"Polygon","coordinates":[[[-122.1033,38.5133],[-122.1049,38.4908],[-122.1264,38.4289],[-122.0734,38.3609],[-122.0614,38.3296],[-122.0648,38.3159],[-122.206,38.3157],[-122.2038,38.2939],[-122.1884,38.2716],[-122.213,38.2591],[-122.196,38.2304],[-122.2151,38.1797],[-122.1954,38.155],[-122.4068,38.1556],[-122.3981,38.1428],[-122.3613,38.1332],[-122.3026,38.1032],[-122.2697,38.0603],[-122.2441,38.0638],[-122.1839,38.054],[-122.1676,38.0367],[-122.1232,38.0361],[-122.0611,38.0621],[-122.0284,38.0592],[-121.9832,38.0673],[-121.9101,38.045],[-121.8747,38.0507],[-121.8625,38.066],[-121.8432,38.0767],[-121.7964,38.0608],[-121.7432,38.0872],[-121.7139,38.0845],[-121.6921,38.1331],[-121.6856,38.1597],[-121.6624,38.1821],[-121.6154,38.1957],[-121.6024,38.2204],[-121.6052,38.2961],[-121.5933,38.3131],[-121.6937,38.3137],[-121.6947,38.5271],[-121.712,38.538],[-121.7386,38.5377],[-121.7647,38.5259],[-121.8133,38.526],[-121.8488,38.5366],[-121.8884,38.5378],[-121.909,38.5296],[-121.9403,38.5334],[-122.0114,38.4892],[-122.0308,38.4936],[-122.0574,38.5174],[-122.1033,38.5133]]]},"properties":{"GEOID":"46700","NAME":"Vallejo, CA","LSAD":"M1"}},
{"type":"Feature","geometry":{"type":"Polygon","coordinates":[[[-79.768,35.5115],[-79.7642,35.4757],[-79.7517,35.444],[-79.7099,35.3013],[-79.712,35.2759],[-79.698,35.2515],[-79.6725,35.245],[-79.6588,35.194],[-79.6143,35.1637],[-79.6063,35.149],[-79.5739,35.122],[-79.5828,35.084],[-79.5651,35.0637],[-79.502,35.0642],[-79.4588,35.0436],[-79.3354,35.1616],[-79.3105,35.173],[-79.2455,35.2129],[-79.2119,35.1941],[-79.185,35.1937],[-79.141,35.1692],[-79.1009,35.1719],[-79.1004,35.1962],[-79.1516,35.214],[-79.1651,35.2409],[-79.1937,35.2502],[-79.223,35.2681],[-79.1836,35.3072],[-79.2736,35.3534],[-79.277,35.3766],[-79.2936,35.3996],[-79.3302,35.4246],[-79.3267,35.4349],[-79.3598,35.4697],[-79.3359,35.4978],[-79.3501,35.518],[-79.5558,35.515],[-79.768,35.5115]]]},"properties":{"GEOID":"38240","NAME":"Pinehurst-Southern Pines, NC","LSAD":"M2"}},
{"type":"Feature","geometry":{"type":"Polygon","coordinates":[[[-90.3316,33.3028],[-90.3303,33.1378],[-90.3831,33.1214],[-90.3816,33.106],[-90.4317,33.0969],[-90.4298,33.061],[-90.4154,33.049],[-90.3915,33.05],[-90.3819,33.0215],[-90.364,33.0099],[-90.4493,33.009],[-90.4499,32.9233],[-90.6567,32.9225],[-90.7598,32.8358],[-90.7595,32.8148],[-90.741,32.8091],[-90.7234,32.8189],[-90.7077,32.7778],[-90.6931,32.7543],[-90.7176,32.748],[-90.7426,32.7292],[-90.7137,32.7073],[-90.6933,32.7065],[-90.6644,32.6891],[-90.6842,32.6637],[-90.6993,32.6893],[-90.7242,32.6603],[-90.6976,32.6251],[-90.7201,32.6189],[-90.6899,32.6187],[-90.6902,32.5894],[-90.6555,32.5898],[-90.6542,32.546],[-90.588,32.5461],[-90.5879,32.5318],[-90.5539,32.5319],[-90.5538,32.5076],[-90.5806,32.5018],[-90.6041,32.4813],[-90.6,32.4246],[-90.6186,32.3925],[-90.6362,32.3745],[-90.628,32.3395],[-90.6836,32.3528],[-90.7047,32.3473],[-90.6988,32.2974],[-90.7129,32.2797],[-90.7286,32.2251],[-90.7256,32.1547],[-90.7144,31.9776],[-90.7168,31.8446],[-90.7356,31.8155],[-90.7368,31.6985],[-90.5622,31.6983],[-90.4142,31.7005],[-90.4136,31.6853],[-90.3794,31.6852],[-90.3801,31.7002],[-90.28,31.6999],[-90.2452,31.7175],[-90.1841,31.7315],[-90.1545,31.7471],[-90.1264,31.7525],[-89.7551,31.7747],[-89.653,31.7807],[-89.6545,31.7838],[-89.6544,32.0137],[-89.6621,32.0472],[-89.7301,32.0471],[-89.7313,32.1404],[-89.7301,32.3527],[-89.7841,32.5869],[-89.7592,32.6135],[-89.7303,32.6342],[-89.73,32.8851],[-89.8404,32.8854],[-89.8395,32.8797],[-89.9659,32.8796],[-89.9575,32.8917],[-89.8985,32.9303],[-89.8883,32.9806],[-89.8362,33.0418],[-89.8242,33.0641],[-89.8218,33.114],[-89.796,33.1244],[-89.7939,33.1595],[-89.7758,33.174],[-89.7494,33.2145],[-89.8896,33.253],[-90.1251,33.3193],[-90.295,33.3618],[-90.2796,33.3395],[-90.2917,33.319],[-90.3177,33.3173],[-90.3316,33.3028]]]},"properties":{"GEOID":"27140","NAME":"Jackson, MS","LSAD":"M1"}},
{"type":"Feature","geometry":{"type":"Polygon","coordinates":[[[-89.1719,37.0682],[-89.1994,37.0889],[-89.2317,37.0899],[-89.254,37.0994],[-89.2736,37.127],[-89.2588,37.1437],[-89.2673,37.1805],[-89.2602,37.2001],[-89.2641,37.2265],[-89.2381,37.2707],[-89.2027,37.2894],[-89.2066,37.3214],[-89.2486,37.3353],[-89.4865,37.3345],[-89.436,37.3444],[-89.4282,37.3562],[-89.4225,37.3971],[-89.4341,37.4268],[-89.4712,37.4665],[-89.5164,37.5356],[-89.5217,37.5662],[-89.5554,37.5768],[-89.5815,37.571],[-89.6036,37.5921],[-89.6377,37.5977],[-89.6848,37.5943],[-89.735,37.6016],[-89.7435,37.5927],[-89.7778,37.5907],[-89.8163,37.5999],[-90.1468,37.5974],[-90.1385,37.5412],[-90.1437,37.4651],[-90.1457,37.3121],[-90.2177,37.315],[-90.2232,37.0865],[-90.1104,37.0859],[-90.1112,37.0412],[-89.9957,37.0401],[-89.9959,37.0547],[-89.9592,37.0544],[-89.9596,37.1273],[-89.7652,37.1261],[-89.7585,37.1406],[-89.7218,37.1406],[-89.7038,37.155],[-89.7042,37.184],[-89.686,37.1985],[-89.6205,37.2183],[-89.6203,37.233],[-89.5835,37.2403],[-89.5071,37.244],[-89.4607,37.2506],[-89.4675,37.2218],[-89.4619,37.1995],[-89.4352,37.1521],[-89.4145,37.1251],[-89.3842,37.1033],[-89.3756,37.0859],[-89.3852,37.0577],[-89.3783,37.0396],[-89.3133,37.0096],[-89.2921,36.9922],[-89.2662,36.9963],[-89.2576,37.0155],[-89.2777,37.0361],[-89.3014,37.045],[-89.3077,37.0697],[-89.2599,37.0641],[-89.2341,37.0373],[-89.1985,37.0117],[-89.1921,36.98],[-89.17,36.9703],[-89.1327,36.9822],[-89.1664,37.0033],[-89.179,37.0209],[-89.1814,37.0463],[-89.1719,37.0682]]]},"properties":{"GEOID":"16020","NAME":"Cape Girardeau, MO-IL","LSAD":"M1"}},
{"type":"Feature","geometry":{"type":"Polygon","coordinates":[[[-78.4857,38.4216],[-78.538,38.4297],[-78.5585,38.4471],[-78.6225,38.4658],[-78.6463,38.4916],[-78.6913,38.51],[-78.6757,38.534],[-78.6632,38.5719],[-78.6418,38.6047],[-78.8096,38.7202],[-78.994,38.8501],[-79.0196,38.8179],[-79.0273,38.7921],[-79.0466,38.7921],[-79.0516,38.7726],[-79.0726,38.7475],[-79.0928,38.7023],[-79.0844,38.6865],[-79.093,38.6595],[-79.1311,38.6532],[-79.1554,38.6112],[-79.1635,38.5831],[-79.2059,38.5245],[-79.2106,38.4929],[-79.2243,38.4777],[-78.9302,38.3131],[-78.8933,38.3064],[-78.7494,38.2066],[-78.7263,38.232],[-78.681,38.2549],[-78.6572,38.2606],[-78.6639,38.2767],[-78.6512,38.2935],[-78.6027,38.3069],[-78.5875,38.3248],[-78.557,38.332],[-78.5538,38.3485],[-78.4932,38.4063],[-78.4857,38.4216]]]},"properties":{"GEOID":"25500","NAME":"Harrisonburg, VA","LSAD":"M1"}},
{"type":"Feature","geometry":{"type":"Polygon","coordinates":[[[-87.4953,37.6475],[-87.4996,37.6274],[-87.481,37.5999],[-87.4593,37.5929],[-87.397,37.5893],[-87.3751,37.57],[-87.35,37.5141],[-87.3597,37.5031],[-87.3525,37.4266],[-87.3297,37.4082],[-87.296,37.3918],[-87.211,37.3809],[-87.1711,37.4136],[-87.1123,37.4115],[-87.0998,37.416],[-87.1031,37.4809],[-87.0494,37.5519],[-87.0061,37.5805],[-86.9488,37.6305],[-86.9181,37.6256],[-86.8424,37.6652],[-86.8178,37.6737],[-86.8666,37.7089],[-86.8234,37.7378],[-86.6223,37.655],[-86.6779,37.7928],[-86.6625,37.857],[-86.6448,37.8948],[-86.6501,37.9106],[-86.686,37.9131],[-86.7185,37.8931],[-86.751,37.9129],[-86.7799,37.9555],[-86.7955,37.9895],[-86.8235,37.9989],[-86.856,37.9873],[-86.902,37.9464],[-86.9258,37.9351],[-86.979,37.9302],[-87.0124,37.9187],[-87.0452,37.8943],[-87.0433,37.8686],[-87.0697,37.8015],[-87.096,37.7853],[-87.1296,37.7866],[-87.1415,37.8163],[-87.1647,37.8414],[-87.2203,37.8491],[-87.269,37.878],[-87.3029,37.8977],[-87.3234,37.8192],[-87.3074,37.8152],[-87.2902,37.7606],[-87.3208,37.7425],[-87.3708,37.7378],[-87.3941,37.724],[-87.3985,37.6981],[-87.413,37.6747],[-87.4728,37.6649],[-87.4953,37.6475]]]},"properties":{"GEOID":"36980","NAME":"Owensboro, KY","LSAD":"M1"}},
{"type":"Feature","geometry":{"type":"Polygon","coordinates":[[[-86.3113,34.9911],[-86.3052,34.9721],[-86.2611,34.9454],[-86.2718,34.924],[-86.2933,34.945],[-86.3224,34.9258],[-86.3188,34.9021],[-86.3387,34.8947],[-86.347,34.8577],[-86.3265,34.8313],[-86.3435,34.8171],[-86.3397,34.7532],[-86.3581,34.735],[-86.359,34.6326],[-86.3258,34.6096],[-86.3269,34.5994],[-86.1485,34.5991],[-86.1498,34.5336],[-86.0977,34.5125],[-86.1002,34.4972],[-86.0834,34.4646],[-86.0577,34.476],[-86.0038,34.48],[-85.9623,34.4998],[-85.9385,34.5254],[-85.7855,34.6246],[-85.693,34.7443],[-85.6602,34.755],[-85.6343,34.7987],[-85.6271,34.8319],[-85.5831,34.8604],[-85.6052,34.9847],[-85.8639,34.9884],[-86.3113,34.9911]]]},"properties":{"GEOID":"42460","NAME":"Scottsboro, AL","LSAD":"M2"}},
{"type":"Feature","geometry":{"type":"Polygon","coordinates":[[[-84.6199,35.6447],[-84.6659,35.5951],[-84.6871,35.5796],[-84.6911,35.563],[-84.7249,35.5214],[-84.7499,35.5066],[-84.7775,35.4657],[-84.7996,35.4567],[-84.8145,35.437],[-84.8602,35.3501],[-84.8249,35.3257],[-84.7826,35.3135],[-84.7498,35.2874],[-84.7404,35.2565],[-84.7161,35.2618],[-84.6854,35.2466],[-84.667,35.2681],[-84.5161,35.2665],[-84.4955,35.2855],[-84.454,35.3188],[-84.4105,35.3306],[-84.4092,35.3984],[-84.4263,35.4019],[-84.4365,35.4228],[-84.4344,35.4456],[-84.4997,35.5711],[-84.5226,35.5861],[-84.5227,35.6078],[-84.5224,35.6186],[-84.5258,35.6242],[-84.5476,35.6413],[-84.5669,35.6332],[-84.5845,35.6444],[-84.6199,35.6447]]]},"properties":{"GEOID":"11940","NAME":"Athens, TN","LSAD":"M2"}},
{"type":"Feature","geometry":{"type":"Polygon","coordinates":[[[-76.3103,41.3102],[-76.32,41.2113],[-76.2776,41.1318],[-76.229,41.1385],[-76.2312,41.0503],[-76.2078,40.9497],[-76.028,40.9023],[-75.9976,40.9133],[-75.7322,41.0081],[-75.7427,41.0314],[-75.7703,41.0501],[-75.7675,41.0917],[-75.7376,41.102],[-75.6927,41.1313],[-75.6675,41.134],[-75.6494,41.1223],[-75.6281,41.1283],[-75.5973,41.1632],[-75.5767,41.1779],[-75.5697,41.1987],[-75.5398,41.2255],[-75.5056,41.2325],[-75.4412,41.2589],[-75.4523,41.4705],[-75.4624,41.6416],[-75.7973,41.6426],[-76.0876,41.6447],[-76.1152,41.6518],[-76.198,41.6478],[-76.2201,41.5413],[-76.2281,41.5111],[-76.3103,41.3102]]]},"properties":{"GEOID":"42540","NAME":"Scranton--Wilkes-Barre, PA","LSAD":"M1"}},
{"type":"Feature","geometry":{"type":"Polygon","coordinates":[[[-88.009,30.6835],[-87.9856,30.6775],[-87.956,30.6589],[-87.9254,30.6489],[-87.9125,30.6158],[-87.915,30.5859],[-87.9042,30.566],[-87.9053,30.5376],[-87.937,30.4831],[-87.92,30.4706],[-87.9063,30.4094],[-87.865,30.3835],[-87.8374,30.3763],[-87.8299,30.3538],[-87.8093,30.3327],[-87.7728,30.3117],[-87.7472,30.2878],[-87.768,30.2625],[-87.7877,30.2542],[-87.8177,30.2543],[-87.8601,30.2403],[-87.8932,30.2392],[-87.936,30.2615],[-87.9668,30.2356],[-88.024,30.2304],[-88.0277,30.2236],[-87.9261,30.2304],[-87.8385,30.2272],[-87.8006,30.2294],[-87.66,30.2506],[-87.5814,30.2693],[-87.5183,30.2804],[-87.4524,30.3002],[-87.4596,30.3083],[-87.5028,30.3073],[-87.5047,30.324],[-87.4649,30.3333],[-87.451,30.3463],[-87.4514,30.3672],[-87.4296,30.4065],[-87.4035,30.4102],[-87.3712,30.4305],[-87.3708,30.4469],[-87.4147,30.4573],[-87.4356,30.4805],[-87.4466,30.5271],[-87.4186,30.5618],[-87.3993,30.6056],[-87.3936,30.6309],[-87.407,30.6752],[-87.4514,30.6998],[-87.5023,30.7216],[-87.5326,30.7435],[-87.5521,30.7863],[-87.5819,30.8124],[-87.6005,30.8206],[-87.6273,30.848],[-87.6349,30.8659],[-87.6221,30.8854],[-87.5892,30.9645],[-87.5989,30.9975],[-87.6154,30.9974],[-87.6159,31.2445],[-87.6322,31.2429],[-87.6762,31.2619],[-87.7124,31.3011],[-87.7444,31.3017],[-87.7716,31.2937],[-87.8016,31.2699],[-87.8283,31.2753],[-87.8441,31.2361],[-87.8601,31.2354],[-87.8792,31.198],[-87.9062,31.1992],[-87.9136,31.1874],[-87.9466,31.1929],[-87.9397,31.1458],[-87.9466,31.1217],[-87.9759,31.0824],[-87.9487,31.0679],[-87.9412,31.0482],[-87.9574,31.0294],[-87.9633,30.9661],[-87.9436,30.9618],[-87.9243,30.9354],[-87.9499,30.9267],[-87.9588,30.904],[-87.9797,30.889],[-87.981,30.8619],[-87.9545,30.8494],[-87.9445,30.827],[-87.9871,30.8114],[-87.9906,30.7942],[-88.0222,30.7745],[-88.0263,30.7534],[-88.001,30.6983],[-88.009,30.6835]]]},"properties":{"GEOID":"19300","NAME":"Daphne-Fairhope-Foley, AL","LSAD":"M1"}},
{"type":"Feature","geometry":{"type":"Polygon","coordinates":[[[-82.1907,37.9748],[-82.1969,37.9644],[-82.1721,37.9362],[-82.1637,37.9124],[-82.1279,37.9008],[-82.1288,37.8779],[-82.1142,37.8524],[-82.1462,37.8379],[-82.1322,37.8097],[-82.1058,37.8011],[-82.0999,37.787],[-82.116,37.7465],[-82.0852,37.7314],[-82.0859,37.7071],[-82.0413,37.7016],[-82.0226,37.6682],[-81.9662,37.6647],[-81.9303,37.682],[-81.9062,37.6628],[-81.8739,37.671],[-81.838,37.6721],[-81.8144,37.6553],[-81.7921,37.6712],[-81.7469,37.6796],[-81.7332,37.6932],[-81.7017,37.7014],[-81.7647,37.7521],[-81.728,37.7596],[-81.6824,37.7761],[-81.638,37.7776],[-81.6075,37.7887],[-81.6655,37.8329],[-81.7152,37.8098],[-81.7447,37.8291],[-81.7822,37.8672],[-81.7589,37.8969],[-81.7856,37.9364],[-81.815,37.9472],[-81.861,37.9483],[-81.9018,37.9612],[-81.9123,37.9755],[-81.9506,37.9719],[-81.9796,37.9915],[-81.9723,38.0187],[-82.045,38.0146],[-82.1907,37.9748]]]},"properties":{"GEOID":"34350","NAME":"Mount Gay-Shamrock, WV","LSAD":"M2"}},
{"type":"Feature","geometry":{"type":"Polygon","coordinates":[[[-112.5386,37.0007],[-112.5424,36.9869],[-112.5293,36.9524],[-112.545,36.9388],[-112.5486,36.9124],[-112.5702,36.8956],[-112.5998,36.8082],[-112.6197,36.7827],[-112.6133,36.7394],[-112.6387,36.6745],[-112.6227,36.6268],[-112.6214,36.5948],[-112.6332,36.5701],[-112.6536,36.5579],[-112.6562,36.5151],[-112.6256,36.4861],[-112.623,36.4747],[-112.6451,36.4573],[-112.6241,36.41],[-112.6295,36.3916],[-112.651,36.3661],[-112.6816,36.3417],[-112.6988,36.3553],[-112.724,36.346],[-112.7206,36.3228],[-112.7468,36.3246],[-112.7617,36.31],[-112.8462,36.277],[-112.865,36.2824],[-112.9029,36.2538],[-112.9812,36.2318],[-113.0063,36.2388],[-113.0362,36.2282],[-113.0528,36.2094],[-113.0955,36.1936],[-113.1371,36.1664],[-113.1548,36.1745],[-113.1968,36.1529],[-113.2017,36.119],[-113.2249,36.0911],[-113.2572,36.0885],[-113.3134,36.1],[-113.3308,36.0683],[-113.3542,36.0404],[-113.3346,35.9795],[-113.3171,35.9614],[-113.3348,35.9139],[-113.3112,35.8933],[-113.3104,35.8632],[-113.3269,35.8407],[-113.334,35.803],[-113.3342,35.5282],[-113.2673,35.531],[-113.2187,35.5091],[-113.1763,35.5072],[-113.1476,35.479],[-113.088,35.4535],[-112.9769,35.3928],[-112.9532,35.3529],[-112.888,35.3432],[-112.797,35.323],[-112.7351,35.305],[-112.7017,35.3115],[-112.6795,35.3081],[-112.6605,35.2922],[-112.6408,35.3006],[-112.6192,35.2907],[-112.5774,35.2434],[-112.5418,35.2364],[-112.4996,35.2427],[-112.4729,35.2382],[-112.4424,35.2592],[-112.4423,35.1492],[-112.3358,35.1482],[-112.3345,34.973],[-112.0219,34.9741],[-112.0007,34.9765],[-111.809,34.9763],[-111.7776,34.981],[-111.7783,34.8033],[-111.5521,34.8025],[-111.552,34.6364],[-111.5547,34.4717],[-111.5285,34.4704],[-111.509,34.4547],[-111.5492,34.4201],[-111.525,34.4115],[-111.5085,34.4222],[-111.4673,34.4142],[-111.4269,34.4481],[-111.4247,34.3946],[-111.4071,34.3769],[-111.3994,34.4223],[-111.3717,34.4396],[-111.3541,34.4246],[-111.311,34.428],[-111.2541,34.4523],[-111.2219,34.4167],[-111.161,34.4038],[-111.1509,34.3794],[-111.1183,34.383],[-111.0875,34.395],[-111.0763,34.3816],[-111.0397,34.3733],[-111.05,34.3472],[-111.0332,34.3409],[-111.0113,34.36],[-110.9691,34.3243],[-110.9408,34.3105],[-110.8969,34.3024],[-110.8774,34.2758],[-110.8481,34.2672],[-110.8246,34.2954],[-110.796,34.2991],[-110.7646,34.2924],[-110.7507,34.2633],[-110.7507,34.4785],[-110.7507,34.7208],[-110.7507,34.9569],[-110.7507,35.3077],[-110.7507,35.5237],[-110.7507,35.7948],[-110.7507,36.1659],[-110.7507,36.6054],[-110.7507,37.0032],[-111.0665,37.0024],[-111.1337,37.0008],[-111.4055,37.0015],[-111.833,37.0013],[-112.0977,37.0011],[-112.5386,37.0007]]]},"properties":{"GEOID":"22380","NAME":"Flagstaff, AZ","LSAD":"M1"}},
{"type":"Feature","geometry":{"type":"Polygon","coordinates":[[[-78.4655,43.3712],[-78.4664,43.3028],[-78.4604,43.2162],[-78.4655,43.1286],[-78.3703,43.1306],[-78.1155,43.1324],[-78.0481,43.1315],[-77.9059,43.1336],[-77.951,43.0395],[-77.9041,43.0371],[-77.9114,42.9451],[-77.9342,42.9456],[-77.9352,42.9053],[-77.9555,42.9059],[-77.955,42.8628],[-77.9563,42.6673],[-78.012,42.5869],[-78.0365,42.5877],[-78.0504,42.5736],[-78.0503,42.5385],[-78.0426,42.5185],[-77.8407,42.5178],[-77.8402,42.4746],[-77.723,42.4712],[-77.7206,42.5351],[-77.6613,42.5351],[-77.6599,42.5804],[-77.4909,42.5773],[-77.3068,42.5762],[-77.1438,42.5769],[-77.1496,42.5539],[-77.1495,42.5001],[-77.1072,42.4838],[-76.9893,42.4848],[-76.9879,42.4633],[-76.964,42.4592],[-76.8898,42.4631],[-76.9008,42.4938],[-76.8956,42.5415],[-76.8953,42.6563],[-76.945,42.7373],[-76.9474,42.7644],[-76.9779,42.7732],[-76.9735,42.8337],[-76.9813,42.8612],[-76.9634,42.8729],[-76.9639,43.0132],[-76.7138,43.024],[-76.7178,43.0626],[-76.7023,43.0804],[-76.7112,43.221],[-76.7225,43.3437],[-76.7879,43.3113],[-76.8417,43.3054],[-76.8774,43.2929],[-76.8962,43.296],[-76.951,43.2705],[-76.9884,43.2745],[-77.0426,43.2705],[-77.0487,43.2771],[-77.1071,43.2893],[-77.1496,43.2892],[-77.1731,43.2815],[-77.2141,43.2841],[-77.2642,43.2774],[-77.3411,43.2807],[-77.3831,43.2753],[-77.5009,43.2504],[-77.5301,43.236],[-77.5772,43.2433],[-77.6283,43.2713],[-77.6538,43.2795],[-77.7077,43.3108],[-77.7141,43.3236],[-77.7602,43.3412],[-77.7974,43.3399],[-77.9227,43.357],[-77.9652,43.3681],[-77.9998,43.3651],[-78.1045,43.3756],[-78.1787,43.3707],[-78.3371,43.3726],[-78.3702,43.3765],[-78.4655,43.3712]]]},"properties":{"GEOID":"40380","NAME":"Rochester, NY","LSAD":"M1"}},
{"type":"Feature","geometry":{"type":"Polygon","coordinates":[[[-94.9375,31.8456],[-94.9359,31.8315],[-94.9546,31.7966],[-94.9718,31.7824],[-94.9386,31.7722],[-94.9304,31.755],[-94.9644,31.755],[-94.9703,31.7378],[-94.9583,31.7241],[-94.9652,31.6939],[-94.9483,31.657],[-94.952,31.6414],[-94.9251,31.604],[-94.9151,31.5696],[-94.8915,31.5774],[-94.8961,31.5457],[-94.8659,31.5269],[-94.8612,31.5148],[-94.8346,31.5025],[-94.8235,31.4865],[-94.8039,31.4905],[-94.7615,31.4715],[-94.6863,31.4508],[-94.6618,31.4572],[-94.6412,31.4438],[-94.6022,31.4454],[-94.5815,31.4332],[-94.5548,31.4351],[-94.5376,31.3986],[-94.5022,31.4105],[-94.4927,31.3951],[-94.4698,31.384],[-94.4494,31.3213],[-94.4381,31.3126],[-94.3929,31.299],[-94.3742,31.2662],[-94.3576,31.2596],[-94.3477,31.237],[-94.3266,31.2248],[-94.3396,31.2633],[-94.3151,31.3084],[-94.3178,31.3448],[-94.3269,31.354],[-94.3269,31.4],[-94.3081,31.4145],[-94.3209,31.4449],[-94.319,31.4784],[-94.3023,31.5119],[-94.3066,31.572],[-94.3682,31.6343],[-94.3926,31.6395],[-94.4053,31.6628],[-94.4069,31.6943],[-94.4168,31.7059],[-94.4134,31.7436],[-94.4311,31.7721],[-94.4333,31.8229],[-94.4525,31.8441],[-94.7562,31.8438],[-94.9375,31.8456]]]},"properties":{"GEOID":"34860","NAME":"Nacogdoches, TX","LSAD":"M2"}},
{"type":"Feature","geometry":{"type":"Polygon","coordinates":[[[-81.6477,40.914],[-81.65,40.6678],[-81.6491,40.6345],[-81.4699,40.6545],[-81.3177,40.6516],[-81.3217,40.5666],[-81.2647,40.565],[-81.27,40.4335],[-81.2123,40.4335],[-81.1001,40.4289],[-80.9419,40.4247],[-80.9402,40.4683],[-80.9247,40.468],[-80.9209,40.5563],[-80.8636,40.5554],[-80.862,40.5994],[-80.8608,40.6426],[-80.9181,40.6435],[-80.9172,40.7269],[-81.0873,40.7278],[-81.0867,40.9016],[-81.0863,40.988],[-81.4163,40.9885],[-81.4204,40.9065],[-81.6477,40.914]]]},"properties":{"GEOID":"15940","NAME":"Canton-Massillon, OH","LSAD":"M1"}},
{"type":"Feature","geometry":{"type":"Polygon","coordinates":[[[-93.521,33.0186],[-93.5307,32.9786],[-93.4933,32.9215],[-93.4767,32.8857],[-93.4513,32.8559],[-93.465,32.7717],[-93.4449,32.7614],[-93.4465,32.498],[-93.4413,32.4978],[-93.4411,32.4105],[-93.3727,32.4102],[-93.2369,32.4102],[-93.2372,32.4543],[-93.1476,32.4547],[-93.1464,32.47],[-93.1641,32.5032],[-93.1682,32.5497],[-93.1817,32.5863],[-93.1769,32.6633],[-93.1861,32.6729],[-93.1867,32.7162],[-93.2377,32.716],[-93.2386,33.018],[-93.4906,33.0184],[-93.521,33.0186]]]},"properties":{"GEOID":"33380","NAME":"Minden, LA","LSAD":"M2"}},
{"type":"Feature","geometry":{"type":"Polygon","coordinates":[[[-77.1374,40.0699],[-77.092,40.0536],[-77.0685,40.0289],[-77.0186,40.0139],[-76.9662,39.9352],[-76.967,39.9162],[-76.9837,39.8936],[-76.9551,39.857],[-77.0003,39.8312],[-76.9993,39.7198],[-76.7156,39.7211],[-76.2398,39.7213],[-76.2406,39.7303],[-76.2761,39.7756],[-76.3164,39.8104],[-76.3383,39.8221],[-76.3508,39.8471],[-76.3773,39.8662],[-76.3904,39.9118],[-76.449,39.9343],[-76.4779,39.9516],[-76.4954,39.9761],[-76.4984,39.9965],[-76.5269,40.0264],[-76.5345,40.0513],[-76.5712,40.0457],[-76.6638,40.0632],[-76.6972,40.1025],[-76.7216,40.1201],[-76.7428,40.1301],[-76.7521,40.1752],[-76.8006,40.2001],[-76.8289,40.205],[-76.8395,40.2216],[-76.8987,40.2146],[-76.9186,40.1983],[-76.9291,40.1613],[-76.9513,40.1658],[-77.0288,40.1478],[-77.1374,40.0699]]]},"properties":{"GEOID":"49620","NAME":"York-Hanover, PA","LSAD":"M1"}},
{"type":"Feature","geometry":{"type":"Polygon","coordinates":[[[-121.9083,39.3039],[-121.9369,39.268],[-121.9482,39.2404],[-121.9283,39.1987],[-121.9455,39.1798],[-121.9201,39.153],[-121.8941,39.078],[-121.8698,39.0669],[-121.848,39.0708],[-121.8244,39.0318],[-121.8195,38.9883],[-121.8404,38.9545],[-121.8355,38.9245],[-121.8048,38.9145],[-121.8148,38.8766],[-121.8017,38.8643],[-121.77,38.8615],[-121.7497,38.8712],[-121.7305,38.8591],[-121.7233,38.8038],[-121.7018,38.803],[-121.6701,38.7593],[-121.6081,38.7809],[-121.5926,38.7629],[-121.6029,38.7358],[-121.4844,38.7346],[-121.4698,38.7516],[-121.4694,38.926],[-121.4144,38.9262],[-121.4148,38.9984],[-121.3724,39.0277],[-121.3045,39.0525],[-121.2795,39.0346],[-121.2795,39.2305],[-121.2592,39.2564],[-121.2669,39.2716],[-121.2401,39.284],[-121.2199,39.2831],[-121.2001,39.3024],[-121.2064,39.3165],[-121.179,39.3386],[-121.1577,39.3392],[-121.1253,39.3799],[-121.0851,39.3932],[-121.0221,39.3916],[-121.0344,39.5144],[-121.0575,39.54],[-121.0244,39.559],[-121.0095,39.6395],[-121.0767,39.5973],[-121.1075,39.5853],[-121.107,39.5672],[-121.1499,39.5553],[-121.1499,39.5264],[-121.2405,39.5266],[-121.2402,39.5131],[-121.2771,39.5128],[-121.3051,39.5196],[-121.3148,39.4759],[-121.3383,39.465],[-121.3462,39.4442],[-121.3418,39.4224],[-121.3591,39.4091],[-121.3729,39.3646],[-121.4075,39.3398],[-121.4433,39.3315],[-121.475,39.3333],[-121.4994,39.3164],[-121.5305,39.3183],[-121.5631,39.305],[-121.5942,39.3078],[-121.6112,39.3193],[-121.6301,39.3057],[-121.7984,39.3036],[-121.9083,39.3039]]]},"properties":{"GEOID":"49700","NAME":"Yuba City, CA","LSAD":"M1"}},
{"type":"Feature","geometry":{"type":"Polygon","coordinates":[[[-122.1154,37.4664],[-122.1279,37.4527],[-122.1653,37.4528],[-122.1905,37.431],[-122.191,37.3844],[-122.2015,37.358],[-122.1523,37.2861],[-122.1216,37.2586],[-122.1042,37.2343],[-122.0475,37.2049],[-122.0262,37.1669],[-121.9632,37.1332],[-121.9107,37.1133],[-121.8506,37.0985],[-121.824,37.0876],[-121.8091,37.0693],[-121.7549,37.0485],[-121.7362,37.0153],[-121.6981,36.9726],[-121.6648,36.9637],[-121.6458,36.9323],[-121.6248,36.9405],[-121.6072,36.9261],[-121.5812,36.9193],[-121.5815,36.9003],[-121.6074,36.8995],[-121.6295,36.9117],[-121.644,36.894],[-121.6426,36.8737],[-121.6221,36.8462],[-121.5977,36.8374],[-121.5057,36.7589],[-121.4813,36.7652],[-121.4757,36.7492],[-121.4513,36.7248],[-121.4845,36.7131],[-121.4684,36.6865],[-121.4443,36.6731],[-121.4155,36.6731],[-121.4083,36.6567],[-121.3662,36.6564],[-121.3423,36.6395],[-121.3184,36.61],[-121.3291,36.5554],[-121.3135,36.5499],[-121.2954,36.5271],[-121.3118,36.5027],[-121.2441,36.5069],[-121.1935,36.4458],[-121.0408,36.324],[-121.0403,36.2711],[-120.9924,36.2699],[-120.9851,36.2902],[-120.954,36.2746],[-120.9206,36.311],[-120.8924,36.2925],[-120.8651,36.2926],[-120.8365,36.2649],[-120.7693,36.2166],[-120.7583,36.202],[-120.7055,36.2069],[-120.7177,36.26],[-120.7504,36.3039],[-120.7467,36.3102],[-120.6786,36.2673],[-120.6827,36.2944],[-120.6631,36.3144],[-120.63,36.3169],[-120.5966,36.3285],[-120.5972,36.4882],[-120.6037,36.4882],[-120.9187,36.7404],[-120.9334,36.7517],[-121.1415,36.8367],[-121.1888,36.9132],[-121.2166,36.9136],[-121.2347,36.9269],[-121.2118,36.9571],[-121.2459,36.983],[-121.2331,36.9993],[-121.246,37.0256],[-121.2245,37.0397],[-121.2096,37.0682],[-121.243,37.0927],[-121.2173,37.123],[-121.2268,37.1348],[-121.2371,37.1572],[-121.2621,37.1593],[-121.2823,37.1837],[-121.2986,37.166],[-121.3284,37.166],[-121.3546,37.1839],[-121.4046,37.156],[-121.4222,37.2219],[-121.4557,37.2494],[-121.454,37.2841],[-121.4075,37.3131],[-121.4236,37.3588],[-121.4125,37.3894],[-121.4564,37.4067],[-121.4726,37.4233],[-121.464,37.4538],[-121.4843,37.466],[-121.4726,37.4822],[-121.6704,37.4827],[-121.8653,37.4846],[-121.8803,37.4715],[-121.925,37.4542],[-121.936,37.4629],[-121.98,37.4609],[-121.9965,37.467],[-122.0409,37.4629],[-122.0583,37.4468],[-122.0887,37.4523],[-122.1154,37.4664]]]},"properties":{"GEOID":"41940","NAME":"San Jose-Sunnyvale-Santa Clara, CA","LSAD":"M1"}},
{"type":"Feature","geometry":{"type":"Polygon","coordinates":[[[-87.0178,32.7295],[-87.0333,32.6958],[-87.0321,32.664],[-87.0479,32.6208],[-87.0403,32.6039],[-87.057,32.5844],[-87.0814,32.5704],[-87.0796,32.5398],[-87.1164,32.4877],[-87.221,32.487],[-87.2346,32.4844],[-87.4232,32.483],[-87.4217,32.3081],[-87.4731,32.3076],[-87.4722,32.2649],[-87.4446,32.2689],[-87.4232,32.2443],[-87.3943,32.2373],[-87.3622,32.1961],[-87.3311,32.1981],[-87.3021,32.1636],[-87.2777,32.1468],[-87.2629,32.147],[-87.234,32.1017],[-87.1889,32.0822],[-87.1758,32.0634],[-87.1779,32.0475],[-86.907,32.048],[-86.9083,32.225],[-86.8103,32.2247],[-86.8419,32.2429],[-86.8641,32.2705],[-86.8505,32.3099],[-86.8504,32.3289],[-86.8149,32.3408],[-86.8154,32.3708],[-86.8438,32.4004],[-86.8499,32.4383],[-86.8702,32.469],[-86.8905,32.5135],[-86.9067,32.537],[-86.8983,32.5677],[-86.9188,32.6443],[-86.9176,32.6642],[-87.0177,32.6633],[-87.0178,32.7295]]]},"properties":{"GEOID":"42820","NAME":"Selma, AL","LSAD":"M2"}},
{"type":"Feature","geometry":{"type":"Polygon","coordinates":[[[-93.2366,31.3645],[-93.3905,31.3641],[-93.4426,31.2767],[-93.5354,31.2764],[-93.5359,31.2527],[-93.5534,31.2407],[-93.5525,31.1856],[-93.5333,31.1845],[-93.5487,31.1558],[-93.5397,31.1144],[-93.5591,31.0974],[-93.5522,31.0789],[-93.5189,31.0619],[-93.5216,31.0363],[-93.5391,31.0083],[-93.5656,31.0132],[-93.5782,31],[-93.5693,30.9762],[-93.5318,30.9582],[-93.5309,30.9245],[-93.5584,30.9135],[-93.5492,30.8974],[-93.5741,30.8845],[-93.5588,30.8688],[-93.5228,30.8796],[-93.4787,30.8592],[-93.4215,30.8828],[-93.1341,30.8831],[-93.134,30.8778],[-93.0295,30.8797],[-92.9787,30.8781],[-92.8242,30.8772],[-92.8239,30.8921],[-92.8241,31.011],[-92.8278,31.0112],[-92.8295,31.2521],[-92.8464,31.2741],[-92.8796,31.2885],[-92.8797,31.3174],[-92.9305,31.3322],[-92.9643,31.3324],[-92.9815,31.3469],[-92.992,31.3605],[-93.0322,31.3637],[-93.2366,31.3645]]]},"properties":{"GEOID":"22860","NAME":"Fort Polk South, LA","LSAD":"M2"}},
{"type":"Feature","geometry":{"type":"Polygon","coordinates":[[[-123.7165,42.7841],[-123.733,42.7689],[-123.7573,42.7206],[-123.8313,42.6323],[-123.8215,42.6197],[-123.8303,42.5951],[-123.8496,42.5837],[-123.8548,42.5506],[-123.8904,42.5007],[-123.9281,42.4946],[-123.9988,42.5],[-124.0148,42.4334],[-124.0131,42.4131],[-124.0357,42.4018],[-124.0416,42.3859],[-124.0269,42.3592],[-123.9347,42.3558],[-123.9204,42.3465],[-123.8927,42.3533],[-123.815,42.2626],[-123.7931,42.2211],[-123.8189,42.2036],[-123.8157,42.166],[-123.8585,42.1351],[-123.8322,42.1079],[-123.822,42.0866],[-123.849,42.043],[-123.822,41.9956],[-123.7282,41.9971],[-123.6572,41.9951],[-123.624,41.9998],[-123.5179,42.0008],[-123.347,41.9993],[-123.2311,42.0039],[-123.2292,42.1283],[-123.2292,42.3898],[-123.2296,42.7026],[-123.2493,42.7244],[-123.2743,42.732],[-123.3667,42.7322],[-123.4013,42.725],[-123.4063,42.714],[-123.4455,42.703],[-123.4944,42.7092],[-123.5425,42.7098],[-123.5622,42.7176],[-123.5817,42.7399],[-123.7165,42.7397],[-123.7165,42.7841]]]},"properties":{"GEOID":"24420","NAME":"Grants Pass, OR","LSAD":"M1"}},
{"type":"Feature","geometry":{"type":"Polygon","coordinates":[[[-95.1397,45.7589],[-95.1399,45.585],[-95.1315,45.585],[-95.1317,45.4124],[-94.7629,45.4129],[-94.7631,45.3261],[-94.6401,45.3256],[-94.3836,45.3266],[-94.3834,45.2828],[-94.2611,45.2839],[-94.257,45.3063],[-94.1943,45.3189],[-94.1567,45.304],[-94.0989,45.3434],[-94.086,45.3798],[-94.0495,45.4261],[-94.1017,45.4548],[-94.1003,45.4666],[-94.142,45.4932],[-94.1505,45.5291],[-94.1495,45.5591],[-93.7594,45.5596],[-93.7639,45.8221],[-93.9382,45.824],[-94.3532,45.8221],[-94.3346,45.8028],[-94.2718,45.7752],[-94.736,45.7736],[-94.8452,45.7745],[-95.1397,45.7734],[-95.1397,45.7589]]]},"properties":{"GEOID":"41060","NAME":"St. Cloud, MN","LSAD":"M1"}},
{"type":"Feature","geometry":{"type":"Polygon","coordinates":[[[-81.9691,31.7893],[-81.9819,31.7844],[-82.0123,31.8106],[-82.0488,31.8268],[-82.0872,31.821],[-82.0872,31.7995],[-82.133,31.7734],[-82.1337,31.6464],[-82.1328,31.4713],[-82.0905,31.48],[-82.0549,31.4555],[-82.0556,31.4072],[-82.0411,31.3737],[-82.0311,31.3662],[-81.9232,31.3459],[-81.8452,31.3547],[-81.8011,31.3637],[-81.7252,31.3272],[-81.6981,31.3679],[-81.692,31.4005],[-81.665,31.3999],[-81.6123,31.4683],[-81.6582,31.5101],[-81.6632,31.5387],[-81.6968,31.554],[-81.7012,31.58],[-81.7368,31.6084],[-81.7845,31.6298],[-81.8066,31.6553],[-81.8239,31.6518],[-81.8671,31.6911],[-81.8765,31.7132],[-81.9056,31.7247],[-81.9339,31.7624],[-81.9691,31.7893]]]},"properties":{"GEOID":"27700","NAME":"Jesup, GA","LSAD":"M2"}},
{"type":"Feature","geometry":{"type":"Polygon","coordinates":[[[-79.3501,35.518],[-79.3359,35.4978],[-79.3598,35.4697],[-79.3267,35.4349],[-79.3302,35.4246],[-79.2936,35.3996],[-79.277,35.3766],[-79.2736,35.3534],[-79.1836,35.3072],[-78.9696,35.5217],[-78.9956,35.5421],[-79.0166,35.5443],[-79.0456,35.5684],[-79.0531,35.5966],[-79.1013,35.624],[-79.142,35.6231],[-79.188,35.5794],[-79.2452,35.553],[-79.2755,35.5318],[-79.3034,35.5521],[-79.3121,35.5305],[-79.3501,35.518]]]},"properties":{"GEOID":"41820","NAME":"Sanford, NC","LSAD":"M2"}},
{"type":"Feature","geometry":{"type":"Polygon","coordinates":[[[-85.0888,43.8137],[-85.2661,43.814],[-85.5624,43.8155],[-85.5623,43.4681],[-85.3591,43.4682],[-85.085,43.4662],[-85.0888,43.8137]]]},"properties":{"GEOID":"13660","NAME":"Big Rapids, MI","LSAD":"M2"}},
{"type":"Feature","geometry":{"type":"Polygon","coordinates":[[[-90.2596,31.0007],[-90.3473,31.0004],[-90.3468,30.9056],[-90.317,30.8912],[-90.3153,30.8712],[-90.2902,30.8221],[-90.267,30.7518],[-90.2547,30.7372],[-90.2557,30.7124],[-89.9958,30.6654],[-89.8418,30.6656],[-89.8281,30.725],[-89.8324,30.7645],[-89.8139,30.7938],[-89.784,30.8274],[-89.7844,30.8537],[-89.7682,30.8664],[-89.7736,30.8969],[-89.7448,30.9189],[-89.7563,30.9435],[-89.7357,30.9666],[-89.7281,31.0023],[-90.0296,31.0012],[-90.2596,31.0007]]]},"properties":{"GEOID":"14220","NAME":"Bogalusa, LA","LSAD":"M2"}},
{"type":"Feature","geometry":{"type":"Polygon","coordinates":[[[-79.0608,42.5379],[-79.0604,42.2604],[-79.0591,42.0867],[-79.0613,41.9993],[-78.9189,41.9981],[-78.7498,41.9981],[-78.5966,41.9999],[-78.3081,41.9994],[-78.3092,42.2246],[-78.3088,42.5212],[-78.4646,42.5192],[-78.4639,42.5363],[-78.622,42.5042],[-78.6457,42.4909],[-78.7288,42.4825],[-78.7808,42.4552],[-78.8097,42.4589],[-78.8365,42.4437],[-78.896,42.4408],[-78.9389,42.468],[-78.957,42.4724],[-78.9917,42.5292],[-79.0331,42.5433],[-79.0608,42.5379]]]},"properties":{"GEOID":"36460","NAME":"Olean, NY","LSAD":"M2"}},
{"type":"Feature","geometry":{"type":"Polygon","coordinates":[[[-80.1833,35.5041],[-80.2954,35.5029],[-80.5054,35.1841],[-80.4704,35.1673],[-80.4399,35.161],[-80.3576,35.1649],[-80.3043,35.1831],[-80.2967,35.1934],[-80.2517,35.2045],[-80.225,35.1562],[-80.1747,35.1482],[-80.1539,35.1749],[-80.1362,35.1675],[-80.1083,35.1758],[-80.0754,35.1431],[-80.0569,35.164],[-80.0541,35.1808],[-80.0698,35.2183],[-80.0908,35.236],[-80.0982,35.2552],[-80.0819,35.3215],[-80.0664,35.3571],[-80.0517,35.3726],[-80.0623,35.3861],[-80.0937,35.402],[-80.0901,35.4156],[-80.1085,35.4595],[-80.1399,35.4751],[-80.1617,35.4752],[-80.1826,35.5042],[-80.1833,35.5041]]]},"properties":{"GEOID":"10620","NAME":"Albemarle, NC","LSAD":"M2"}},
{"type":"Feature","geometry":{"type":"Polygon","coordinates":[[[-77.7007,35.6523],[-77.6624,35.6193],[-77.6102,35.5675],[-77.593,35.5641],[-77.5603,35.5335],[-77.541,35.533],[-77.5053,35.5183],[-77.5041,35.4935],[-77.4755,35.4267],[-77.4707,35.4098],[-77.4331,35.3681],[-77.391,35.3395],[-77.3504,35.3284],[-77.2943,35.3791],[-77.2693,35.3692],[-77.2589,35.3517],[-77.2379,35.3615],[-77.2396,35.3814],[-77.221,35.4018],[-77.1993,35.4004],[-77.1891,35.4184],[-77.1912,35.435],[-77.1738,35.4566],[-77.1762,35.5191],[-77.1274,35.5538],[-77.0935,35.5509],[-77.0866,35.5626],[-77.1438,35.6013],[-77.1424,35.6179],[-77.1739,35.6361],[-77.1803,35.6638],[-77.1698,35.6843],[-77.193,35.6942],[-77.1939,35.7092],[-77.1703,35.719],[-77.174,35.7328],[-77.2159,35.7601],[-77.2598,35.7652],[-77.2552,35.7864],[-77.3504,35.8192],[-77.3902,35.8331],[-77.4096,35.8264],[-77.4255,35.8054],[-77.4723,35.8011],[-77.5155,35.762],[-77.6651,35.6749],[-77.7007,35.6523]]]},"properties":{"GEOID":"24780","NAME":"Greenville, NC","LSAD":"M1"}},
{"type":"Feature","geometry":{"type":"Polygon","coordinates":[[[-95.4599,32.1356],[-95.4523,32.1077],[-95.4285,32.0845],[-95.4379,32.0683],[-95.4328,32.0309],[-95.4241,32.0189],[-95.4464,31.9985],[-95.4533,31.9596],[-95.424,31.9294],[-95.4348,31.8674],[-95.4443,31.843],[-95.4248,31.8411],[-95.4037,31.8218],[-95.3941,31.7872],[-95.3956,31.7634],[-95.3628,31.7525],[-95.3657,31.7278],[-95.3377,31.7355],[-95.3216,31.7044],[-95.2939,31.6858],[-95.2758,31.6572],[-95.2817,31.6254],[-95.2597,31.6078],[-95.2732,31.5929],[-95.2564,31.5762],[-95.1972,31.573],[-95.1764,31.5848],[-95.1492,31.5689],[-95.1434,31.5396],[-95.1253,31.5372],[-95.1,31.5189],[-95.0938,31.5029],[-95.1097,31.4889],[-95.1001,31.469],[-95.0676,31.4659],[-95.0397,31.4467],[-95.0113,31.4378],[-95.0033,31.4257],[-94.8659,31.5269],[-94.8961,31.5457],[-94.8915,31.5774],[-94.9151,31.5696],[-94.9251,31.604],[-94.952,31.6414],[-94.9483,31.657],[-94.9652,31.6939],[-94.9583,31.7241],[-94.9703,31.7378],[-94.9644,31.755],[-94.9304,31.755],[-94.9386,31.7722],[-94.9718,31.7824],[-94.9546,31.7966],[-94.9359,31.8315],[-94.9375,31.8456],[-94.9848,31.8461],[-94.9853,32.138],[-95.3425,32.1356],[-95.4599,32.1356]]]},"properties":{"GEOID":"27380","NAME":"Jacksonville, TX","LSAD":"M2"}},
{"type":"Feature","geometry":{"type":"Polygon","coordinates":[[[-73.5301,41.5272],[-73.551,41.2954],[-73.4827,41.2128],[-73.7278,41.1007],[-73.6552,41.0119],[-73.659,40.9889],[-73.5957,41.016],[-73.584,41.0009],[-73.5515,41.0243],[-73.469,41.0601],[-73.4332,41.0558],[-73.4025,41.0861],[-73.3504,41.1064],[-73.3091,41.1148],[-73.2868,41.1279],[-73.2624,41.1182],[-73.2027,41.1581],[-73.1722,41.1591],[-73.1303,41.1468],[-73.103,41.1514],[-73.108,41.1688],[-73.1225,41.1829],[-73.1093,41.2041],[-73.11,41.2294],[-73.0873,41.2518],[-73.0887,41.2717],[-73.0679,41.301],[-73.1158,41.3322],[-73.1587,41.3834],[-73.1734,41.3836],[-73.2182,41.4291],[-73.2737,41.4516],[-73.2939,41.4474],[-73.3105,41.4688],[-73.3268,41.4695],[-73.3753,41.4892],[-73.387,41.5148],[-73.4415,41.4913],[-73.4552,41.5472],[-73.4978,41.6381],[-73.4847,41.6474],[-73.5182,41.6667],[-73.5301,41.5272]]]},"properties":{"GEOID":"14860","NAME":"Bridgeport-Stamford-Norwalk, CT","LSAD":"M1"}},
{"type":"Feature","geometry":{"type":"MultiPolygon","coordinates":[[[[-97.2227,27.5765],[-97.1992,27.6223],[-97.1541,27.6969],[-97.1083,27.7631],[-97.0557,27.8252],[-97.0568,27.842],[-97.1277,27.8281],[-97.1197,27.8101],[-97.1253,27.7792],[-97.1456,27.7724],[-97.1841,27.6957],[-97.1968,27.6844],[-97.1971,27.6557],[-97.2207,27.6334],[-97.2401,27.6333],[-97.2682,27.576],[-97.2417,27.5828],[-97.2227,27.5765]]],[[[-97.8831,28.0569],[-97.8675,28.041],[-97.8382,28.0347],[-97.8058,28.0414],[-97.7903,28.0192],[-97.7985,27.9957],[-97.9343,27.8852],[-97.9337,27.7766],[-97.9421,27.6359],[-97.9209,27.623],[-97.8909,27.6212],[-97.8772,27.609],[-97.8738,27.5877],[-97.858,27.5807],[-97.8407,27.5584],[-97.5734,27.5603],[-97.3246,27.5611],[-97.2946,27.5927],[-97.2993,27.606],[-97.2676,27.6753],[-97.256,27.6917],[-97.2804,27.7046],[-97.3437,27.724],[-97.3752,27.7494],[-97.3933,27.7829],[-97.3857,27.84],[-97.4356,27.8324],[-97.4629,27.8234],[-97.4879,27.8429],[-97.5151,27.8512],[-97.5166,27.8714],[-97.4966,27.8815],[-97.4629,27.863],[-97.4521,27.8709],[-97.378,27.8749],[-97.3378,27.8836],[-97.3251,27.8679],[-97.2888,27.8796],[-97.2494,27.8762],[-97.2217,27.8244],[-97.1906,27.8233],[-97.1623,27.8686],[-97.1338,27.9012],[-97.2608,28.0758],[-97.316,28.1094],[-97.3192,28.126],[-97.3559,28.1231],[-97.3798,28.1374],[-97.4181,28.1221],[-97.4277,28.1395],[-97.4824,28.1686],[-97.5212,28.1513],[-97.5411,28.1647],[-97.5676,28.1297],[-97.8177,28.1768],[-97.9041,28.1142],[-97.9012,28.0678],[-97.8831,28.0569]]],[[[-97.0721,27.901],[-97.09,27.8755],[-97.1014,27.8832],[-97.1269,27.8379],[-97.065,27.8447],[-97.0638,27.8516],[-97.0572,27.8654],[-97.0721,27.901]]]]},"properties":{"GEOID":"18580","NAME":"Corpus Christi, TX","LSAD":"M1"}},
{"type":"Feature","geometry":{"type":"Polygon","coordinates":[[[-80.2647,38.7121],[-80.2801,38.6949],[-80.1839,38.5254],[-80.2455,38.3885],[-80.1169,38.474],[-80.0284,38.4592],[-79.8636,38.5507],[-79.8565,38.5836],[-79.8422,38.6086],[-79.8465,38.6299],[-79.8298,38.6379],[-79.7982,38.7037],[-79.7765,38.7398],[-79.7357,38.7121],[-79.7396,38.68],[-79.7175,38.6854],[-79.6972,38.6658],[-79.6579,38.6893],[-79.603,38.6637],[-79.5977,38.6876],[-79.5609,38.7173],[-79.5101,38.7807],[-79.5079,38.8009],[-79.5272,38.8142],[-79.5391,38.8414],[-79.5127,38.8672],[-79.5118,38.894],[-79.4826,38.8864],[-79.4462,38.8993],[-79.4555,38.9299],[-79.4157,38.923],[-79.368,38.9248],[-79.3503,38.9594],[-79.4087,38.9738],[-79.4766,38.9779],[-79.5083,38.975],[-79.7857,39.0374],[-79.7753,39.0766],[-79.7994,39.108],[-79.8241,39.1068],[-79.8496,39.0949],[-79.8632,39.0727],[-79.8728,39.0344],[-79.896,38.9734],[-80.0851,38.9472],[-80.093,38.9104],[-80.1092,38.8977],[-80.0984,38.8405],[-80.1261,38.7458],[-80.2365,38.7438],[-80.2647,38.7121]]]},"properties":{"GEOID":"21180","NAME":"Elkins, WV","LSAD":"M2"}},
{"type":"Feature","geometry":{"type":"Polygon","coordinates":[[[-109.046,36.0027],[-109.0462,35.6952],[-109.0468,35.3636],[-109.0459,34.9598],[-108.6695,34.9597],[-108.4694,34.9591],[-108.4697,35.1332],[-108.4687,35.3067],[-107.9906,35.3053],[-107.7342,35.305],[-107.7342,35.3481],[-107.6283,35.3483],[-107.6288,35.3043],[-107.5248,35.3035],[-107.3094,35.3057],[-107.3103,35.4195],[-107.3061,35.4191],[-107.3083,35.5835],[-107.3087,35.9986],[-107.6265,36.0003],[-108.1656,36.0028],[-108.2551,36.0022],[-108.7452,36.0027],[-109.046,36.0027]]]},"properties":{"GEOID":"23700","NAME":"Gallup, NM","LSAD":"M2"}},
{"type":"Feature","geometry":{"type":"Polygon","coordinates":[[[-114.0506,36.8431],[-114.0494,36.6889],[-114.0432,36.3794],[-114.0455,36.2733],[-114.0439,36.1934],[-114.0682,36.1777],[-114.097,36.1208],[-114.117,36.1148],[-114.1119,36.0958],[-114.1312,36.0658],[-114.1348,36.0439],[-114.1514,36.0231],[-114.1733,36.0268],[-114.2334,36.0128],[-114.2614,36.0255],[-114.2709,36.0455],[-114.3124,36.0661],[-114.3069,36.0825],[-114.3702,36.1426],[-114.4153,36.1451],[-114.4437,36.1256],[-114.4687,36.1389],[-114.4988,36.1266],[-114.5081,36.1497],[-114.5711,36.1511],[-114.6106,36.1316],[-114.6305,36.1422],[-114.6827,36.1091],[-114.7362,36.1044],[-114.7548,36.0847],[-114.7229,36.0272],[-114.7405,36.0133],[-114.7406,35.9757],[-114.7125,35.9319],[-114.7003,35.9018],[-114.6632,35.8737],[-114.7065,35.849],[-114.6952,35.8323],[-114.7121,35.8062],[-114.6989,35.7902],[-114.6973,35.7337],[-114.7054,35.7118],[-114.6827,35.6886],[-114.689,35.6503],[-114.6534,35.6108],[-114.6632,35.5652],[-114.6572,35.5323],[-114.6787,35.4988],[-114.6528,35.4308],[-114.6268,35.4096],[-114.5952,35.3242],[-114.5975,35.297],[-114.5871,35.2624],[-114.58,35.2096],[-114.5721,35.2006],[-114.5695,35.1623],[-114.5783,35.1288],[-114.6323,35.1171],[-114.6468,35.1019],[-114.6047,35.0748],[-114.6067,35.0589],[-114.6369,35.0284],[-114.6335,35.0019],[-114.635,34.9589],[-114.6298,34.9448],[-114.6368,34.8857],[-114.6307,34.8664],[-114.5868,34.8357],[-114.571,34.7943],[-114.5527,34.7669],[-114.5166,34.7367],[-114.4737,34.714],[-114.451,34.6649],[-114.4364,34.5968],[-114.4052,34.5696],[-114.3808,34.5297],[-114.3781,34.5073],[-114.3867,34.4579],[-114.3737,34.4469],[-114.3426,34.4514],[-114.301,34.4268],[-114.2868,34.4053],[-114.2643,34.4013],[-114.2261,34.3659],[-114.1769,34.3493],[-114.1572,34.3179],[-114.1383,34.3032],[-114.0982,34.3006],[-114.0697,34.2907],[-114.0351,34.2598],[-114.0096,34.255],[-113.9633,34.2581],[-113.9291,34.2494],[-113.8517,34.2513],[-113.8381,34.2239],[-113.7946,34.2367],[-113.7742,34.2291],[-113.7307,34.2403],[-113.7044,34.2099],[-113.664,34.2121],[-113.6263,34.2292],[-113.5994,34.2333],[-113.5833,34.2579],[-113.5394,34.3065],[-113.476,34.3054],[-113.4014,34.2997],[-113.3705,34.292],[-113.3334,34.3179],[-113.3344,34.5613],[-113.3331,34.6773],[-113.3329,35.1127],[-113.333,35.5],[-113.3342,35.5282],[-113.334,35.803],[-113.3269,35.8407],[-113.3104,35.8632],[-113.3112,35.8933],[-113.3348,35.9139],[-113.3171,35.9614],[-113.3346,35.9795],[-113.3542,36.0404],[-113.3308,36.0683],[-113.3134,36.1],[-113.2572,36.0885],[-113.2249,36.0911],[-113.2017,36.119],[-113.1968,36.1529],[-113.1548,36.1745],[-113.1371,36.1664],[-113.0955,36.1936],[-113.0528,36.2094],[-113.0362,36.2282],[-113.0063,36.2388],[-112.9812,36.2318],[-112.9029,36.2538],[-112.865,36.2824],[-112.8462,36.277],[-112.7617,36.31],[-112.7468,36.3246],[-112.7206,36.3228],[-112.724,36.346],[-112.6988,36.3553],[-112.6816,36.3417],[-112.651,36.3661],[-112.6295,36.3916],[-112.6241,36.41],[-112.6451,36.4573],[-112.623,36.4747],[-112.6256,36.4861],[-112.6562,36.5151],[-112.6536,36.5579],[-112.6332,36.5701],[-112.6214,36.5948],[-112.6227,36.6268],[-112.6387,36.6745],[-112.6133,36.7394],[-112.6197,36.7827],[-112.5998,36.8082],[-112.5702,36.8956],[-112.5486,36.9124],[-112.545,36.9388],[-112.5293,36.9524],[-112.5424,36.9869],[-112.5386,37.0007],[-112.8992,37.0003],[-113.4096,37.0001],[-113.6243,37.0001],[-114.0506,37.0004],[-114.0506,36.8431]]]},"properties":{"GEOID":"29420","NAME":"Lake Havasu City-Kingman, AZ","LSAD":"M1"}},
{"type":"Feature","geometry":{"type":"Polygon","coordinates":[[[-79.0713,34.2993],[-79.1085,34.2731],[-79.1326,34.2401],[-79.1351,34.2178],[-79.1643,34.1975],[-79.1714,34.1817],[-79.1929,34.1751],[-79.2083,34.1506],[-79.2058,34.133],[-79.2498,34.0907],[-79.2478,34.0571],[-79.2887,34.033],[-79.3023,34.0322],[-79.3091,34.0051],[-79.3273,34.0009],[-79.3386,33.9686],[-79.3116,33.9442],[-79.3123,33.9182],[-79.2636,33.8925],[-79.2566,33.8736],[-79.2641,33.8425],[-79.2481,33.7844],[-79.2282,33.7572],[-79.1959,33.7279],[-79.1903,33.7058],[-79.1522,33.6774],[-79.1542,33.6617],[-79.1299,33.6394],[-79.1222,33.6057],[-79.0968,33.6003],[-79.1011,33.573],[-79.0016,33.5727],[-78.9381,33.6398],[-78.8629,33.7057],[-78.8129,33.7435],[-78.7141,33.8001],[-78.6723,33.8176],[-78.5865,33.844],[-78.5405,33.8527],[-78.5083,33.8668],[-78.3802,33.9033],[-78.2478,33.9148],[-78.1777,33.9143],[-78.1203,33.9103],[-78.0164,33.8886],[-77.9959,33.8551],[-77.9605,33.8432],[-77.9534,33.8956],[-77.9372,33.9292],[-77.9485,33.9713],[-77.9358,34.005],[-77.9311,34.0589],[-77.9369,34.1228],[-77.9535,34.1535],[-77.9613,34.2049],[-77.9566,34.2344],[-77.9965,34.2844],[-78.0171,34.2928],[-78.0143,34.323],[-78.0785,34.3402],[-78.1207,34.368],[-78.1623,34.357],[-78.2546,34.2163],[-78.3743,34.2049],[-78.3691,34.1882],[-78.3871,34.1777],[-78.4275,34.1398],[-78.4953,34.1675],[-78.5153,34.1659],[-78.5452,34.1457],[-78.548,34.0953],[-78.555,34.0671],[-78.576,34.0545],[-78.5908,34.0272],[-78.617,34.0234],[-78.6406,34.0103],[-78.6265,33.98],[-78.6625,33.9545],[-78.8747,34.1344],[-79.0712,34.2993],[-79.0713,34.2993]]]},"properties":{"GEOID":"34820","NAME":"Myrtle Beach-Conway-North Myrtle Beach, SC-NC","LSAD":"M1"}},
{"type":"Feature","geometry":{"type":"MultiPolygon","coordinates":[[[[-90.5503,29.0921],[-90.5292,29.078],[-90.4733,29.0595],[-90.4701,29.0669],[-90.5503,29.0921]]],[[[-91.2734,29.4792],[-91.2565,29.445],[-91.2212,29.4364],[-91.212,29.4209],[-91.2196,29.3971],[-91.1983,29.3758],[-91.161,29.3611],[-91.1331,29.3411],[-91.1189,29.3062],[-91.1329,29.2814],[-91.1177,29.2583],[-91.1293,29.2479],[-91.1655,29.2538],[-91.1724,29.2796],[-91.1688,29.3089],[-91.1993,29.3051],[-91.2404,29.3559],[-91.2655,29.361],[-91.2751,29.3322],[-91.2957,29.3095],[-91.3356,29.303],[-91.2883,29.2557],[-91.2152,29.227],[-91.1299,29.2207],[-91.0949,29.1924],[-91.0647,29.1841],[-91.0383,29.2104],[-91.0271,29.1879],[-91.0108,29.1758],[-90.9832,29.174],[-90.9597,29.1863],[-90.9165,29.1482],[-90.8992,29.1428],[-90.8888,29.1224],[-90.8678,29.1063],[-90.8515,29.0743],[-90.8361,29.0661],[-90.8037,29.0677],[-90.8022,29.0938],[-90.7635,29.118],[-90.7448,29.1176],[-90.7232,29.136],[-90.7114,29.1164],[-90.6943,29.1251],[-90.6759,29.1741],[-90.6495,29.1718],[-90.6357,29.2139],[-90.6118,29.2148],[-90.5927,29.2459],[-90.5879,29.2713],[-90.5976,29.3033],[-90.577,29.3132],[-90.5543,29.2852],[-90.5322,29.3032],[-90.5052,29.3051],[-90.4791,29.2922],[-90.4516,29.3215],[-90.4603,29.3375],[-90.4402,29.3494],[-90.4249,29.3292],[-90.3976,29.31],[-90.3952,29.2571],[-90.3726,29.2648],[-90.3766,29.2933],[-90.3541,29.3054],[-90.3443,29.2893],[-90.3076,29.2707],[-90.2767,29.2108],[-90.2592,29.1996],[-90.2672,29.1777],[-90.2539,29.1437],[-90.2344,29.1288],[-90.2229,29.0871],[-90.1866,29.103],[-90.0888,29.1669],[-90.0905,29.1809],[-90.0636,29.2083],[-90.0995,29.2393],[-90.1081,29.265],[-90.0753,29.296],[-90.0324,29.2816],[-90.0384,29.3326],[-90.0304,29.3449],[-90.0351,29.3574],[-90.0308,29.375],[-90.0333,29.3933],[-90.0206,29.4285],[-90.0486,29.4552],[-90.0805,29.4659],[-90.0952,29.4614],[-90.1375,29.4772],[-90.1467,29.501],[-90.1862,29.5633],[-90.166,29.5673],[-90.1517,29.5879],[-90.16,29.6166],[-90.1554,29.6574],[-90.1715,29.6836],[-90.2026,29.6916],[-90.3462,29.6933],[-90.3618,29.7094],[-90.3608,29.7371],[-90.372,29.7592],[-90.4048,29.7741],[-90.4299,29.7764],[-90.4758,29.8129],[-90.4799,29.8474],[-90.4989,29.8651],[-90.5157,29.8647],[-90.5354,29.8911],[-90.6807,29.8926],[-90.69,29.9048],[-90.7173,29.8967],[-90.7858,29.9217],[-90.7854,29.9076],[-90.8857,29.9053],[-90.8855,29.8776],[-90.9098,29.8772],[-90.9246,29.8303],[-90.9818,29.7449],[-91.0826,29.6268],[-91.1365,29.6098],[-91.1637,29.5927],[-91.1837,29.608],[-91.2252,29.5763],[-91.236,29.5504],[-91.2607,29.5445],[-91.2723,29.5295],[-91.2656,29.5144],[-91.2734,29.4792]]]]},"properties":{"GEOID":"26380","NAME":"Houma-Thibodaux, LA","LSAD":"M1"}},
{"type":"Feature","geometry":{"type":"Polygon","coordinates":[[[-96.3783,28.3908],[-96.3298,28.4252],[-96.32,28.424],[-96.2704,28.4619],[-96.2054,28.4979],[-96.0833,28.5548],[-95.8903,28.6312],[-95.834,28.6556],[-95.772,28.6867],[-95.6329,28.7613],[-95.5072,28.8256],[-95.5675,28.8297],[-95.5792,28.8596],[-95.6417,28.9037],[-95.6551,28.9515],[-95.699,28.9693],[-95.7649,28.9674],[-95.7783,28.9973],[-95.7773,29.0446],[-95.765,29.0605],[-95.7918,29.0712],[-95.8058,29.0904],[-95.829,29.0889],[-95.8432,29.1066],[-95.8383,29.1368],[-95.8507,29.1519],[-95.8384,29.1766],[-95.8578,29.1933],[-95.8447,29.2047],[-95.874,29.2297],[-95.9652,29.1469],[-96.0386,29.1066],[-96.3092,28.9633],[-96.3235,28.6756],[-96.3227,28.6429],[-96.3783,28.3908]]]},"properties":{"GEOID":"13060","NAME":"Bay City, TX","LSAD":"M2"}},
{"type":"Feature","geometry":{"type":"Polygon","coordinates":[[[-87.5297,34.5671],[-87.531,34.4147],[-87.5297,34.3046],[-87.2528,34.2992],[-87.1099,34.2993],[-87.0927,34.3123],[-86.9786,34.3116],[-86.8387,34.3082],[-86.5819,34.3047],[-86.5813,34.3711],[-86.5644,34.4746],[-86.5502,34.546],[-86.5535,34.5617],[-86.5789,34.5814],[-86.6142,34.5772],[-86.6464,34.5489],[-86.6651,34.5521],[-86.6815,34.583],[-86.7205,34.5836],[-86.7531,34.5557],[-86.7783,34.5501],[-86.8386,34.5566],[-86.9076,34.5799],[-86.9727,34.6131],[-87.0353,34.652],[-87.0498,34.6497],[-87.0855,34.6695],[-87.125,34.7016],[-87.1389,34.7241],[-87.1716,34.7429],[-87.2297,34.764],[-87.2607,34.7586],[-87.2979,34.7508],[-87.3442,34.7965],[-87.3702,34.805],[-87.4265,34.8],[-87.4344,34.7736],[-87.4279,34.7519],[-87.4331,34.7175],[-87.4504,34.6966],[-87.4431,34.6752],[-87.4495,34.6489],[-87.4837,34.648],[-87.4879,34.6278],[-87.5043,34.6166],[-87.5071,34.5859],[-87.5297,34.5671]]]},"properties":{"GEOID":"19460","NAME":"Decatur, AL","LSAD":"M1"}},
{"type":"Feature","geometry":{"type":"Polygon","coordinates":[[[-82.2754,35.7044],[-82.2949,35.6839],[-82.2805,35.6672],[-82.2867,35.6531],[-82.2645,35.6175],[-82.291,35.5913],[-82.2513,35.5599],[-82.22,35.5531],[-82.169,35.5278],[-82.1505,35.518],[-82.0826,35.5334],[-82.0398,35.5327],[-82.0027,35.5518],[-81.9676,35.526],[-81.905,35.5419],[-81.8427,35.5423],[-81.8241,35.575],[-81.8694,35.7196],[-81.9869,35.8069],[-81.9589,35.8192],[-81.925,35.8431],[-81.9067,35.8834],[-81.9103,35.9055],[-81.9432,35.9601],[-81.963,35.9418],[-81.9546,35.9266],[-81.9823,35.9109],[-81.9802,35.885],[-81.9973,35.874],[-82.0226,35.8849],[-82.048,35.8532],[-82.0924,35.8493],[-82.1302,35.8252],[-82.1679,35.7891],[-82.1583,35.7796],[-82.1938,35.7351],[-82.2428,35.7124],[-82.2754,35.7044]]]},"properties":{"GEOID":"32000","NAME":"Marion, NC","LSAD":"M2"}},
{"type":"Feature","geometry":{"type":"Polygon","coordinates":[[[-114.0471,39.9061],[-114.0477,39.5427],[-113.8158,39.5441],[-113.8157,39.5526],[-113.3753,39.5525],[-112.9234,39.5525],[-112.6295,39.5524],[-112.212,39.554],[-112.1932,39.526],[-112.212,39.5116],[-112.1933,39.4898],[-112.1936,39.3731],[-112.1889,39.3294],[-112.0721,39.3297],[-112.0722,39.3149],[-112.016,39.3146],[-112.0158,39.3369],[-111.9581,39.3368],[-111.9588,39.3661],[-111.9217,39.3669],[-111.9224,39.3816],[-111.747,39.3828],[-111.7477,39.4601],[-111.7132,39.4603],[-111.7175,39.6946],[-111.6895,39.6952],[-111.6896,39.7104],[-111.6426,39.7252],[-111.6425,39.7397],[-111.5848,39.7401],[-111.5849,39.7842],[-111.6225,39.7838],[-111.6421,39.7983],[-111.6419,39.8129],[-111.5284,39.812],[-111.2475,39.813],[-111.0791,39.8141],[-110.8578,39.8133],[-110.8576,39.8997],[-110.8917,39.8997],[-111.0825,39.9002],[-111.0831,39.9432],[-111.1184,39.9435],[-111.1414,39.9841],[-111.1691,39.9958],[-111.2058,40.0474],[-111.238,40.0386],[-111.2492,40.0556],[-111.2358,40.0695],[-111.2424,40.0859],[-111.2214,40.125],[-111.2312,40.1475],[-111.2255,40.1673],[-111.2734,40.2219],[-111.2648,40.2424],[-111.3079,40.2839],[-111.3608,40.2887],[-111.3772,40.2975],[-111.4287,40.2878],[-111.4563,40.301],[-111.4379,40.3218],[-111.4805,40.355],[-111.4803,40.3622],[-111.5552,40.3627],[-111.5601,40.3878],[-111.5742,40.3914],[-111.5932,40.4311],[-111.621,40.4497],[-111.6063,40.4673],[-111.5786,40.482],[-111.5677,40.5472],[-111.5939,40.5771],[-111.6058,40.5644],[-111.6381,40.5678],[-111.6753,40.533],[-111.6981,40.5357],[-111.7438,40.5225],[-111.7624,40.5292],[-111.7878,40.5138],[-111.7896,40.4978],[-111.8362,40.4749],[-111.8737,40.4768],[-111.9312,40.4336],[-111.9787,40.4171],[-112.0213,40.4388],[-112.0332,40.4627],[-112.0668,40.4464],[-112.1012,40.4455],[-112.1437,40.4704],[-112.1602,40.4611],[-112.1903,40.4685],[-112.2122,40.4593],[-112.2085,40.4317],[-112.1946,40.4211],[-112.1992,40.3825],[-112.194,40.3599],[-112.1755,40.3358],[-112.1985,40.3125],[-112.1879,40.2939],[-112.1916,40.2636],[-112.1797,40.2322],[-112.1495,40.212],[-112.1469,40.1778],[-112.1761,40.1308],[-112.1509,40.1073],[-112.1714,40.0856],[-112.1825,40.0591],[-112.172,40.0395],[-112.1798,40.0117],[-112.2256,39.9874],[-112.2367,39.9603],[-112.2699,39.9389],[-112.3063,39.9454],[-112.3398,39.9441],[-112.342,39.9045],[-112.6039,39.9037],[-113.025,39.9049],[-113.2485,39.9047],[-113.7013,39.9055],[-114.0471,39.9061]]]},"properties":{"GEOID":"39340","NAME":"Provo-Orem, UT","LSAD":"M1"}},
{"type":"Feature","geometry":{"type":"Polygon","coordinates":[[[-96.5885,33.8949],[-96.5973,33.8751],[-96.629,33.8524],[-96.6232,33.8415],[-96.5729,33.8191],[-96.5267,33.8209],[-96.5159,33.7878],[-96.5003,33.7726],[-96.4226,33.776],[-96.4134,33.7577],[-96.3794,33.7258],[-96.3622,33.6918],[-96.338,33.6887],[-96.31,33.7105],[-96.2965,33.7658],[-96.2636,33.7675],[-96.229,33.748],[-96.1781,33.7605],[-96.1628,33.7888],[-96.1648,33.8178],[-96.1481,33.8378],[-96.1001,33.848],[-96.0488,33.8365],[-95.9984,33.851],[-95.9413,33.8616],[-95.9258,33.885],[-95.8464,33.84],[-95.8282,33.8361],[-95.8217,33.8566],[-95.8008,33.8612],[-95.7706,33.8453],[-95.7516,33.8611],[-95.7614,33.8732],[-95.8369,33.8734],[-95.8612,33.8874],[-95.8786,33.9158],[-95.9184,33.9247],[-95.938,33.9482],[-95.9382,34.1256],[-95.956,34.1491],[-95.9916,34.1568],[-96.4539,34.1573],[-96.4538,34.1141],[-96.5838,34.1143],[-96.5475,34.0639],[-96.574,34.042],[-96.5929,34.0166],[-96.6199,33.9994],[-96.5936,33.971],[-96.577,33.9644],[-96.5932,33.933],[-96.581,33.925],[-96.5885,33.8949]]]},"properties":{"GEOID":"20460","NAME":"Durant, OK","LSAD":"M2"}},
{"type":"Feature","geometry":{"type":"Polygon","coordinates":[[[-83.6733,36.0385],[-83.6749,36.0296],[-83.6546,35.9719],[-83.6978,35.9398],[-83.7385,35.917],[-83.7672,35.9119],[-83.7943,35.8871],[-83.7287,35.7624],[-83.7165,35.729],[-83.6875,35.7101],[-83.6789,35.6879],[-83.6628,35.6906],[-83.663,35.5691],[-83.6297,35.5679],[-83.6019,35.5782],[-83.582,35.5627],[-83.5661,35.566],[-83.4983,35.563],[-83.4458,35.6118],[-83.4323,35.6099],[-83.3669,35.6387],[-83.3516,35.6599],[-83.335,35.6655],[-83.3128,35.6548],[-83.2556,35.6961],[-83.2555,35.7151],[-83.2764,35.7136],[-83.2808,35.7501],[-83.2747,35.7715],[-83.2874,35.7954],[-83.2633,35.8193],[-83.3087,35.8717],[-83.3108,35.8958],[-83.3561,35.9198],[-83.3875,35.9136],[-83.3891,35.9282],[-83.4161,35.9333],[-83.4354,35.9237],[-83.4749,35.9229],[-83.508,35.939],[-83.5259,35.9648],[-83.6557,36.043],[-83.6733,36.0385]]]},"properties":{"GEOID":"42940","NAME":"Sevierville, TN","LSAD":"M2"}},
{"type":"Feature","geometry":{"type":"Polygon","coordinates":[[[-81.8449,39.4502],[-81.8537,39.3182],[-81.8346,39.3176],[-81.8166,39.3021],[-81.8184,39.2726],[-81.7218,39.2696],[-81.7256,39.2158],[-81.6913,39.2279],[-81.6964,39.257],[-81.6783,39.2738],[-81.6084,39.276],[-81.5702,39.2677],[-81.5575,39.3388],[-81.5032,39.3732],[-81.4561,39.4093],[-81.4286,39.4054],[-81.4067,39.3881],[-81.3959,39.3556],[-81.3713,39.3421],[-81.3476,39.3458],[-81.2707,39.3859],[-81.2236,39.3861],[-81.1859,39.4307],[-81.1344,39.4451],[-81.1008,39.4872],[-81.0385,39.5402],[-81.0368,39.5721],[-81.2468,39.579],[-81.2653,39.5768],[-81.2835,39.5918],[-81.3564,39.5935],[-81.3949,39.6015],[-81.4137,39.6305],[-81.4527,39.6312],[-81.4732,39.646],[-81.4735,39.5833],[-81.6889,39.5905],[-81.7108,39.5858],[-81.7235,39.5476],[-81.7051,39.531],[-81.7085,39.4808],[-81.761,39.4828],[-81.7835,39.4926],[-81.8232,39.4941],[-81.8258,39.4492],[-81.8449,39.4502]]]},"properties":{"GEOID":"31930","NAME":"Marietta, OH","LSAD":"M2"}},
{"type":"Feature","geometry":{"type":"Polygon","coordinates":[[[-116.0852,33.4259],[-116.0824,33.2511],[-116.0811,33.0748],[-116.1033,33.0747],[-116.1031,32.7265],[-116.1062,32.6186],[-115.851,32.6381],[-115.4652,32.6671],[-115.0008,32.6997],[-114.7196,32.7188],[-114.7019,32.7455],[-114.6888,32.7377],[-114.6184,32.7282],[-114.5818,32.7349],[-114.5644,32.7496],[-114.5269,32.7571],[-114.5317,32.7912],[-114.5102,32.8164],[-114.469,32.8452],[-114.4644,32.9131],[-114.4809,32.9353],[-114.4677,32.9563],[-114.4901,32.9699],[-114.4998,33.0039],[-114.5169,33.0278],[-114.5717,33.0366],[-114.601,33.0254],[-114.6283,33.0311],[-114.6396,33.0453],[-114.6708,33.038],[-114.689,33.084],[-114.7079,33.0974],[-114.6968,33.1312],[-114.6787,33.1629],[-114.6745,33.2255],[-114.6894,33.2453],[-114.677,33.2702],[-114.7233,33.2881],[-114.7312,33.3024],[-114.7009,33.337],[-114.6991,33.3611],[-114.7229,33.3988],[-114.688,33.4179],[-114.6433,33.4167],[-114.6271,33.4336],[-114.8309,33.4337],[-114.8308,33.4301],[-115.0577,33.4286],[-115.4675,33.4284],[-115.8769,33.4265],[-116.0852,33.4259]]]},"properties":{"GEOID":"20940","NAME":"El Centro, CA","LSAD":"M1"}},
{"type":"Feature","geometry":{"type":"Polygon","coordinates":[[[-84.8705,38.3568],[-84.8924,38.3552],[-84.9063,38.3748],[-84.9977,38.3356],[-84.957,38.3323],[-84.9989,38.275],[-85.0075,38.1758],[-85.0038,38.1607],[-85.0224,38.1284],[-85.0397,38.1192],[-85.0526,38.0754],[-85.084,38.0407],[-85.1265,38.0203],[-85.139,37.9981],[-85.1663,37.9875],[-85.1678,37.9718],[-85.1528,37.8977],[-85.1251,37.9161],[-85.1061,37.9091],[-85.0884,37.8876],[-85.0223,37.8865],[-84.9874,37.9054],[-84.9734,37.9355],[-84.9331,37.9542],[-84.8837,37.9399],[-84.7963,37.9701],[-84.8181,37.9734],[-84.8182,38.0008],[-84.8367,38.0074],[-84.8312,38.0305],[-84.8491,38.0436],[-84.8269,38.0605],[-84.8274,38.0829],[-84.8422,38.1],[-84.8651,38.0964],[-84.8648,38.1414],[-84.7252,38.1954],[-84.7303,38.2083],[-84.7406,38.3524],[-84.7932,38.3385],[-84.8088,38.3493],[-84.8705,38.3568]]]},"properties":{"GEOID":"23180","NAME":"Frankfort, KY","LSAD":"M2"}},
{"type":"Feature","geometry":{"type":"Polygon","coordinates":[[[-91.6369,30.9994],[-91.5905,31.0173],[-91.5644,31.039],[-91.5676,31.0702],[-91.626,31.1169],[-91.6217,31.1369],[-91.589,31.1786],[-91.5869,31.2047],[-91.5757,31.2245],[-91.5409,31.2383],[-91.5297,31.2145],[-91.4974,31.2247],[-91.4788,31.239],[-91.4802,31.2816],[-91.4687,31.2983],[-91.4684,31.3196],[-91.4238,31.3153],[-91.3876,31.3271],[-91.3561,31.3439],[-91.3417,31.34],[-91.3036,31.361],[-91.2571,31.3601],[-91.2254,31.3719],[-91.2088,31.3548],[-91.1722,31.3457],[-91.1568,31.3675],[-91.1538,31.6305],[-91.2333,31.6294],[-91.2694,31.6474],[-91.267,31.6639],[-91.2956,31.6699],[-91.2918,31.6916],[-91.3069,31.711],[-91.3179,31.7498],[-91.3946,31.7473],[-91.4324,31.7508],[-91.5447,31.7523],[-91.5353,31.7377],[-91.5482,31.7227],[-91.5724,31.7361],[-91.584,31.7558],[-91.6021,31.7618],[-91.6358,31.7291],[-91.6625,31.7294],[-91.6803,31.7436],[-91.6945,31.7353],[-91.713,31.6801],[-91.7059,31.6429],[-91.7372,31.6141],[-91.7561,31.6227],[-91.7758,31.6486],[-91.8063,31.631],[-91.8244,31.5997],[-91.8227,31.5638],[-91.7797,31.531],[-91.7839,31.5025],[-91.8022,31.4909],[-91.7988,31.4734],[-91.7314,31.4658],[-91.7211,31.4521],[-91.7387,31.4316],[-91.8103,31.4433],[-91.8244,31.4908],[-91.8388,31.5028],[-91.8565,31.4953],[-91.8641,31.4662],[-91.8559,31.4238],[-91.8455,31.4095],[-91.817,31.3956],[-91.7857,31.395],[-91.7893,31.3746],[-91.809,31.3706],[-91.845,31.3759],[-91.8633,31.3544],[-91.8674,31.3162],[-91.8622,31.3023],[-91.8237,31.2776],[-91.8343,31.2663],[-91.811,31.2371],[-91.7776,31.222],[-91.7585,31.2222],[-91.7384,31.204],[-91.7081,31.2089],[-91.6773,31.188],[-91.6873,31.1619],[-91.6999,31.1629],[-91.719,31.1346],[-91.7038,31.1036],[-91.7238,31.0443],[-91.698,31.0391],[-91.6644,31.0448],[-91.6449,31.0212],[-91.6369,30.9994]]]},"properties":{"GEOID":"35020","NAME":"Natchez, MS-LA","LSAD":"M2"}},
{"type":"Feature","geometry":{"type":"Polygon","coordinates":[[[-124.4796,42.9543],[-124.5365,42.8624],[-124.5593,42.8343],[-124.5361,42.8142],[-124.5136,42.7458],[-124.4739,42.7327],[-124.4475,42.6847],[-124.4507,42.6758],[-124.4131,42.6579],[-124.4012,42.6272],[-124.4,42.5919],[-124.39,42.5748],[-124.3998,42.5383],[-124.4222,42.4964],[-124.422,42.4612],[-124.4359,42.4372],[-124.4255,42.4094],[-124.4272,42.3349],[-124.4118,42.3074],[-124.411,42.2505],[-124.3778,42.2188],[-124.361,42.1808],[-124.3668,42.1585],[-124.3518,42.135],[-124.3571,42.118],[-124.2996,42.0517],[-124.2705,42.0456],[-124.2116,41.9985],[-123.9992,41.9961],[-123.822,41.9956],[-123.849,42.043],[-123.822,42.0866],[-123.8322,42.1079],[-123.8585,42.1351],[-123.8157,42.166],[-123.8189,42.2036],[-123.7931,42.2211],[-123.815,42.2626],[-123.8927,42.3533],[-123.9204,42.3465],[-123.9347,42.3558],[-124.0269,42.3592],[-124.0416,42.3859],[-124.0357,42.4018],[-124.0131,42.4131],[-124.0148,42.4334],[-123.9988,42.5],[-123.9281,42.4946],[-123.8904,42.5007],[-123.8548,42.5506],[-123.8496,42.5837],[-123.8303,42.5951],[-123.8215,42.6197],[-123.8313,42.6323],[-123.7573,42.7206],[-123.733,42.7689],[-123.7165,42.7841],[-123.7323,42.7801],[-123.7826,42.7994],[-123.8116,42.7888],[-123.8499,42.789],[-123.8685,42.7748],[-123.9257,42.7745],[-123.9259,42.7397],[-123.9766,42.7146],[-123.9963,42.6857],[-124.0899,42.6855],[-124.1387,42.6711],[-124.1387,42.74],[-124.16,42.7399],[-124.1649,42.8178],[-124.1412,42.8285],[-124.1464,42.8621],[-124.1613,42.8835],[-124.2142,42.904],[-124.2196,42.9338],[-124.2394,42.9338],[-124.2584,42.9549],[-124.4796,42.9543]]]},"properties":{"GEOID":"15060","NAME":"Brookings, OR","LSAD":"M2"}},
{"type":"Feature","geometry":{"type":"Polygon","coordinates":[[[-118.2102,46.7388],[-118.2492,46.7326],[-118.2175,46.6791],[-118.2307,46.6564],[-118.1984,46.6105],[-118.2157,46.5889],[-118.1726,46.5569],[-118.1184,46.5568],[-118.0929,46.5745],[-118.0352,46.5852],[-117.9535,46.5921],[-117.909,46.5848],[-117.8819,46.5922],[-117.8664,46.6212],[-117.8007,46.6256],[-117.7725,46.6454],[-117.7603,46.6755],[-117.7409,46.6946],[-117.6875,46.7026],[-117.6483,46.6998],[-117.6263,46.6792],[-117.5978,46.6725],[-117.5496,46.6803],[-117.5172,46.677],[-117.49,46.6954],[-117.4648,46.6996],[-117.4327,46.6595],[-117.3862,46.6497],[-117.3886,46.6251],[-117.3375,46.582],[-117.3114,46.5808],[-117.2543,46.5451],[-117.2313,46.5006],[-117.2388,46.4812],[-117.2281,46.4622],[-117.2065,46.4489],[-117.1999,46.4202],[-117.1516,46.4306],[-117.0862,46.4174],[-117.0579,46.4297],[-117.0398,46.4259],[-117.0397,46.5417],[-117.0394,46.7002],[-117.0398,47.1273],[-117.04,47.2593],[-117.4934,47.2595],[-117.8236,47.2602],[-117.9609,47.2606],[-117.9593,46.9148],[-117.9709,46.8672],[-118.0047,46.8479],[-117.9975,46.8225],[-118.0199,46.8122],[-118.0124,46.7908],[-118.0359,46.785],[-118.048,46.7682],[-118.0954,46.779],[-118.1261,46.7614],[-118.1902,46.7514],[-118.2102,46.7388]]]},"properties":{"GEOID":"39420","NAME":"Pullman, WA","LSAD":"M2"}},
{"type":"Feature","geometry":{"type":"MultiPolygon","coordinates":[[[[-122.6536,48.549],[-122.6404,48.5259],[-122.5789,48.5481],[-122.6524,48.5834],[-122.6536,48.549]]],[[[-122.4888,48.6454],[-122.4487,48.6226],[-122.4253,48.5995],[-122.4541,48.5658],[-122.5044,48.5648],[-122.4825,48.5184],[-122.4835,48.4924],[-122.4702,48.4688],[-122.5031,48.4577],[-122.5372,48.4663],[-122.5587,48.4998],[-122.6006,48.4925],[-122.6152,48.5214],[-122.7029,48.492],[-122.6683,48.4863],[-122.6548,48.4541],[-122.6758,48.4365],[-122.6561,48.4078],[-122.6146,48.4138],[-122.5858,48.4257],[-122.5583,48.4258],[-122.5328,48.375],[-122.4889,48.3669],[-122.4427,48.3379],[-122.4241,48.3343],[-122.3729,48.2977],[-121.858,48.2975],[-121.5799,48.2988],[-121.4155,48.296],[-121.0017,48.296],[-121.0689,48.32],[-121.0692,48.339],[-121.0406,48.3479],[-121.0618,48.3796],[-121.0623,48.4053],[-121.0377,48.4321],[-121.0629,48.4602],[-121.0362,48.4953],[-120.9511,48.4996],[-120.9505,48.5296],[-120.9046,48.5237],[-120.8574,48.5477],[-120.8264,48.5465],[-120.7879,48.5071],[-120.7095,48.5233],[-120.7021,48.5316],[-120.7087,48.5418],[-120.6885,48.5757],[-120.7605,48.5828],[-120.7837,48.6019],[-120.7883,48.6251],[-120.7519,48.657],[-120.9084,48.657],[-120.9084,48.6409],[-121.2504,48.6409],[-121.5704,48.6425],[-122.0267,48.6453],[-122.4888,48.6454]]],[[[-122.7405,48.585],[-122.7227,48.5645],[-122.7224,48.5406],[-122.6682,48.5664],[-122.7111,48.6093],[-122.7405,48.585]]]]},"properties":{"GEOID":"34580","NAME":"Mount Vernon-Anacortes, WA","LSAD":"M1"}},
{"type":"Feature","geometry":{"type":"Polygon","coordinates":[[[-85.3016,39.7876],[-85.2981,39.5255],[-85.0361,39.5262],[-85.0346,39.7148],[-85.1851,39.7155],[-85.1835,39.7884],[-85.2211,39.7884],[-85.3016,39.7876]]]},"properties":{"GEOID":"18220","NAME":"Connersville, IN","LSAD":"M2"}},
{"type":"Feature","geometry":{"type":"Polygon","coordinates":[[[-90.3779,35.9957],[-90.2891,35.9964],[-89.9594,35.999],[-89.9596,36.1716],[-89.9614,36.2352],[-89.9613,36.3888],[-89.9668,36.4081],[-89.9574,36.4602],[-89.9605,36.5275],[-89.9539,36.5456],[-89.9632,36.6012],[-89.9588,36.6293],[-90.1484,36.6307],[-90.1643,36.6042],[-90.1797,36.5946],[-90.1891,36.5445],[-90.21,36.542],[-90.2177,36.4978],[-90.1544,36.4968],[-90.1588,36.4796],[-90.1415,36.463],[-90.135,36.4137],[-90.0804,36.4008],[-90.0645,36.3821],[-90.082,36.3221],[-90.064,36.303],[-90.0837,36.2723],[-90.1149,36.2656],[-90.1422,36.2275],[-90.1904,36.2014],[-90.2204,36.1848],[-90.2488,36.1298],[-90.2931,36.1144],[-90.3207,36.0871],[-90.3371,36.0478],[-90.3779,35.9957]]]},"properties":{"GEOID":"28380","NAME":"Kennett, MO","LSAD":"M2"}},
{"type":"Feature","geometry":{"type":"Polygon","coordinates":[[[-93.5588,30.8688],[-93.5531,30.8331],[-93.5747,30.8014],[-93.5921,30.7637],[-93.6083,30.7478],[-93.6204,30.6942],[-93.6382,30.6731],[-93.655,30.6702],[-93.6831,30.6408],[-93.6787,30.5941],[-93.7136,30.5874],[-93.7338,30.5314],[-93.7073,30.5114],[-93.7168,30.4819],[-93.6994,30.4579],[-93.6993,30.4374],[-93.7198,30.4268],[-93.7417,30.403],[-93.4862,30.4025],[-93.4863,30.4905],[-93.3845,30.4902],[-93.3852,30.4027],[-93.1312,30.4031],[-93.1312,30.4236],[-93.1307,30.5981],[-92.9791,30.598],[-92.9767,30.8325],[-92.9787,30.8781],[-93.0295,30.8797],[-93.134,30.8778],[-93.1341,30.8831],[-93.4215,30.8828],[-93.4787,30.8592],[-93.5228,30.8796],[-93.5588,30.8688]]]},"properties":{"GEOID":"19760","NAME":"DeRidder, LA","LSAD":"M2"}},
{"type":"Feature","geometry":{"type":"Polygon","coordinates":[[[-85.7378,37.8118],[-85.7426,37.7922],[-85.7281,37.7742],[-85.7045,37.7682],[-85.6762,37.7337],[-85.6455,37.7164],[-85.6379,37.6967],[-85.607,37.7008],[-85.5921,37.6935],[-85.601,37.6575],[-85.5953,37.6398],[-85.5727,37.638],[-85.6068,37.5904],[-85.6042,37.5691],[-85.6233,37.5516],[-85.5938,37.532],[-85.548,37.5334],[-85.5441,37.5622],[-85.5213,37.5543],[-85.4505,37.6859],[-85.4018,37.7307],[-85.3733,37.7396],[-85.375,37.7645],[-85.3558,37.7814],[-85.3379,37.7803],[-85.3082,37.7938],[-85.3137,37.8049],[-85.2979,37.8324],[-85.2583,37.8488],[-85.2054,37.8632],[-85.1814,37.8924],[-85.1528,37.8977],[-85.1678,37.9718],[-85.3997,37.9399],[-85.4258,37.9596],[-85.4634,37.9714],[-85.4892,37.9907],[-85.5342,37.9652],[-85.524,37.9572],[-85.5491,37.9282],[-85.5839,37.911],[-85.5797,37.8835],[-85.6433,37.834],[-85.6989,37.8112],[-85.7378,37.8118]]]},"properties":{"GEOID":"12680","NAME":"Bardstown, KY","LSAD":"M2"}},
{"type":"Feature","geometry":{"type":"Polygon","coordinates":[[[-96.0528,32.0059],[-96.0648,31.9807],[-96.0145,31.9461],[-96.0062,31.9243],[-96.0276,31.8779],[-95.9863,31.8602],[-95.9945,31.8434],[-95.9732,31.8191],[-95.9834,31.79],[-95.9242,31.7659],[-95.898,31.767],[-95.8759,31.7555],[-95.8671,31.7182],[-95.8804,31.7034],[-95.8353,31.6956],[-95.809,31.6721],[-95.7954,31.6749],[-95.7897,31.6462],[-95.7956,31.6289],[-95.7776,31.6023],[-95.7534,31.6068],[-95.7573,31.6435],[-95.7353,31.6534],[-95.7101,31.6156],[-95.7203,31.592],[-95.7185,31.5537],[-95.7517,31.5516],[-95.7587,31.5336],[-95.737,31.5185],[-95.7393,31.5041],[-95.6472,31.527],[-95.6518,31.5418],[-95.493,31.5649],[-95.2732,31.5929],[-95.2597,31.6078],[-95.2817,31.6254],[-95.2758,31.6572],[-95.2939,31.6858],[-95.3216,31.7044],[-95.3377,31.7355],[-95.3657,31.7278],[-95.3628,31.7525],[-95.3956,31.7634],[-95.3941,31.7872],[-95.4037,31.8218],[-95.4248,31.8411],[-95.4443,31.843],[-95.4348,31.8674],[-95.424,31.9294],[-95.4533,31.9596],[-95.4464,31.9985],[-95.4241,32.0189],[-95.4328,32.0309],[-95.4379,32.0683],[-95.4285,32.0845],[-95.743,32.0431],[-96.0528,32.0059]]]},"properties":{"GEOID":"37300","NAME":"Palestine, TX","LSAD":"M2"}},
{"type":"Feature","geometry":{"type":"MultiPolygon","coordinates":[[[[-97.2405,26.4112],[-97.222,26.3771],[-97.2255,26.3629],[-97.2123,26.3365],[-97.1973,26.278],[-97.179,26.1808],[-97.1821,26.147],[-97.1669,26.0928],[-97.161,26.0911],[-97.179,26.2193],[-97.1929,26.29],[-97.2249,26.4112],[-97.2405,26.4112]]],[[[-97.8618,26.0697],[-97.8614,26.0542],[-97.8374,26.0524],[-97.8003,26.0594],[-97.7976,26.0402],[-97.7777,26.0294],[-97.7025,26.0312],[-97.6456,26.0068],[-97.6083,25.9766],[-97.6021,25.9574],[-97.5817,25.9608],[-97.5807,25.9389],[-97.5458,25.9329],[-97.5304,25.9163],[-97.5198,25.886],[-97.4975,25.8806],[-97.4582,25.8843],[-97.443,25.8481],[-97.4278,25.8422],[-97.3729,25.8401],[-97.3591,25.872],[-97.366,25.9024],[-97.3483,25.9311],[-97.3249,25.924],[-97.3044,25.9357],[-97.2772,25.9354],[-97.2767,25.9521],[-97.247,25.9482],[-97.2254,25.9591],[-97.1879,25.9545],[-97.1735,25.9646],[-97.1473,25.9533],[-97.1532,26.0389],[-97.165,26.0639],[-97.1957,26.0466],[-97.208,26.0796],[-97.247,26.0804],[-97.2798,26.0921],[-97.2954,26.1124],[-97.2853,26.1274],[-97.2989,26.1476],[-97.3031,26.1708],[-97.2948,26.1923],[-97.3167,26.224],[-97.2988,26.2607],[-97.2812,26.2805],[-97.297,26.2961],[-97.3487,26.411],[-97.3865,26.4104],[-97.4004,26.3863],[-97.4301,26.3643],[-97.447,26.3249],[-97.4926,26.3367],[-97.5213,26.3258],[-97.5276,26.2993],[-97.8619,26.3482],[-97.8618,26.0697]]]]},"properties":{"GEOID":"15180","NAME":"Brownsville-Harlingen, TX","LSAD":"M1"}},
{"type":"Feature","geometry":{"type":"Polygon","coordinates":[[[-74.9853,39.515],[-74.857,39.425],[-74.8519,39.383],[-74.8649,39.3385],[-74.8613,39.3238],[-74.8253,39.3054],[-74.7838,39.3072],[-74.7523,39.295],[-74.7316,39.2986],[-74.6996,39.2894],[-74.6617,39.2978],[-74.618,39.2935],[-74.5934,39.3085],[-74.5487,39.3011],[-74.4599,39.345],[-74.4236,39.3554],[-74.367,39.402],[-74.3286,39.4397],[-74.3122,39.4836],[-74.3264,39.5063],[-74.3808,39.4985],[-74.4174,39.5573],[-74.4757,39.5515],[-74.5059,39.5696],[-74.5286,39.57],[-74.5543,39.5985],[-74.5767,39.5986],[-74.6115,39.623],[-74.6592,39.6311],[-74.6583,39.6568],[-74.6761,39.6916],[-74.7362,39.7298],[-74.9853,39.515]]]},"properties":{"GEOID":"12100","NAME":"Atlantic City-Hammonton, NJ","LSAD":"M1"}},
{"type":"Feature","geometry":{"type":"Polygon","coordinates":[[[-121.3464,35.7952],[-121.3249,35.7693],[-121.3154,35.7134],[-121.2898,35.6894],[-121.2865,35.6655],[-121.2608,35.6645],[-121.2084,35.6419],[-121.1658,35.6353],[-121.1428,35.6054],[-121.1275,35.5966],[-121.1008,35.5489],[-121.0034,35.4607],[-120.9694,35.4602],[-120.9507,35.448],[-120.9079,35.4491],[-120.8848,35.4302],[-120.8692,35.4033],[-120.8621,35.347],[-120.8719,35.3084],[-120.887,35.283],[-120.8968,35.2479],[-120.856,35.2065],[-120.7861,35.1777],[-120.7342,35.1785],[-120.6989,35.1712],[-120.6751,35.1531],[-120.6461,35.1439],[-120.6306,35.1039],[-120.6299,35.0615],[-120.64,35.003],[-120.6493,34.9747],[-120.6341,34.9596],[-120.5752,34.9783],[-120.4962,34.9932],[-120.436,34.9869],[-120.3283,34.9258],[-120.3018,34.9056],[-120.2922,34.9303],[-120.3019,34.9634],[-120.3271,34.9865],[-120.3345,35.0063],[-120.3099,35.0092],[-120.2522,35.029],[-120.2324,35.0207],[-120.1884,35.0304],[-120.1676,35.0753],[-120.1423,35.096],[-120.1294,35.0944],[-120.093,35.1142],[-120.0673,35.0968],[-120.014,35.0814],[-119.9757,35.0583],[-119.9284,35.0598],[-119.9038,35.0381],[-119.8545,35.0321],[-119.8308,35.0058],[-119.7804,34.9907],[-119.7456,34.9737],[-119.6736,34.9736],[-119.6446,34.9537],[-119.615,34.9504],[-119.5784,34.9219],[-119.536,34.8977],[-119.4725,34.9014],[-119.4726,35.0767],[-119.4904,35.0916],[-119.5618,35.0878],[-119.5538,35.1801],[-119.6673,35.175],[-119.6666,35.2626],[-119.8094,35.2637],[-119.8092,35.3509],[-119.8804,35.3511],[-119.88,35.4391],[-119.9931,35.4395],[-119.9974,35.4687],[-120.051,35.5131],[-120.0868,35.5264],[-120.0862,35.6144],[-120.194,35.6144],[-120.1944,35.7894],[-120.214,35.7893],[-120.6916,35.7909],[-121.1145,35.7933],[-121.3464,35.7952]]]},"properties":{"GEOID":"42020","NAME":"San Luis Obispo-Paso Robles, CA","LSAD":"M1"}},
{"type":"Feature","geometry":{"type":"Polygon","coordinates":[[[-74.943,40.3416],[-74.8682,40.2952],[-74.8423,40.2505],[-74.7717,40.2153],[-74.7556,40.1867],[-74.7143,40.1524],[-74.7006,40.1836],[-74.6233,40.1421],[-74.5878,40.1383],[-74.6146,40.1824],[-74.5704,40.1857],[-74.5433,40.2167],[-74.4815,40.2429],[-74.482,40.2739],[-74.5261,40.2931],[-74.5515,40.2905],[-74.5865,40.3136],[-74.6225,40.3248],[-74.631,40.3401],[-74.6176,40.3773],[-74.6541,40.391],[-74.7221,40.3752],[-74.7481,40.4242],[-74.8085,40.4167],[-74.802,40.385],[-74.8697,40.3778],[-74.8563,40.3467],[-74.943,40.3416]]]},"properties":{"GEOID":"45940","NAME":"Trenton-Princeton, NJ","LSAD":"M1"}},
{"type":"Feature","geometry":{"type":"Polygon","coordinates":[[[-82.375,26.9456],[-82.3425,26.8947],[-82.3258,26.8775],[-82.2825,26.816],[-82.2721,26.7895],[-82.2215,26.7818],[-82.201,26.7708],[-82.1722,26.7699],[-82.1451,26.7888],[-82.1534,26.854],[-82.1812,26.9214],[-82.1741,26.9417],[-82.1414,26.9239],[-82.1155,26.9511],[-82.1196,26.9632],[-82.0662,26.9544],[-82.0538,26.9398],[-82.0868,26.9277],[-82.0971,26.9145],[-82.0867,26.8885],[-82.0603,26.8804],[-82.0511,26.865],[-82.0546,26.833],[-82.051,26.7919],[-82.0599,26.7704],[-81.7607,26.7696],[-81.5657,26.7696],[-81.5625,27.0337],[-81.5626,27.0338],[-81.7717,27.0339],[-81.9832,27.0353],[-81.9925,27.0317],[-82.0575,27.0321],[-82.2552,27.033],[-82.2555,26.9453],[-82.375,26.9456]]]},"properties":{"GEOID":"39460","NAME":"Punta Gorda, FL","LSAD":"M1"}},
{"type":"Feature","geometry":{"type":"Polygon","coordinates":[[[-101.6887,32.5252],[-101.695,32.0875],[-101.2642,32.0871],[-101.184,32.0872],[-101.1772,32.3751],[-101.1746,32.5241],[-101.375,32.5244],[-101.6887,32.5252]]]},"properties":{"GEOID":"13700","NAME":"Big Spring, TX","LSAD":"M2"}},
{"type":"Feature","geometry":{"type":"Polygon","coordinates":[[[-82.047,33.9532],[-82.1557,33.9293],[-82.1483,33.9028],[-82.1546,33.8817],[-82.1246,33.842],[-82.1235,33.8278],[-82.1432,33.7953],[-82.1729,33.7644],[-82.1642,33.7434],[-82.183,33.7242],[-82.1672,33.6921],[-82.1345,33.6739],[-82.1317,33.66],[-82.0955,33.6339],[-82.1153,33.5966],[-82.1335,33.5905],[-82.1966,33.6306],[-82.1998,33.6618],[-82.2346,33.7002],[-82.2475,33.7526],[-82.299,33.7845],[-82.2993,33.7989],[-82.3462,33.8338],[-82.4084,33.8663],[-82.4292,33.8658],[-82.4929,33.9098],[-82.5129,33.937],[-82.5568,33.9454],[-82.5781,33.9659],[-82.6105,33.9816],[-82.6456,33.9828],[-82.6057,33.8599],[-82.5796,33.8744],[-82.5733,33.8557],[-82.5951,33.8311],[-82.5737,33.7861],[-82.4868,33.6475],[-82.5117,33.6592],[-82.5443,33.6386],[-82.5656,33.6459],[-82.6183,33.631],[-82.6232,33.6133],[-82.6497,33.6088],[-82.5846,33.4497],[-82.5536,33.4158],[-82.5358,33.3575],[-82.4985,33.3377],[-82.4516,33.3409],[-82.408,33.3182],[-82.3316,33.308],[-82.3013,33.2883],[-82.296,33.2766],[-82.2624,33.2657],[-82.233,33.2277],[-82.2669,33.1528],[-82.2811,33.1104],[-82.2912,33.0628],[-82.2724,32.9378],[-82.2953,32.8794],[-82.3165,32.8358],[-82.3008,32.8268],[-82.2615,32.8232],[-82.2142,32.8037],[-82.168,32.8109],[-82.1479,32.8198],[-82.1237,32.8837],[-82.0813,32.9168],[-81.9562,32.9238],[-81.8579,32.9539],[-81.7773,32.9234],[-81.7676,32.9094],[-81.5417,33.0457],[-81.5619,33.0458],[-81.5787,33.0662],[-81.615,33.0956],[-81.6423,33.0932],[-81.6584,33.1032],[-81.7046,33.1165],[-81.7631,33.1594],[-81.7686,33.1784],[-81.7519,33.2016],[-81.5569,33.3516],[-81.3729,33.4904],[-81.3234,33.5326],[-81.1873,33.6529],[-81.244,33.6795],[-81.2859,33.6931],[-81.3115,33.7087],[-81.3667,33.7285],[-81.3932,33.7269],[-81.418,33.7345],[-81.4317,33.769],[-81.4592,33.7952],[-81.5027,33.808],[-81.5335,33.8321],[-81.5467,33.8585],[-81.5715,33.8773],[-81.6518,33.8145],[-81.7766,33.846],[-81.8238,33.8673],[-81.8368,33.8665],[-81.8704,33.892],[-81.8946,33.9754],[-81.932,33.9769],[-82.0083,33.9616],[-82.047,33.9532]]]},"properties":{"GEOID":"12260","NAME":"Augusta-Richmond County, GA-SC","LSAD":"M1"}},
{"type":"Feature","geometry":{"type":"MultiPolygon","coordinates":[[[[-76.6541,37.6032],[-76.6675,37.5201],[-76.648,37.4959],[-76.6471,37.4807],[-76.6674,37.4555],[-76.6991,37.451],[-76.7123,37.4313],[-76.7568,37.4617],[-76.7703,37.435],[-76.7921,37.4354],[-76.8241,37.4507],[-76.86,37.4468],[-76.8953,37.4282],[-76.8924,37.3879],[-76.9045,37.3777],[-76.8735,37.3634],[-76.8816,37.2855],[-76.8752,37.2608],[-76.8695,37.2422],[-76.8222,37.2436],[-76.7935,37.2312],[-76.7805,37.2093],[-76.7578,37.1917],[-76.7315,37.2122],[-76.693,37.2237],[-76.6499,37.2209],[-76.6299,37.2067],[-76.6044,37.1601],[-76.6255,37.1273],[-76.5671,37.0838],[-76.5431,37.0891],[-76.5263,37.0629],[-76.4645,37.0275],[-76.4521,36.9982],[-76.4253,36.9664],[-76.411,36.963],[-76.3775,36.997],[-76.3407,37.0152],[-76.3004,37.0089],[-76.2714,37.0876],[-76.3018,37.1141],[-76.3114,37.1375],[-76.3407,37.1508],[-76.3487,37.1687],[-76.3814,37.1557],[-76.394,37.1745],[-76.4021,37.2065],[-76.3869,37.2261],[-76.4718,37.216],[-76.509,37.2395],[-76.4828,37.2548],[-76.4646,37.2499],[-76.4172,37.2651],[-76.3624,37.2686],[-76.3968,37.303],[-76.4386,37.3138],[-76.4163,37.3293],[-76.4441,37.3665],[-76.4161,37.4093],[-76.3853,37.3843],[-76.3486,37.3715],[-76.3086,37.3294],[-76.2746,37.3134],[-76.2747,37.3496],[-76.2478,37.3788],[-76.2561,37.4526],[-76.2807,37.4658],[-76.2719,37.4864],[-76.281,37.5078],[-76.2977,37.5069],[-76.3173,37.4851],[-76.3362,37.5044],[-76.3527,37.5049],[-76.3608,37.5284],[-76.4041,37.5355],[-76.4199,37.5103],[-76.4998,37.5372],[-76.543,37.5643],[-76.5735,37.5629],[-76.5958,37.5881],[-76.615,37.584],[-76.6541,37.6032]]],[[[-77.4301,36.7077],[-77.4922,36.6715],[-77.4611,36.6526],[-77.415,36.6541],[-77.378,36.633],[-77.3559,36.5805],[-77.3609,36.5648],[-77.2969,36.5447],[-77.1644,36.5463],[-77.0951,36.5446],[-76.916,36.5438],[-76.9051,36.5226],[-76.9253,36.4883],[-76.9471,36.4724],[-76.9471,36.4154],[-76.93,36.3999],[-76.8214,36.3641],[-76.7828,36.363],[-76.7585,36.3502],[-76.7353,36.3241],[-76.6966,36.2961],[-76.6542,36.3142],[-76.6397,36.3297],[-76.6131,36.324],[-76.5708,36.3343],[-76.5596,36.3511],[-76.4537,36.3781],[-76.4914,36.4686],[-76.4913,36.5107],[-76.4373,36.4678],[-76.3768,36.4459],[-76.3676,36.4314],[-76.3231,36.4173],[-76.2915,36.3866],[-76.2589,36.3843],[-76.2382,36.3716],[-76.2142,36.3416],[-76.1922,36.3281],[-76.2021,36.3047],[-76.2174,36.2996],[-76.1728,36.3024],[-76.1057,36.2724],[-76.0796,36.2382],[-76.054,36.2348],[-76.0423,36.211],[-76.017,36.1864],[-75.9346,36.1659],[-75.96,36.1989],[-75.9498,36.2154],[-75.9607,36.251],[-75.947,36.2587],[-75.9167,36.2379],[-75.9066,36.2088],[-75.875,36.1841],[-75.8629,36.1596],[-75.8667,36.1275],[-75.8493,36.1048],[-75.7982,36.0722],[-75.7994,36.1177],[-75.8403,36.1772],[-75.8368,36.2038],[-75.8639,36.2293],[-75.8648,36.285],[-75.8834,36.2847],[-75.8953,36.3196],[-75.9235,36.3678],[-75.9164,36.389],[-75.9245,36.4255],[-75.9563,36.4008],[-75.972,36.4372],[-76.0123,36.4475],[-76.0426,36.5106],[-76.0264,36.5165],[-76.0307,36.5388],[-76.0026,36.5371],[-75.981,36.5113],[-75.9891,36.4951],[-75.9355,36.4906],[-75.8999,36.4821],[-75.8883,36.4416],[-75.865,36.4377],[-75.8433,36.42],[-75.8477,36.3784],[-75.8289,36.3657],[-75.8231,36.3226],[-75.8518,36.3242],[-75.8337,36.2936],[-75.8131,36.2917],[-75.8039,36.2677],[-75.8109,36.2491],[-75.7954,36.2271],[-75.7733,36.2315],[-75.7964,36.2904],[-75.8187,36.3576],[-75.8577,36.5008],[-75.8741,36.5839],[-75.8909,36.6308],[-75.9217,36.6921],[-75.9495,36.7612],[-75.9963,36.922],[-76.0416,36.9299],[-76.0582,36.9169],[-76.0905,36.9078],[-76.1396,36.923],[-76.2217,36.9395],[-76.2679,36.9645],[-76.2961,36.969],[-76.3302,36.9421],[-76.326,36.9037],[-76.3157,36.8882],[-76.3418,36.8601],[-76.3513,36.88],[-76.3545,36.9228],[-76.3859,36.9232],[-76.3876,36.8995],[-76.4474,36.9032],[-76.4547,36.8841],[-76.4916,36.8811],[-76.4802,36.9143],[-76.4865,36.9565],[-76.5134,36.9681],[-76.5249,36.9838],[-76.5629,37.0038],[-76.5865,37.0287],[-76.646,37.0362],[-76.6699,37.0599],[-76.6581,37.0968],[-76.6803,37.1263],[-76.6843,37.0885],[-76.7095,37.0565],[-76.8357,37.0031],[-76.9535,36.9445],[-77.1218,36.8577],[-77.2497,36.7955],[-77.3448,36.7526],[-77.4301,36.7077]]]]},"properties":{"GEOID":"47260","NAME":"Virginia Beach-Norfolk-Newport News, VA-NC","LSAD":"M1"}},
{"type":"Feature","geometry":{"type":"Polygon","coordinates":[[[-87.1161,46.1591],[-87.1166,46.4948],[-87.1713,46.504],[-87.2024,46.4908],[-87.2587,46.4883],[-87.3108,46.492],[-87.3594,46.5035],[-87.394,46.5332],[-87.3764,46.5462],[-87.3928,46.5709],[-87.3861,46.5823],[-87.4312,46.5904],[-87.4641,46.6148],[-87.468,46.6356],[-87.503,46.6475],[-87.5249,46.6763],[-87.5254,46.6905],[-87.5827,46.7305],[-87.5955,46.7743],[-87.6333,46.8121],[-87.6939,46.827],[-87.7273,46.8259],[-87.741,46.8652],[-87.7768,46.8668],[-87.7825,46.8799],[-87.8168,46.8912],[-87.8462,46.8839],[-87.8977,46.9089],[-87.9987,46.9054],[-88.0446,46.9116],[-88.0447,46.7654],[-87.9914,46.7652],[-87.9915,46.6791],[-88.1158,46.6784],[-88.1174,46.2466],[-87.6159,46.2467],[-87.6171,45.986],[-87.3678,45.9853],[-87.2429,45.9851],[-87.2415,46.1591],[-87.1161,46.1591]]]},"properties":{"GEOID":"32100","NAME":"Marquette, MI","LSAD":"M2"}},
{"type":"Feature","geometry":{"type":"Polygon","coordinates":[[[-79.4616,34.6303],[-79.45,34.621],[-79.3583,34.5454],[-79.2498,34.4498],[-79.0713,34.2993],[-79.0712,34.2993],[-79.0382,34.3134],[-79.025,34.3517],[-79.0012,34.3639],[-79.01,34.3803],[-78.995,34.3926],[-78.9682,34.3973],[-78.9711,34.4277],[-78.9518,34.4488],[-78.8958,34.4621],[-78.8464,34.5041],[-78.8608,34.5522],[-78.8315,34.6088],[-78.8344,34.6216],[-78.8094,34.6683],[-78.8058,34.6896],[-78.8219,34.7097],[-78.8544,34.7357],[-78.8636,34.77],[-78.902,34.8353],[-78.9271,34.8653],[-78.9266,34.8867],[-78.955,34.9133],[-79.0387,34.9527],[-79.1914,34.8337],[-79.3479,34.8386],[-79.3576,34.8203],[-79.3317,34.773],[-79.4616,34.6303]]]},"properties":{"GEOID":"31300","NAME":"Lumberton, NC","LSAD":"M2"}},
{"type":"Feature","geometry":{"type":"MultiPolygon","coordinates":[[[[-67.1877,18.2668],[-67.1742,18.2448],[-67.1732,18.2267],[-67.1575,18.2171],[-67.1571,18.1927],[-67.1802,18.1682],[-67.1412,18.1371],[-67.1332,18.1214],[-67.1071,18.106],[-67.081,18.1067],[-67.0939,18.1423],[-67.0728,18.1729],[-67.0515,18.1741],[-66.9775,18.2078],[-66.898,18.1877],[-66.9129,18.233],[-66.9083,18.2522],[-66.9567,18.2721],[-67.0328,18.2821],[-67.0618,18.2701],[-67.0722,18.2546],[-67.1259,18.2451],[-67.1391,18.2654],[-67.1559,18.2731],[-67.1877,18.2668]]],[[[-67.9447,18.0846],[-67.9203,18.0641],[-67.8973,18.0536],[-67.872,18.0583],[-67.8443,18.0848],[-67.8488,18.1103],[-67.8618,18.122],[-67.8875,18.1125],[-67.9132,18.119],[-67.933,18.1125],[-67.9447,18.0846]]]]},"properties":{"GEOID":"32420","NAME":"Mayagüez, PR","LSAD":"M1"}},
{"type":"Feature","geometry":{"type":"Polygon","coordinates":[[[-85.434,32.4098],[-85.4335,32.2346],[-85.4274,32.1466],[-85.4102,32.1467],[-85.2577,32.1483],[-85.2455,32.1191],[-85.2209,32.0953],[-85.1957,32.0818],[-85.1851,32.0617],[-85.056,32.0631],[-85.0551,32.0107],[-85.0681,31.9919],[-85.042,31.9757],[-84.9537,31.9748],[-84.9737,31.9593],[-84.9552,31.9423],[-84.9358,31.9418],[-84.907,31.9245],[-84.6558,31.9203],[-84.6541,32.0285],[-84.6444,32.0289],[-84.6403,32.2253],[-84.6206,32.2331],[-84.6009,32.2108],[-84.5997,32.1924],[-84.5649,32.1922],[-84.5647,32.1751],[-84.5274,32.1512],[-84.5271,32.1346],[-84.4312,32.1341],[-84.4294,32.2322],[-84.4104,32.232],[-84.4099,32.2845],[-84.3899,32.2972],[-84.3923,32.414],[-84.3921,32.4353],[-84.4083,32.4493],[-84.4078,32.4853],[-84.4336,32.4932],[-84.443,32.5185],[-84.4444,32.5621],[-84.4089,32.5619],[-84.4084,32.6105],[-84.3744,32.6377],[-84.3642,32.6794],[-84.3389,32.679],[-84.3379,32.7206],[-84.3223,32.7212],[-84.2862,32.7476],[-84.3028,32.7614],[-84.3357,32.7596],[-84.3503,32.7824],[-84.3693,32.7762],[-84.391,32.787],[-84.4149,32.8345],[-84.4335,32.8385],[-84.4573,32.8299],[-84.4759,32.8769],[-84.5069,32.8818],[-84.5707,32.8452],[-84.7005,32.8446],[-84.7679,32.8677],[-84.8476,32.8684],[-84.8618,32.8725],[-84.8619,32.8686],[-85.1841,32.8705],[-85.1543,32.8475],[-85.1679,32.8116],[-85.1222,32.7734],[-85.1426,32.7607],[-85.1348,32.7468],[-85.1185,32.7408],[-85.117,32.692],[-85.0885,32.6578],[-85.1053,32.6448],[-85.0894,32.6254],[-85.0675,32.5795],[-85.0225,32.5429],[-85.0008,32.5102],[-85.0608,32.5092],[-85.0593,32.473],[-85.3338,32.4686],[-85.3301,32.4108],[-85.434,32.4098]]]},"properties":{"GEOID":"17980","NAME":"Columbus, GA-AL","LSAD":"M1"}},
{"type":"Feature","geometry":{"type":"Polygon","coordinates":[[[-106.1355,39.3795],[-106.1488,39.3684],[-106.1399,39.3396],[-106.1536,39.3204],[-106.184,39.3094],[-106.1828,39.2396],[-106.1702,39.223],[-106.1847,39.2093],[-106.1738,39.1371],[-106.2102,39.1039],[-106.1786,39.1033],[-106.1694,39.0868],[-106.1916,39.068],[-106.1825,39.0386],[-106.1914,39.0165],[-106.1701,38.9946],[-106.1454,38.9979],[-106.1095,38.9859],[-106.1138,38.9553],[-106.1058,38.9404],[-106.0659,38.9319],[-106.0281,38.9428],[-105.9944,38.9149],[-105.9794,38.8945],[-105.9412,38.8856],[-105.9268,38.8742],[-105.9428,38.8528],[-105.9364,38.8366],[-105.9066,38.807],[-105.9397,38.7719],[-105.9462,38.7167],[-105.9697,38.6936],[-105.7154,38.6947],[-105.4982,38.6971],[-105.329,38.6976],[-105.3295,38.9929],[-105.3304,39.1295],[-105.1627,39.1296],[-104.6925,39.1295],[-104.3482,39.1289],[-104.0516,39.1284],[-104.0531,38.954],[-104.0555,38.8689],[-103.7197,38.8668],[-103.722,39.0841],[-103.7153,39.1282],[-103.7144,39.5663],[-103.7071,39.5663],[-103.7057,40.0014],[-104.1503,40.0009],[-104.4898,40.0006],[-104.9614,40.0003],[-104.9612,40.0442],[-104.999,40.0258],[-104.9896,40.0077],[-105.0084,40.0005],[-105.0528,40.0003],[-105.0528,39.9777],[-105.0766,39.9636],[-105.0909,39.9361],[-105.1186,39.9432],[-105.1471,39.9139],[-105.3978,39.9129],[-105.4402,39.9384],[-105.4575,39.9322],[-105.6758,39.9324],[-105.6997,39.8915],[-105.6963,39.8389],[-105.7134,39.8382],[-105.7361,39.8057],[-105.766,39.7949],[-105.7996,39.8033],[-105.823,39.7856],[-105.8558,39.7955],[-105.8876,39.7966],[-105.8923,39.7841],[-105.8837,39.737],[-105.9047,39.7288],[-105.9246,39.699],[-105.9263,39.673],[-105.9108,39.6623],[-105.8648,39.6672],[-105.8487,39.6442],[-105.8172,39.6336],[-105.7931,39.6363],[-105.7761,39.6111],[-105.8081,39.5834],[-105.8384,39.573],[-105.8176,39.5383],[-105.8443,39.526],[-105.8564,39.5051],[-105.8892,39.4834],[-105.9105,39.4584],[-105.9388,39.4584],[-105.9442,39.4409],[-105.9668,39.438],[-105.9517,39.4146],[-105.9769,39.4086],[-106.0184,39.3814],[-106.0176,39.3655],[-106.0561,39.3584],[-106.0972,39.378],[-106.1355,39.3795]]]},"properties":{"GEOID":"19740","NAME":"Denver-Aurora-Lakewood, CO","LSAD":"M1"}},
{"type":"Feature","geometry":{"type":"Polygon","coordinates":[[[-117.5097,33.505],[-117.5096,33.4716],[-117.5384,33.4556],[-117.5785,33.4539],[-117.596,33.3878],[-117.5478,33.3649],[-117.5059,33.3333],[-117.4456,33.2685],[-117.404,33.2157],[-117.3419,33.1433],[-117.3125,33.087],[-117.2958,33.0378],[-117.2818,33.0171],[-117.2537,32.9038],[-117.2517,32.8743],[-117.2645,32.8487],[-117.2812,32.843],[-117.2806,32.8219],[-117.2601,32.8026],[-117.252,32.7512],[-117.2575,32.7253],[-117.2431,32.6645],[-117.2235,32.6837],[-117.1931,32.6866],[-117.1607,32.6657],[-117.1377,32.6246],[-117.1331,32.5668],[-117.1237,32.5344],[-116.946,32.5501],[-116.627,32.5763],[-116.1062,32.6186],[-116.1031,32.7265],[-116.1033,33.0747],[-116.0811,33.0748],[-116.0824,33.2511],[-116.0852,33.4259],[-116.1978,33.4289],[-116.5184,33.4269],[-116.8571,33.4266],[-117.0309,33.4269],[-117.1409,33.4326],[-117.2413,33.432],[-117.2422,33.449],[-117.3709,33.4905],[-117.3643,33.505],[-117.5097,33.505]]]},"properties":{"GEOID":"41740","NAME":"San Diego-Chula Vista-Carlsbad, CA","LSAD":"M1"}},
{"type":"Feature","geometry":{"type":"Polygon","coordinates":[[[-76.5596,36.3511],[-76.5726,36.2581],[-76.5901,36.2389],[-76.5731,36.1118],[-76.5391,36.0946],[-76.5175,36.0974],[-76.492,36.0848],[-76.4798,36.0935],[-76.4456,36.0759],[-76.4118,36.0753],[-76.347,36.0888],[-76.3235,36.0849],[-76.3159,36.1009],[-76.3464,36.121],[-76.3717,36.1178],[-76.458,36.1853],[-76.4381,36.1918],[-76.3903,36.1625],[-76.3736,36.1382],[-76.3233,36.1348],[-76.3093,36.1249],[-76.2579,36.1064],[-76.2137,36.0961],[-76.2189,36.1181],[-76.246,36.1586],[-76.2771,36.1807],[-76.2491,36.1849],[-76.2069,36.1375],[-76.1666,36.1237],[-76.0717,36.1402],[-76.0593,36.1493],[-76.0801,36.1994],[-76.1172,36.2135],[-76.1443,36.2589],[-76.1739,36.2636],[-76.2174,36.2996],[-76.2021,36.3047],[-76.1922,36.3281],[-76.2142,36.3416],[-76.2382,36.3716],[-76.2589,36.3843],[-76.2915,36.3866],[-76.3231,36.4173],[-76.3676,36.4314],[-76.3768,36.4459],[-76.4373,36.4678],[-76.4913,36.5107],[-76.4914,36.4686],[-76.4537,36.3781],[-76.5596,36.3511]]]},"properties":{"GEOID":"21020","NAME":"Elizabeth City, NC","LSAD":"M2"}},
{"type":"Feature","geometry":{"type":"Polygon","coordinates":[[[-80.2887,34.3641],[-80.2529,34.3407],[-80.2432,34.3245],[-80.2063,34.3391],[-80.1913,34.3667],[-80.1772,34.3662],[-80.175,34.3263],[-80.1647,34.3063],[-80.1354,34.2846],[-80.1358,34.2724],[-80.1117,34.2286],[-80.1127,34.197],[-80.1586,34.1616],[-80.1304,34.1259],[-80.1063,34.1133],[-80.0767,34.0861],[-80.031,34.074],[-80.0006,34.0479],[-79.9628,34.0229],[-79.9314,34.0153],[-79.8935,33.988],[-79.9746,33.9465],[-79.9459,33.886],[-79.9024,33.8891],[-79.8756,33.8852],[-79.8549,33.8917],[-79.8349,33.8826],[-79.7984,33.8356],[-79.7434,33.8351],[-79.7245,33.8143],[-79.6518,33.8141],[-79.6349,33.8084],[-79.4965,33.7754],[-79.4733,33.7837],[-79.4415,33.7844],[-79.3993,33.8006],[-79.3826,33.8186],[-79.3522,33.8151],[-79.3404,33.8028],[-79.3146,33.807],[-79.3215,33.8306],[-79.3383,33.8405],[-79.3683,33.8429],[-79.3968,33.8752],[-79.4013,33.8928],[-79.429,33.8978],[-79.4917,33.9465],[-79.4961,33.9693],[-79.5169,33.994],[-79.509,34.0064],[-79.5112,34.0379],[-79.5269,34.0629],[-79.5291,34.1002],[-79.5186,34.1114],[-79.544,34.1517],[-79.5718,34.1837],[-79.5507,34.2014],[-79.544,34.2252],[-79.5621,34.2585],[-79.601,34.2905],[-79.6334,34.298],[-79.6578,34.3052],[-79.6616,34.3237],[-79.6866,34.3541],[-79.6737,34.3744],[-79.717,34.4034],[-79.7506,34.4368],[-79.7493,34.468],[-79.7219,34.488],[-79.7544,34.5041],[-79.8095,34.4861],[-79.8334,34.5103],[-79.83,34.5319],[-79.8594,34.5204],[-79.885,34.4911],[-79.9198,34.4958],[-79.9654,34.4877],[-79.9815,34.5016],[-80.0288,34.4864],[-80.0454,34.4926],[-80.2886,34.3662],[-80.2887,34.3641]]]},"properties":{"GEOID":"22500","NAME":"Florence, SC","LSAD":"M1"}},
{"type":"Feature","geometry":{"type":"Polygon","coordinates":[[[-84.358,36.9594],[-84.3459,36.9395],[-84.3137,36.9422],[-84.3041,36.9125],[-84.3219,36.8968],[-84.3158,36.8789],[-84.3383,36.8253],[-84.35,36.7807],[-84.3227,36.7587],[-84.3212,36.7182],[-84.3076,36.6768],[-84.2715,36.634],[-84.2396,36.6134],[-84.2272,36.5922],[-83.9876,36.5896],[-83.9308,36.5877],[-83.9324,36.6189],[-83.9573,36.6422],[-83.8786,36.6803],[-83.8719,36.7096],[-83.8394,36.714],[-83.8289,36.7433],[-83.7963,36.7726],[-83.7812,36.8027],[-83.738,36.8088],[-83.6918,36.8389],[-83.6826,36.8549],[-83.6424,36.8662],[-83.6098,36.8963],[-83.5811,36.9047],[-83.5667,36.9324],[-83.5895,36.9558],[-83.5091,36.9385],[-83.523,36.9985],[-83.5109,37.0036],[-83.5461,37.0481],[-83.5452,37.0803],[-83.5355,37.1033],[-83.5512,37.1191],[-83.5513,37.1675],[-83.5051,37.2042],[-83.5289,37.2313],[-83.5079,37.2359],[-83.5159,37.2568],[-83.5616,37.2684],[-83.6093,37.3013],[-83.6386,37.3442],[-83.6681,37.3552],[-83.6786,37.3371],[-83.7179,37.3388],[-83.785,37.3487],[-83.7923,37.3301],[-83.8217,37.3313],[-83.8637,37.3066],[-83.8883,37.2857],[-83.9016,37.2537],[-83.9218,37.2618],[-83.9437,37.2506],[-84.0056,37.2533],[-84.0565,37.2698],[-84.1073,37.3081],[-84.1081,37.3266],[-84.1285,37.3338],[-84.1485,37.3025],[-84.1788,37.2993],[-84.2008,37.2802],[-84.2162,37.2803],[-84.2178,37.2424],[-84.2537,37.2395],[-84.2686,37.1792],[-84.2848,37.1729],[-84.2891,37.1517],[-84.2907,37.1104],[-84.3015,37.0875],[-84.3252,37.0622],[-84.3096,37.0256],[-84.3171,36.9993],[-84.3474,36.9902],[-84.3447,36.9717],[-84.358,36.9594]]]},"properties":{"GEOID":"30940","NAME":"London, KY","LSAD":"M2"}},
{"type":"Feature","geometry":{"type":"MultiPolygon","coordinates":[[[[-70.8071,41.4586],[-70.7904,41.4465],[-70.7679,41.4577],[-70.7344,41.4869],[-70.7842,41.478],[-70.8071,41.4586]]],[[[-70.8388,41.3472],[-70.8021,41.3142],[-70.7757,41.301],[-70.7642,41.3187],[-70.7333,41.3362],[-70.6911,41.3443],[-70.5792,41.35],[-70.4633,41.3475],[-70.4483,41.3537],[-70.4504,41.4207],[-70.473,41.4088],[-70.4908,41.3836],[-70.507,41.4002],[-70.5476,41.4158],[-70.5533,41.453],[-70.5633,41.4691],[-70.592,41.4559],[-70.6036,41.4824],[-70.6719,41.4424],[-70.701,41.434],[-70.7124,41.4089],[-70.7319,41.3978],[-70.7689,41.3532],[-70.8123,41.3557],[-70.8388,41.3472]]]]},"properties":{"GEOID":"47240","NAME":"Vineyard Haven, MA","LSAD":"M2"}},
{"type":"Feature","geometry":{"type":"Polygon","coordinates":[[[-82.4091,32.3538],[-82.6488,32.3115],[-82.6555,32.2976],[-82.6366,32.2691],[-82.6492,32.2458],[-82.6338,32.2328],[-82.6253,32.2058],[-82.6323,32.1957],[-82.6136,32.15],[-82.6262,32.1327],[-82.6133,32.1056],[-82.5981,32.0144],[-82.5476,31.9816],[-82.5331,31.9614],[-82.4945,31.9486],[-82.4924,31.9684],[-82.4394,31.9678],[-82.408,31.9557],[-82.3832,31.9595],[-82.3724,31.9415],[-82.3089,31.9327],[-82.2914,31.9425],[-82.2597,31.9324],[-82.225,31.9131],[-82.1953,32.1409],[-82.1827,32.1604],[-82.1842,32.18],[-82.2137,32.2292],[-82.235,32.3151],[-82.2798,32.2942],[-82.3545,32.2922],[-82.3564,32.3135],[-82.3789,32.3369],[-82.4091,32.3538]]]},"properties":{"GEOID":"47080","NAME":"Vidalia, GA","LSAD":"M2"}},
{"type":"Feature","geometry":{"type":"Polygon","coordinates":[[[-95.0033,31.4257],[-94.9536,31.3847],[-94.9614,31.3525],[-94.9546,31.3423],[-94.9093,31.3368],[-94.8946,31.2993],[-94.8767,31.2834],[-94.8976,31.2578],[-94.8612,31.2327],[-94.8664,31.2087],[-94.8501,31.1786],[-94.8417,31.1432],[-94.7386,31.1037],[-94.7186,31.107],[-94.6585,31.0849],[-94.6223,31.0873],[-94.5989,31.0686],[-94.5581,31.057],[-94.5172,31.0514],[-94.4578,31.0333],[-94.1296,31.0993],[-94.1615,31.1224],[-94.1929,31.1362],[-94.2242,31.1757],[-94.2879,31.2013],[-94.3126,31.2237],[-94.3266,31.2248],[-94.3477,31.237],[-94.3576,31.2596],[-94.3742,31.2662],[-94.3929,31.299],[-94.4381,31.3126],[-94.4494,31.3213],[-94.4698,31.384],[-94.4927,31.3951],[-94.5022,31.4105],[-94.5376,31.3986],[-94.5548,31.4351],[-94.5815,31.4332],[-94.6022,31.4454],[-94.6412,31.4438],[-94.6618,31.4572],[-94.6863,31.4508],[-94.7615,31.4715],[-94.8039,31.4905],[-94.8235,31.4865],[-94.8346,31.5025],[-94.8612,31.5148],[-94.8659,31.5269],[-95.0033,31.4257]]]},"properties":{"GEOID":"31260","NAME":"Lufkin, TX","LSAD":"M2"}},
{"type":"Feature","geometry":{"type":"Polygon","coordinates":[[[-79.1574,37.891],[-79.1445,37.8559],[-79.1721,37.8031],[-79.1424,37.8132],[-79.1143,37.7864],[-79.0744,37.7812],[-79.0658,37.7463],[-79.0674,37.7203],[-79.0309,37.7026],[-78.986,37.6955],[-78.9669,37.6769],[-78.9562,37.6498],[-78.9001,37.5471],[-78.8843,37.5497],[-78.8309,37.5356],[-78.8252,37.5525],[-78.8159,37.5711],[-78.8291,37.5946],[-78.811,37.6017],[-78.8212,37.6318],[-78.7881,37.642],[-78.7394,37.6315],[-78.7127,37.641],[-78.7104,37.6724],[-78.6417,37.6834],[-78.6546,37.7135],[-78.6394,37.7392],[-78.612,37.7563],[-78.5808,37.754],[-78.5456,37.764],[-78.5105,37.7575],[-78.4966,37.7644],[-78.4864,37.7957],[-78.4641,37.7602],[-78.4053,37.7351],[-78.364,37.7312],[-78.3509,37.7216],[-78.2841,37.7054],[-78.2409,37.6903],[-78.2124,37.7234],[-78.1741,37.7476],[-78.1593,37.7485],[-78.1545,37.7634],[-78.0633,37.9051],[-78.1739,37.9502],[-78.2051,37.9573],[-78.2302,37.9786],[-78.2765,37.9915],[-78.3068,38.0065],[-78.254,38.0628],[-78.2094,38.1311],[-78.3443,38.1778],[-78.369,38.1841],[-78.2888,38.2727],[-78.3324,38.2716],[-78.3652,38.2924],[-78.3658,38.3174],[-78.3827,38.3182],[-78.4296,38.3667],[-78.4236,38.3827],[-78.4408,38.4097],[-78.4363,38.4547],[-78.4528,38.4755],[-78.4857,38.4216],[-78.4932,38.4063],[-78.5538,38.3485],[-78.557,38.332],[-78.5875,38.3248],[-78.6027,38.3069],[-78.6512,38.2935],[-78.6639,38.2767],[-78.6572,38.2606],[-78.681,38.2549],[-78.7263,38.232],[-78.7494,38.2066],[-78.7683,38.1735],[-78.7754,38.141],[-78.7881,38.1264],[-78.7789,38.0844],[-78.7928,38.0695],[-78.8217,38.0592],[-78.8581,38.0294],[-78.8737,38.0286],[-78.8921,37.9945],[-78.9005,37.9494],[-78.9421,37.9402],[-78.9591,37.9203],[-79.0051,37.8817],[-79.043,37.8915],[-79.0522,37.9101],[-79.0912,37.9109],[-79.1466,37.8888],[-79.1574,37.891]]]},"properties":{"GEOID":"16820","NAME":"Charlottesville, VA","LSAD":"M1"}},
{"type":"Feature","geometry":{"type":"Polygon","coordinates":[[[-89.8624,41.584],[-89.8574,41.5184],[-89.8567,41.3101],[-89.8576,41.2345],[-89.6387,41.2339],[-89.6385,41.1485],[-89.3293,41.1479],[-89.3335,41.1237],[-89.3584,41.1038],[-89.0474,41.1048],[-89.0477,40.9257],[-88.9314,40.9277],[-88.9309,41.1059],[-88.5862,41.1083],[-88.5885,41.268],[-88.5936,41.3697],[-88.6022,41.6314],[-88.8182,41.6314],[-88.9387,41.6283],[-89.052,41.6267],[-89.1672,41.6287],[-89.1666,41.5853],[-89.6315,41.5849],[-89.8624,41.584]]]},"properties":{"GEOID":"36837","NAME":"Ottawa, IL","LSAD":"M2"}},
{"type":"Feature","geometry":{"type":"Polygon","coordinates":[[[-83.2555,35.7151],[-83.2556,35.6961],[-83.2151,35.6923],[-83.1842,35.6712],[-83.2023,35.6503],[-83.1771,35.632],[-83.1855,35.5983],[-83.167,35.5787],[-83.156,35.5539],[-83.174,35.5217],[-83.1615,35.4973],[-83.1415,35.4935],[-83.1377,35.4644],[-83.0914,35.4575],[-83.0801,35.4347],[-83.0442,35.4147],[-83.0437,35.3944],[-83.0211,35.3787],[-82.9972,35.373],[-82.9649,35.3334],[-82.9647,35.3153],[-82.9273,35.3028],[-82.9209,35.292],[-82.8764,35.3146],[-82.832,35.3183],[-82.8051,35.348],[-82.7878,35.381],[-82.7456,35.4073],[-82.7451,35.423],[-82.6474,35.3289],[-82.6102,35.2882],[-82.604,35.2218],[-82.5907,35.162],[-82.5742,35.1437],[-82.5416,35.1621],[-82.495,35.1645],[-82.4601,35.1781],[-82.4396,35.1659],[-82.4197,35.1986],[-82.3904,35.2154],[-82.3713,35.1814],[-82.3537,35.1922],[-82.3461,35.286],[-82.3165,35.3083],[-82.2814,35.3676],[-82.2613,35.3932],[-82.2701,35.4004],[-82.2805,35.4434],[-82.2658,35.4678],[-82.2425,35.4678],[-82.2243,35.4983],[-82.2205,35.52],[-82.169,35.5278],[-82.22,35.5531],[-82.2513,35.5599],[-82.291,35.5913],[-82.2645,35.6175],[-82.2867,35.6531],[-82.2805,35.6672],[-82.2949,35.6839],[-82.2754,35.7044],[-82.2913,35.7299],[-82.3131,35.7336],[-82.3351,35.7494],[-82.3462,35.7862],[-82.3383,35.7961],[-82.3621,35.8213],[-82.414,35.8198],[-82.4175,35.8592],[-82.4487,35.8969],[-82.4949,35.9103],[-82.4885,35.9423],[-82.5055,35.9777],[-82.5497,35.9643],[-82.6109,35.9674],[-82.6042,35.9873],[-82.6151,36.0003],[-82.6029,36.0398],[-82.6323,36.0657],[-82.6836,36.0461],[-82.7853,35.9879],[-82.7875,35.9522],[-82.826,35.9297],[-82.8526,35.9491],[-82.8985,35.9451],[-82.9133,35.9241],[-82.8963,35.8803],[-82.9206,35.8685],[-82.9166,35.8414],[-82.9455,35.8247],[-82.9641,35.79],[-82.9921,35.7739],[-83.0362,35.7874],[-83.0787,35.7895],[-83.1202,35.7662],[-83.1592,35.7649],[-83.1857,35.7299],[-83.2407,35.7268],[-83.2555,35.7151]]]},"properties":{"GEOID":"11700","NAME":"Asheville, NC","LSAD":"M1"}},
{"type":"Feature","geometry":{"type":"Polygon","coordinates":[[[-122.3402,38.9242],[-122.4039,38.9253],[-122.422,38.9009],[-122.3951,38.8642],[-122.3852,38.8525],[-122.3486,38.8361],[-122.3262,38.8459],[-122.288,38.8399],[-122.2596,38.7899],[-122.2501,38.7553],[-122.2351,38.7402],[-122.2216,38.696],[-122.2082,38.6955],[-122.198,38.6691],[-122.1683,38.6553],[-122.1625,38.6327],[-122.1394,38.6092],[-122.1033,38.5133],[-122.0574,38.5174],[-122.0308,38.4936],[-122.0114,38.4892],[-121.9403,38.5334],[-121.909,38.5296],[-121.8884,38.5378],[-121.8488,38.5366],[-121.8133,38.526],[-121.7647,38.5259],[-121.7386,38.5377],[-121.712,38.538],[-121.6947,38.5271],[-121.6937,38.3137],[-121.5933,38.3131],[-121.6052,38.2961],[-121.6024,38.2204],[-121.6154,38.1957],[-121.6624,38.1821],[-121.6856,38.1597],[-121.6921,38.1331],[-121.7139,38.0845],[-121.7432,38.0872],[-121.7964,38.0608],[-121.8432,38.0767],[-121.8625,38.066],[-121.8417,38.052],[-121.8321,38.0311],[-121.7888,38.0184],[-121.7378,38.0266],[-121.6998,38.0452],[-121.6815,38.0612],[-121.6819,38.082],[-121.6619,38.0956],[-121.6381,38.0861],[-121.6274,38.0984],[-121.58,38.0944],[-121.5841,38.1202],[-121.5592,38.1439],[-121.5363,38.1516],[-121.5246,38.1748],[-121.5292,38.1938],[-121.5043,38.2121],[-121.471,38.2599],[-121.4297,38.2549],[-121.4112,38.2319],[-121.344,38.2283],[-121.2927,38.2389],[-121.2684,38.2523],[-121.2225,38.2444],[-121.1731,38.2552],[-121.1278,38.2774],[-121.0842,38.2864],[-121.0648,38.2995],[-121.0475,38.2911],[-121.0271,38.3003],[-121.0275,38.5082],[-121.0097,38.5176],[-120.9744,38.516],[-120.939,38.5279],[-120.911,38.5205],[-120.8824,38.5376],[-120.863,38.536],[-120.8472,38.5538],[-120.8126,38.5596],[-120.76,38.5549],[-120.7183,38.5418],[-120.6774,38.5181],[-120.6284,38.5032],[-120.5802,38.5034],[-120.5538,38.5119],[-120.5055,38.5123],[-120.4858,38.5213],[-120.4131,38.5311],[-120.3545,38.5481],[-120.3171,38.5451],[-120.2745,38.5595],[-120.2626,38.5786],[-120.2338,38.5883],[-120.2128,38.6294],[-120.1405,38.6382],[-120.1171,38.6806],[-120.1109,38.7057],[-120.0724,38.7028],[-119.9649,38.776],[-119.9479,38.7816],[-119.9421,38.8031],[-119.9085,38.8343],[-119.9068,38.8547],[-119.8803,38.8648],[-119.8799,38.8994],[-119.9043,38.9333],[-120.001,38.9996],[-120.0034,39.1127],[-120.0045,39.1656],[-120.0063,39.3165],[-120.486,39.3161],[-120.6458,39.3152],[-120.6822,39.3069],[-120.7279,39.2881],[-120.7914,39.2411],[-120.8547,39.209],[-120.8799,39.1781],[-120.9449,39.1454],[-120.9863,39.1022],[-120.9916,39.0769],[-121.0083,39.0521],[-121.029,39.0384],[-121.0416,39.0138],[-121.0795,39.0069],[-121.1051,39.0121],[-121.1394,39.0375],[-121.1868,39.0127],[-121.2218,39.012],[-121.2795,39.0346],[-121.3045,39.0525],[-121.3724,39.0277],[-121.4148,38.9984],[-121.4144,38.9262],[-121.4694,38.926],[-121.4698,38.7516],[-121.4844,38.7346],[-121.6029,38.7358],[-121.5926,38.7629],[-121.6081,38.7809],[-121.6701,38.7593],[-121.7018,38.803],[-121.7233,38.8038],[-121.7305,38.8591],[-121.7497,38.8712],[-121.77,38.8615],[-121.8017,38.8643],[-121.8148,38.8766],[-121.8048,38.9145],[-121.8355,38.9245],[-122.0611,38.9259],[-122.3402,38.9242]]]},"properties":{"GEOID":"40900","NAME":"Sacramento-Roseville-Folsom, CA","LSAD":"M1"}},
{"type":"Feature","geometry":{"type":"Polygon","coordinates":[[[-82.3064,37.9436],[-82.1907,37.9748],[-82.045,38.0146],[-81.9723,38.0187],[-81.9796,37.9915],[-81.9506,37.9719],[-81.9123,37.9755],[-81.9018,37.9612],[-81.861,37.9483],[-81.815,37.9472],[-81.7856,37.9364],[-81.7589,37.8969],[-81.7822,37.8672],[-81.7447,37.8291],[-81.7152,37.8098],[-81.6655,37.8329],[-81.6075,37.7887],[-81.5631,37.7676],[-81.5304,37.7897],[-81.5142,37.7912],[-81.5199,37.8211],[-81.5469,37.828],[-81.5608,37.8414],[-81.5676,37.8675],[-81.5538,37.8943],[-81.5715,37.9278],[-81.5393,37.9708],[-81.5076,37.9882],[-81.4869,37.9817],[-81.4628,37.99],[-81.4361,37.9681],[-81.4136,37.974],[-81.3808,37.9691],[-81.331,38.1686],[-81.315,38.1805],[-81.2316,38.2635],[-80.9998,38.3723],[-80.9113,38.4148],[-80.8177,38.4784],[-80.8253,38.4944],[-80.8787,38.504],[-80.8934,38.5377],[-80.913,38.5632],[-80.9577,38.5973],[-80.9781,38.6264],[-81.0317,38.6678],[-81.0837,38.612],[-81.1326,38.5648],[-81.1941,38.5276],[-81.2206,38.5318],[-81.2743,38.5218],[-81.3035,38.5348],[-81.3493,38.5413],[-81.4656,38.5498],[-81.5075,38.5827],[-81.5466,38.6724],[-81.5292,38.7481],[-81.5214,38.824],[-81.5291,38.8919],[-81.5026,38.9179],[-81.5417,38.9508],[-81.5495,38.9672],[-81.5295,38.9776],[-81.5322,39.0058],[-81.7473,39.0954],[-81.7756,39.0784],[-81.8079,39.084],[-81.8117,39.0596],[-81.7643,39.0153],[-81.7818,38.9649],[-81.7561,38.9335],[-81.7856,38.9262],[-81.8142,38.9462],[-81.8445,38.9287],[-81.8487,38.9014],[-81.8892,38.8743],[-81.9086,38.8785],[-81.9029,38.8633],[-81.7913,38.7331],[-81.8135,38.7148],[-81.7728,38.6808],[-81.7477,38.6841],[-81.6963,38.6264],[-81.7288,38.5962],[-81.7557,38.5818],[-81.7489,38.5706],[-81.7526,38.5236],[-81.7422,38.5175],[-81.7233,38.468],[-81.7776,38.4469],[-81.836,38.4288],[-81.9002,38.3986],[-81.9152,38.3256],[-81.9918,38.2691],[-82.0489,38.2903],[-82.0431,38.3372],[-82.0471,38.3744],[-82.0972,38.3675],[-82.115,38.3506],[-82.1711,38.3357],[-82.2112,38.3108],[-82.2096,38.2874],[-82.2443,38.2684],[-82.26,38.2462],[-82.2664,38.2106],[-82.2778,38.2057],[-82.2717,38.1694],[-82.2857,38.145],[-82.2567,38.1321],[-82.2671,38.1147],[-82.2463,38.1021],[-82.2277,38.0706],[-82.2089,38.0683],[-82.2022,38.0362],[-82.3064,37.9436]]]},"properties":{"GEOID":"16620","NAME":"Charleston, WV","LSAD":"M1"}},
{"type":"Feature","geometry":{"type":"Polygon","coordinates":[[[-90.8985,41.9462],[-90.8984,41.7714],[-90.7862,41.7714],[-90.7619,41.7628],[-90.7493,41.7444],[-90.7133,41.7348],[-90.6752,41.7619],[-90.6515,41.7554],[-90.6296,41.7653],[-90.5971,41.7676],[-90.5796,41.7592],[-90.5152,41.7693],[-90.4504,41.7648],[-90.426,41.7527],[-90.409,41.7296],[-90.3745,41.7343],[-90.3571,41.728],[-90.3107,41.7422],[-90.2786,41.7674],[-90.2424,41.783],[-90.188,41.8032],[-90.17,41.8764],[-90.1536,41.9066],[-90.1518,41.9289],[-90.1621,41.9613],[-90.1406,41.996],[-90.1542,42.0331],[-90.4422,42.0335],[-90.7723,42.0327],[-90.8984,42.0335],[-90.8985,41.9462]]]},"properties":{"GEOID":"17540","NAME":"Clinton, IA","LSAD":"M2"}},
{"type":"Feature","geometry":{"type":"Polygon","coordinates":[[[-86.6394,35.6859],[-86.6392,35.6763],[-86.6642,35.4918],[-86.6656,35.4562],[-86.6582,35.4353],[-86.6182,35.3668],[-86.5995,35.365],[-86.5827,35.3708],[-86.5253,35.3547],[-86.4851,35.3605],[-86.4753,35.3381],[-86.4442,35.3207],[-86.4223,35.3188],[-86.4093,35.3466],[-86.3712,35.3479],[-86.3295,35.377],[-86.2943,35.392],[-86.288,35.4073],[-86.2505,35.4132],[-86.2416,35.5042],[-86.2452,35.6319],[-86.2798,35.6459],[-86.3013,35.6457],[-86.3104,35.6616],[-86.336,35.6621],[-86.3786,35.6428],[-86.3729,35.6307],[-86.4052,35.6222],[-86.4166,35.6496],[-86.4451,35.6435],[-86.4732,35.6463],[-86.5431,35.6976],[-86.6364,35.702],[-86.6394,35.6859]]]},"properties":{"GEOID":"43180","NAME":"Shelbyville, TN","LSAD":"M2"}},
{"type":"Feature","geometry":{"type":"Polygon","coordinates":[[[-158.2776,21.577],[-158.2315,21.5372],[-158.2311,21.4827],[-158.2037,21.4579],[-158.1796,21.4286],[-158.173,21.3986],[-158.1411,21.3764],[-158.1127,21.3019],[-158.1029,21.2957],[-158.0502,21.3011],[-157.9783,21.3159],[-157.9652,21.3275],[-157.9472,21.3038],[-157.8867,21.3066],[-157.8232,21.2714],[-157.8149,21.2561],[-157.7959,21.2572],[-157.7644,21.2752],[-157.7194,21.2844],[-157.7093,21.2597],[-157.651,21.2988],[-157.6938,21.3329],[-157.709,21.3603],[-157.7059,21.3803],[-157.7339,21.4006],[-157.758,21.4369],[-157.77,21.4133],[-157.8052,21.4351],[-157.8166,21.4546],[-157.8381,21.4567],[-157.8506,21.5063],[-157.8345,21.5269],[-157.8467,21.5498],[-157.8867,21.5806],[-157.9194,21.6263],[-157.9168,21.6474],[-157.9674,21.7104],[-158.0093,21.7003],[-158.0623,21.6554],[-158.0651,21.6391],[-158.1067,21.603],[-158.1228,21.5835],[-158.1543,21.5808],[-158.2348,21.5819],[-158.2776,21.577]]]},"properties":{"GEOID":"46520","NAME":"Urban Honolulu, HI","LSAD":"M1"}},
{"type":"Feature","geometry":{"type":"Polygon","coordinates":[[[-72.7423,44.0297],[-72.81,43.9361],[-72.8163,43.9378],[-72.8653,43.8617],[-72.8766,43.9028],[-72.9531,43.8749],[-72.9802,43.8826],[-72.9589,43.8265],[-72.8746,43.8581],[-72.8734,43.8396],[-72.8376,43.8292],[-72.7967,43.8294],[-72.7828,43.8043],[-72.8193,43.7463],[-72.8039,43.741],[-72.8201,43.7167],[-72.7009,43.6828],[-72.758,43.5875],[-72.7728,43.5916],[-72.789,43.5001],[-72.7715,43.4788],[-72.7242,43.4682],[-72.7384,43.417],[-72.7624,43.3713],[-72.7596,43.3538],[-72.822,43.3757],[-72.8533,43.3764],[-72.8651,43.347],[-72.8686,43.3008],[-72.8199,43.2992],[-72.8196,43.256],[-72.6854,43.2226],[-72.5491,43.2359],[-72.4346,43.2333],[-72.4377,43.2028],[-72.4521,43.1613],[-72.4321,43.1598],[-72.4316,43.1356],[-72.372,43.1321],[-72.3764,43.1577],[-72.1567,43.182],[-72.1785,43.1319],[-72.0381,43.1288],[-72.0235,43.1601],[-72.0368,43.1825],[-72.0091,43.1879],[-72.0415,43.2227],[-72.0453,43.2548],[-72.0654,43.2551],[-72.0901,43.3226],[-72.0516,43.3761],[-72.0468,43.4109],[-72.0538,43.4411],[-72.0114,43.4369],[-71.9284,43.5368],[-71.8921,43.5746],[-71.8492,43.6112],[-71.8181,43.5481],[-71.761,43.5677],[-71.7276,43.5634],[-71.7133,43.6005],[-71.6881,43.595],[-71.6512,43.6211],[-71.6551,43.6613],[-71.6483,43.6845],[-71.5215,43.698],[-71.5317,43.761],[-71.5438,43.796],[-71.5646,43.8932],[-71.362,43.9159],[-71.3836,44.0226],[-71.3467,44.0688],[-71.3664,44.0685],[-71.3816,44.0979],[-71.3765,44.1189],[-71.3871,44.1552],[-71.4132,44.1675],[-71.4265,44.2109],[-71.4159,44.2122],[-71.4433,44.2492],[-71.4697,44.2599],[-71.5074,44.2629],[-71.5758,44.2546],[-71.587,44.3048],[-71.6869,44.3366],[-71.6969,44.3321],[-71.7657,44.4063],[-71.7907,44.4003],[-71.8144,44.3819],[-71.8124,44.3573],[-71.8725,44.3366],[-71.9023,44.3475],[-71.9291,44.3376],[-71.9811,44.3375],[-72.0189,44.3202],[-72.0684,44.2713],[-72.0479,44.2385],[-72.0662,44.1898],[-72.0436,44.1571],[-72.1703,44.1921],[-72.305,44.1831],[-72.3684,44.2041],[-72.4192,44.2208],[-72.4434,44.1288],[-72.5597,44.1629],[-72.5866,44.1603],[-72.6291,44.0878],[-72.6345,44.0893],[-72.6829,44.0128],[-72.7423,44.0297]]]},"properties":{"GEOID":"30100","NAME":"Lebanon, NH-VT","LSAD":"M2"}},
{"type":"Feature","geometry":{"type":"Polygon","coordinates":[[[-81.7187,32.0894],[-81.7617,32.0479],[-81.8244,32.0149],[-81.8759,31.9685],[-81.8892,31.9471],[-81.882,31.9183],[-81.8925,31.8953],[-81.9125,31.8867],[-81.9238,31.85],[-81.945,31.8357],[-81.9691,31.7893],[-81.9339,31.7624],[-81.9056,31.7247],[-81.8765,31.7132],[-81.8671,31.6911],[-81.8239,31.6518],[-81.8066,31.6553],[-81.7845,31.6298],[-81.7368,31.6084],[-81.7012,31.58],[-81.6968,31.554],[-81.6632,31.5387],[-81.6222,31.5513],[-81.566,31.5765],[-81.4918,31.6996],[-81.4657,31.6942],[-81.4557,31.6598],[-81.4342,31.6411],[-81.4178,31.652],[-81.3961,31.6425],[-81.3556,31.6547],[-81.3402,31.6473],[-81.3145,31.6594],[-81.3024,31.6507],[-81.2619,31.6501],[-81.2222,31.6304],[-81.1901,31.5981],[-81.1922,31.5803],[-81.1826,31.5618],[-81.1604,31.5704],[-81.1288,31.6314],[-81.1356,31.6835],[-81.1863,31.7015],[-81.1984,31.7261],[-81.2191,31.7428],[-81.2609,31.7543],[-81.2774,31.7946],[-81.311,31.7899],[-81.3325,31.834],[-81.351,31.8256],[-81.3781,31.8487],[-81.3829,31.8761],[-81.4044,31.9197],[-81.4249,31.9382],[-81.4638,31.95],[-81.4714,31.9722],[-81.5028,31.9628],[-81.5526,31.9574],[-81.5914,31.9793],[-81.6195,32.0322],[-81.6512,32.0584],[-81.6728,32.0639],[-81.6927,32.0883],[-81.7187,32.0894]]]},"properties":{"GEOID":"25980","NAME":"Hinesville, GA","LSAD":"M1"}},
{"type":"Feature","geometry":{"type":"MultiPolygon","coordinates":[[[[-88.0534,30.507],[-88.0267,30.4911],[-88.0262,30.5166],[-88.0534,30.507]]],[[[-88.3273,30.2299],[-88.3048,30.228],[-88.1998,30.2478],[-88.1378,30.2497],[-88.1094,30.2433],[-88.0749,30.2491],[-88.1177,30.2791],[-88.1411,30.255],[-88.2246,30.2456],[-88.2997,30.2318],[-88.3273,30.2299]]],[[[-87.9466,31.1929],[-87.9484,31.2068],[-87.9313,31.2246],[-87.944,31.2443],[-87.9634,31.2502],[-87.953,31.2719],[-87.9508,31.2995],[-87.9245,31.3129],[-87.9188,31.3408],[-87.9037,31.3365],[-87.8889,31.364],[-87.9037,31.3884],[-87.9111,31.4244],[-87.9309,31.4449],[-87.9061,31.4918],[-87.9425,31.5267],[-87.9704,31.5305],[-88.0313,31.5605],[-88.0277,31.5843],[-88.0514,31.5835],[-88.0797,31.6025],[-88.0743,31.6164],[-88.0912,31.6571],[-88.0789,31.6626],[-88.0883,31.6993],[-88.4644,31.698],[-88.451,31.4594],[-88.439,31.2469],[-88.4256,30.9983],[-88.4125,30.7356],[-88.4039,30.5434],[-88.395,30.3694],[-88.364,30.388],[-88.3574,30.4066],[-88.338,30.4048],[-88.2999,30.3856],[-88.2607,30.3824],[-88.1871,30.3627],[-88.1966,30.3374],[-88.1916,30.3187],[-88.1314,30.3343],[-88.1073,30.3772],[-88.1064,30.4527],[-88.0969,30.4711],[-88.1009,30.5098],[-88.0828,30.5287],[-88.0831,30.5728],[-88.0649,30.5883],[-88.054,30.6125],[-88.0619,30.6436],[-88.0384,30.6479],[-88.009,30.6835],[-88.001,30.6983],[-88.0263,30.7534],[-88.0222,30.7745],[-87.9906,30.7942],[-87.9871,30.8114],[-87.9445,30.827],[-87.9545,30.8494],[-87.981,30.8619],[-87.9797,30.889],[-87.9588,30.904],[-87.9499,30.9267],[-87.9243,30.9354],[-87.9436,30.9618],[-87.9633,30.9661],[-87.9574,31.0294],[-87.9412,31.0482],[-87.9487,31.0679],[-87.9759,31.0824],[-87.9466,31.1217],[-87.9397,31.1458],[-87.9466,31.1929]]]]},"properties":{"GEOID":"33660","NAME":"Mobile, AL","LSAD":"M1"}},
{"type":"Feature","geometry":{"type":"Polygon","coordinates":[[[-85.6573,37.422],[-85.6514,37.3967],[-85.6855,37.3612],[-85.6973,37.3018],[-85.6823,37.2884],[-85.6793,37.2468],[-85.6865,37.1824],[-85.6609,37.143],[-85.6324,37.1251],[-85.591,37.1163],[-85.5269,37.1095],[-85.4338,37.1448],[-85.3803,37.1683],[-85.3172,37.2239],[-85.3147,37.2407],[-85.2724,37.26],[-85.2236,37.2625],[-85.1922,37.2729],[-85.184,37.296],[-85.1565,37.3191],[-85.1312,37.3651],[-85.1312,37.3843],[-85.0772,37.4119],[-85.1288,37.4533],[-85.1431,37.4473],[-85.1696,37.464],[-85.2055,37.4433],[-85.2217,37.4449],[-85.2462,37.4204],[-85.2723,37.4173],[-85.288,37.4368],[-85.3554,37.471],[-85.3814,37.4655],[-85.4009,37.4741],[-85.4441,37.4767],[-85.4661,37.4658],[-85.4888,37.4673],[-85.5028,37.4823],[-85.5289,37.4541],[-85.5932,37.4703],[-85.6153,37.4628],[-85.634,37.4718],[-85.6446,37.4494],[-85.6651,37.4363],[-85.6573,37.422]]]},"properties":{"GEOID":"15820","NAME":"Campbellsville, KY","LSAD":"M2"}},
{"type":"Feature","geometry":{"type":"Polygon","coordinates":[[[-77.174,35.7328],[-77.1703,35.719],[-77.1939,35.7092],[-77.193,35.6942],[-77.1698,35.6843],[-77.1803,35.6638],[-77.1739,35.6361],[-77.1424,35.6179],[-77.1438,35.6013],[-77.0866,35.5626],[-77.0935,35.5509],[-77.1274,35.5538],[-77.1762,35.5191],[-77.1738,35.4566],[-77.1912,35.435],[-77.1891,35.4184],[-76.9588,35.301],[-76.8453,35.2161],[-76.6326,35.2353],[-76.6122,35.2793],[-76.6189,35.3001],[-76.6112,35.3355],[-76.6513,35.34],[-76.6814,35.3497],[-76.7195,35.3751],[-76.8003,35.3908],[-76.8445,35.4237],[-76.8766,35.4247],[-76.925,35.4488],[-76.9662,35.434],[-76.9864,35.4725],[-77.0346,35.4928],[-77.043,35.5368],[-77.0097,35.5137],[-76.9792,35.4834],[-76.9576,35.483],[-76.906,35.4594],[-76.8804,35.4597],[-76.8309,35.4479],[-76.7691,35.4268],[-76.7107,35.4286],[-76.6479,35.4034],[-76.5776,35.3876],[-76.5928,35.4367],[-76.607,35.4555],[-76.5974,35.4819],[-76.6147,35.4874],[-76.6379,35.513],[-76.5992,35.5399],[-76.5819,35.5408],[-76.537,35.5291],[-76.4842,35.5397],[-76.4704,35.5588],[-76.539,35.5829],[-76.5882,35.6207],[-76.6062,35.6469],[-76.6019,35.6699],[-76.6375,35.7052],[-76.8446,35.7057],[-76.8473,35.72],[-76.9858,35.6588],[-77.0348,35.679],[-77.1568,35.7368],[-77.174,35.7328]]]},"properties":{"GEOID":"47820","NAME":"Washington, NC","LSAD":"M2"}},
{"type":"Feature","geometry":{"type":"Polygon","coordinates":[[[-90.4532,33.3295],[-90.4538,33.2673],[-90.4142,33.2359],[-90.382,33.2444],[-90.3709,33.2658],[-90.3742,33.2819],[-90.3438,33.3091],[-90.3316,33.3028],[-90.3177,33.3173],[-90.2917,33.319],[-90.2796,33.3395],[-90.295,33.3618],[-90.1251,33.3193],[-89.8896,33.253],[-89.7494,33.2145],[-89.7453,33.2282],[-89.7143,33.2581],[-89.7015,33.2854],[-89.6453,33.2855],[-89.6463,33.4025],[-89.7156,33.4021],[-89.7158,33.4168],[-89.7852,33.4163],[-89.7869,33.6767],[-89.9791,33.6762],[-90.137,33.6769],[-90.1368,33.7216],[-90.2204,33.7221],[-90.2517,33.7317],[-90.2691,33.6972],[-90.3011,33.6992],[-90.3139,33.7257],[-90.2945,33.751],[-90.2501,33.7631],[-90.2042,33.7594],[-90.1856,33.7655],[-90.1712,33.7873],[-90.1825,33.809],[-90.4516,33.8114],[-90.4525,33.5976],[-90.4532,33.3295]]]},"properties":{"GEOID":"24900","NAME":"Greenwood, MS","LSAD":"M2"}},
{"type":"Feature","geometry":{"type":"Polygon","coordinates":[[[-96.7498,36.999],[-96.7522,36.9412],[-96.7524,36.7821],[-96.7887,36.782],[-96.7887,36.7676],[-96.8226,36.7676],[-96.8341,36.7434],[-96.8664,36.7529],[-96.8886,36.7518],[-96.9209,36.7171],[-96.9319,36.6861],[-96.9957,36.6882],[-97.0307,36.7016],[-97.0641,36.6842],[-97.062,36.6507],[-97.053,36.6439],[-97.0447,36.6027],[-97.0576,36.5939],[-97.0043,36.5826],[-96.9128,36.5989],[-96.8883,36.5756],[-96.8991,36.5532],[-96.9247,36.5526],[-96.9585,36.5343],[-96.9962,36.529],[-97.0098,36.5069],[-97.0321,36.507],[-97.0321,36.3334],[-96.9249,36.3333],[-96.9251,36.2465],[-96.819,36.2465],[-96.819,36.1589],[-96.6214,36.1599],[-96.6225,36.061],[-96.6197,35.9416],[-96.6208,35.639],[-96.1926,35.6391],[-96.1927,35.552],[-96.0878,35.552],[-96.0875,35.3769],[-95.8754,35.3767],[-95.8753,35.4636],[-95.8224,35.4638],[-95.8224,35.5517],[-95.713,35.5517],[-95.7131,35.7258],[-95.7663,35.7258],[-95.7661,35.8563],[-95.6504,35.8566],[-95.6391,35.8329],[-95.6398,35.791],[-95.6215,35.7776],[-95.5846,35.7656],[-95.5631,35.7879],[-95.5207,35.7922],[-95.4776,35.8042],[-95.4202,35.7996],[-95.3604,35.8224],[-95.3444,35.8136],[-95.2657,35.8133],[-95.2315,35.8512],[-95.2325,35.8728],[-95.2577,35.8773],[-95.283,35.9082],[-95.2693,35.9294],[-95.2787,35.9641],[-95.2253,36.0092],[-95.2253,36.0398],[-95.2084,36.0399],[-95.2079,36.0748],[-95.44,36.0753],[-95.44,36.206],[-95.4355,36.2493],[-95.4356,36.5102],[-95.3282,36.5102],[-95.3284,36.5976],[-95.8095,36.5975],[-95.8123,36.5975],[-95.8123,36.4236],[-96.0012,36.4237],[-96.0006,36.6958],[-96.0008,36.9989],[-96.5256,36.9987],[-96.7498,36.999]]]},"properties":{"GEOID":"46140","NAME":"Tulsa, OK","LSAD":"M1"}},
{"type":"Feature","geometry":{"type":"Polygon","coordinates":[[[-110.7507,37.0032],[-110.7507,36.6054],[-110.7507,36.1659],[-110.7507,35.7948],[-110.7507,35.5237],[-110.7507,35.3077],[-110.7507,34.9569],[-110.7507,34.7208],[-110.7507,34.4785],[-110.7507,34.2633],[-110.7507,34],[-110.2525,34],[-110.0007,34],[-110.0006,33.5769],[-109.9685,33.5764],[-109.9226,33.568],[-109.8917,33.5679],[-109.8918,33.7778],[-109.8593,33.7777],[-109.8592,34.1258],[-109.8494,34.1259],[-109.8482,34.4734],[-109.8652,34.5597],[-109.8505,34.6474],[-109.8519,34.8225],[-109.8446,34.8226],[-109.8434,34.9523],[-109.8448,35.0407],[-109.8429,35.1702],[-109.8444,35.375],[-109.8438,35.5177],[-109.827,35.5178],[-109.827,35.6626],[-110.0007,35.6627],[-110.0007,35.8868],[-110.0007,36.1165],[-110.0007,36.5065],[-110.0007,36.7788],[-110.0007,36.998],[-110.0218,36.9986],[-110.4702,36.998],[-110.5007,37.0043],[-110.7507,37.0032]]]},"properties":{"GEOID":"43320","NAME":"Show Low, AZ","LSAD":"M2"}},
{"type":"Feature","geometry":{"type":"Polygon","coordinates":[[[-72.283,42.7216],[-72.272,42.6747],[-72.2295,42.6627],[-72.2278,42.6161],[-72.2547,42.6116],[-72.2764,42.5774],[-72.2691,42.5334],[-72.2449,42.5134],[-72.2913,42.4795],[-72.2833,42.4412],[-72.3056,42.4204],[-72.314,42.3992],[-72.3122,42.3428],[-72.2842,42.3521],[-72.2746,42.302],[-72.2108,42.3114],[-72.2181,42.2486],[-72.2628,42.2025],[-72.2639,42.1838],[-72.2006,42.1613],[-72.1993,42.1537],[-72.135,42.1618],[-72.1357,42.0302],[-72.1022,42.0289],[-72.0992,41.9589],[-72.217,41.9582],[-72.2177,41.8352],[-72.1645,41.8349],[-72.1567,41.7537],[-72.1926,41.7446],[-72.1981,41.7282],[-72.2526,41.7282],[-72.2396,41.7142],[-72.1575,41.6576],[-72.1517,41.6675],[-71.9519,41.6343],[-71.8579,41.6442],[-71.7876,41.6399],[-71.787,41.656],[-71.7979,41.9354],[-71.7992,42.0081],[-71.5276,42.015],[-71.4983,42.0172],[-71.5014,42.1167],[-71.4785,42.1314],[-71.478,42.1659],[-71.4974,42.1666],[-71.5069,42.1889],[-71.5829,42.1956],[-71.6022,42.2181],[-71.5868,42.2595],[-71.5566,42.2681],[-71.5396,42.2628],[-71.5059,42.2729],[-71.4859,42.3112],[-71.4868,42.3302],[-71.5511,42.3264],[-71.5852,42.311],[-71.6258,42.3497],[-71.5801,42.387],[-71.6043,42.3977],[-71.5591,42.4119],[-71.5434,42.4665],[-71.5603,42.4743],[-71.5314,42.5204],[-71.5388,42.543],[-71.6199,42.5525],[-71.6359,42.524],[-71.679,42.5304],[-71.6646,42.6116],[-71.7758,42.6442],[-71.7753,42.6367],[-71.8448,42.638],[-71.8578,42.675],[-71.8988,42.7114],[-71.929,42.7122],[-72.283,42.7216]]]},"properties":{"GEOID":"49340","NAME":"Worcester, MA-CT","LSAD":"M1"}},
{"type":"Feature","geometry":{"type":"Polygon","coordinates":[[[-84.2026,32.69],[-84.1742,32.6777],[-84.1457,32.6853],[-84.105,32.6734],[-84.0658,32.64],[-84.0706,32.594],[-84.0448,32.5616],[-84.0034,32.5299],[-83.7668,32.6926],[-83.7011,32.6916],[-83.6735,32.6768],[-83.6193,32.664],[-83.5628,32.6597],[-83.5429,32.6258],[-83.5475,32.6135],[-83.5351,32.5866],[-83.548,32.573],[-83.5392,32.5375],[-83.5185,32.4993],[-83.4922,32.4868],[-83.4979,32.4522],[-83.2265,32.5842],[-83.2429,32.6088],[-83.407,32.8982],[-83.3577,32.9261],[-83.415,33.1128],[-83.4291,33.1854],[-83.5459,33.1719],[-83.816,33.1318],[-83.8246,33.1756],[-83.846,33.1972],[-83.877,33.2024],[-84.0415,33.2026],[-84.0409,33.1673],[-84.0441,32.9479],[-84.0542,32.9315],[-84.1233,32.9322],[-84.1243,32.8009],[-84.1493,32.8012],[-84.2026,32.69]]]},"properties":{"GEOID":"31420","NAME":"Macon-Bibb County, GA","LSAD":"M1"}},
{"type":"Feature","geometry":{"type":"Polygon","coordinates":[[[-79.1836,35.3072],[-79.223,35.2681],[-79.1937,35.2502],[-79.1651,35.2409],[-79.1516,35.214],[-79.1004,35.1962],[-79.1009,35.1719],[-79.141,35.1692],[-79.185,35.1937],[-79.2119,35.1941],[-79.2455,35.2129],[-79.3105,35.173],[-79.3354,35.1616],[-79.4588,35.0436],[-79.3985,34.9952],[-79.361,34.9576],[-79.3529,34.9397],[-79.3484,34.8864],[-79.3379,34.8589],[-79.3479,34.8386],[-79.1914,34.8337],[-79.0387,34.9527],[-78.955,34.9133],[-78.9266,34.8867],[-78.9271,34.8653],[-78.902,34.8353],[-78.8274,34.8507],[-78.5336,34.8511],[-78.5161,34.8459],[-78.4947,34.8562],[-78.5158,34.883],[-78.5451,34.9007],[-78.5727,34.9374],[-78.6071,34.9534],[-78.647,34.9923],[-78.645,35.0084],[-78.6593,35.0431],[-78.663,35.078],[-78.6488,35.1252],[-78.6368,35.1415],[-78.6375,35.1979],[-78.6244,35.204],[-78.6171,35.2457],[-78.5846,35.2733],[-78.5818,35.2982],[-78.5383,35.3164],[-78.5331,35.343],[-78.5676,35.3678],[-78.5725,35.3865],[-78.5951,35.4019],[-78.5988,35.4183],[-78.6272,35.4583],[-78.6503,35.4724],[-78.6606,35.4962],[-78.6878,35.5042],[-78.706,35.5186],[-78.9147,35.5837],[-78.9696,35.5217],[-79.1836,35.3072]]]},"properties":{"GEOID":"22180","NAME":"Fayetteville, NC","LSAD":"M1"}},
{"type":"Feature","geometry":{"type":"MultiPolygon","coordinates":[[[[-97.2249,26.4112],[-97.2719,26.5599],[-97.286,26.5472],[-97.2698,26.5079],[-97.2561,26.4973],[-97.244,26.448],[-97.2405,26.4112],[-97.2249,26.4112]]],[[[-97.9574,26.6118],[-97.9688,26.5514],[-97.9844,26.5366],[-98.0042,26.4488],[-97.9083,26.4349],[-97.8622,26.4336],[-97.8619,26.3482],[-97.5276,26.2993],[-97.5213,26.3258],[-97.4926,26.3367],[-97.447,26.3249],[-97.4301,26.3643],[-97.4004,26.3863],[-97.3865,26.4104],[-97.3487,26.411],[-97.3805,26.4806],[-97.4131,26.4812],[-97.4068,26.4995],[-97.4406,26.5999],[-97.5003,26.601],[-97.6253,26.5992],[-97.8617,26.598],[-97.9574,26.6118]]]]},"properties":{"GEOID":"39700","NAME":"Raymondville, TX","LSAD":"M2"}},
{"type":"Feature","geometry":{"type":"Polygon","coordinates":[[[-89.9594,35.999],[-90.2891,35.9964],[-90.2871,35.8744],[-90.2869,35.4384],[-90.1401,35.4367],[-90.1077,35.4769],[-90.079,35.4769],[-90.0678,35.4662],[-90.0741,35.434],[-90.0481,35.4117],[-90.0027,35.4305],[-90.0197,35.4731],[-90.044,35.4944],[-90.0502,35.5156],[-90.0398,35.5471],[-90.0083,35.5601],[-89.9894,35.56],[-89.9585,35.5417],[-89.9587,35.5238],[-89.9289,35.5124],[-89.9089,35.5142],[-89.9097,35.538],[-89.9129,35.5491],[-89.942,35.5569],[-89.9579,35.5849],[-89.9511,35.5975],[-89.9113,35.6176],[-89.8903,35.6164],[-89.8566,35.6344],[-89.8512,35.6574],[-89.8764,35.6667],[-89.9061,35.6511],[-89.9345,35.6649],[-89.9567,35.6943],[-89.9583,35.7266],[-89.9383,35.7439],[-89.9062,35.7589],[-89.8941,35.7508],[-89.8631,35.7571],[-89.839,35.7421],[-89.8007,35.7572],[-89.7996,35.7883],[-89.7817,35.8052],[-89.7584,35.8104],[-89.7282,35.8027],[-89.6965,35.8206],[-89.6974,35.8367],[-89.7685,35.8605],[-89.7672,35.8909],[-89.7431,35.9112],[-89.7149,35.9062],[-89.6764,35.8767],[-89.6456,35.8858],[-89.6411,35.9062],[-89.6503,35.9277],[-89.714,35.9598],[-89.7331,36.0008],[-89.9594,35.999]]]},"properties":{"GEOID":"14180","NAME":"Blytheville, AR","LSAD":"M2"}},
{"type":"Feature","geometry":{"type":"Polygon","coordinates":[[[-86.3087,38.6881],[-86.3087,38.4229],[-86.255,38.4227],[-86.2517,38.4061],[-86.2759,38.3407],[-86.265,38.2959],[-86.2748,38.28],[-86.277,38.2271],[-86.295,38.2037],[-86.3297,38.1817],[-86.2871,38.1579],[-86.2703,38.1298],[-86.2791,38.1008],[-86.2672,38.0568],[-86.2207,38.0282],[-86.1766,38.0102],[-86.1283,38.0162],[-86.0794,38.0006],[-86.05,37.9605],[-86.0344,37.9646],[-86.0256,37.9945],[-85.9471,38.0051],[-85.9068,37.9912],[-85.9008,37.9695],[-85.9052,37.9426],[-85.8549,37.9454],[-85.8275,37.9006],[-85.8382,37.8793],[-85.8173,37.8583],[-85.7726,37.8419],[-85.7378,37.8118],[-85.6989,37.8112],[-85.6433,37.834],[-85.5797,37.8835],[-85.5839,37.911],[-85.5491,37.9282],[-85.524,37.9572],[-85.5342,37.9652],[-85.4892,37.9907],[-85.4634,37.9714],[-85.4258,37.9596],[-85.3997,37.9399],[-85.1678,37.9718],[-85.1663,37.9875],[-85.139,37.9981],[-85.1265,38.0203],[-85.084,38.0407],[-85.0526,38.0754],[-85.0397,38.1192],[-85.0224,38.1284],[-85.0038,38.1607],[-85.0075,38.1758],[-84.9989,38.275],[-84.957,38.3323],[-84.9977,38.3356],[-84.9063,38.3748],[-84.8924,38.3552],[-84.8705,38.3568],[-84.8944,38.3753],[-84.8976,38.3896],[-84.8802,38.4162],[-84.9247,38.4312],[-84.9632,38.4371],[-84.9518,38.457],[-84.9568,38.4736],[-84.9888,38.4871],[-84.985,38.5184],[-85.0299,38.5108],[-85.0092,38.5611],[-85.0426,38.5739],[-85.0759,38.578],[-85.0746,38.5968],[-85.1683,38.5854],[-85.2499,38.5241],[-85.2796,38.4963],[-85.3651,38.5075],[-85.3787,38.5188],[-85.4332,38.5247],[-85.4157,38.5467],[-85.4286,38.5864],[-85.4788,38.5862],[-85.4967,38.6067],[-85.57,38.6062],[-85.7936,38.6048],[-85.8215,38.5754],[-85.8856,38.5754],[-85.8883,38.7344],[-85.9387,38.7624],[-85.9609,38.7642],[-85.9766,38.7524],[-86.0155,38.7654],[-86.0406,38.7609],[-86.0602,38.7771],[-86.1349,38.7624],[-86.1855,38.7829],[-86.2241,38.7791],[-86.2432,38.7656],[-86.2753,38.7638],[-86.2921,38.7351],[-86.3096,38.7307],[-86.3087,38.6881]]]},"properties":{"GEOID":"31140","NAME":"Louisville/Jefferson County, KY-IN","LSAD":"M1"}},
{"type":"Feature","geometry":{"type":"Polygon","coordinates":[[[-93.4795,36.1251],[-93.5511,36.1263],[-93.5508,36.155],[-93.5855,36.1557],[-93.5849,36.1857],[-93.6117,36.1866],[-93.6201,36.2012],[-93.6183,36.2589],[-93.6567,36.2877],[-93.6576,36.303],[-93.8151,36.3065],[-93.8637,36.3392],[-93.8671,36.3942],[-93.8667,36.4988],[-94.1107,36.4986],[-94.3612,36.4996],[-94.6179,36.4994],[-94.5862,36.3],[-94.5612,36.1521],[-94.5227,35.9343],[-94.4929,35.7592],[-94.3388,35.7565],[-94.1249,35.7503],[-94.1243,35.7648],[-93.9108,35.7598],[-93.9106,35.7743],[-93.6959,35.7686],[-93.5192,35.7635],[-93.5171,35.8233],[-93.5261,35.8236],[-93.5236,35.8815],[-93.506,35.881],[-93.5049,35.9251],[-93.4869,35.9243],[-93.4862,35.9534],[-93.4508,35.9675],[-93.4457,36.0808],[-93.4803,36.0816],[-93.4795,36.1251]]]},"properties":{"GEOID":"22220","NAME":"Fayetteville-Springdale-Rogers, AR","LSAD":"M1"}},
{"type":"Feature","geometry":{"type":"Polygon","coordinates":[[[-95.3592,30.5044],[-95.3465,30.6252],[-95.3386,30.7378],[-95.3275,30.8595],[-95.3853,30.8537],[-95.399,30.8647],[-95.3981,30.8919],[-95.4343,30.9374],[-95.4348,31.0581],[-95.6179,30.9304],[-95.6296,30.9001],[-95.6568,30.8963],[-95.7131,30.9103],[-95.7585,30.8993],[-95.7893,30.878],[-95.8267,30.8655],[-95.8631,30.8641],[-95.8302,30.6303],[-95.5989,30.509],[-95.3619,30.5089],[-95.3592,30.5044]]]},"properties":{"GEOID":"26660","NAME":"Huntsville, TX","LSAD":"M2"}},
{"type":"Feature","geometry":{"type":"Polygon","coordinates":[[[-81.0022,41.8531],[-81.0036,41.7151],[-81.0031,41.5017],[-80.6478,41.4994],[-80.5192,41.4999],[-80.5193,41.8496],[-80.5194,41.9772],[-80.6306,41.9436],[-80.7731,41.9082],[-80.8006,41.9096],[-80.8253,41.8934],[-80.9006,41.8686],[-81.0022,41.8531]]]},"properties":{"GEOID":"11780","NAME":"Ashtabula, OH","LSAD":"M2"}},
{"type":"Feature","geometry":{"type":"Polygon","coordinates":[[[-117.0417,48.0455],[-117.437,48.0472],[-117.4376,48.1347],[-117.5024,48.1347],[-117.5001,48.2381],[-117.5013,48.4986],[-117.5,48.6562],[-117.6292,48.6559],[-117.6294,48.7426],[-117.5638,48.743],[-117.5639,48.8367],[-117.4985,48.8369],[-117.499,48.9232],[-117.4304,48.9232],[-117.43,49.0004],[-117.8761,49.0005],[-118.1974,49.0004],[-118.219,48.995],[-118.2217,48.9705],[-118.2072,48.9631],[-118.2217,48.9371],[-118.2016,48.915],[-118.2145,48.8882],[-118.1985,48.8673],[-118.1955,48.8407],[-118.1793,48.8376],[-118.1608,48.7942],[-118.1328,48.7769],[-118.1336,48.7574],[-118.1193,48.7189],[-118.121,48.7023],[-118.1049,48.6531],[-118.1284,48.6048],[-118.1254,48.5845],[-118.1497,48.5206],[-118.1791,48.5168],[-118.1892,48.4816],[-118.2065,48.4703],[-118.2035,48.4097],[-118.1802,48.3637],[-118.1756,48.3195],[-118.14,48.2683],[-118.1545,48.2379],[-118.1949,48.2125],[-118.1913,48.1586],[-118.2075,48.1383],[-118.2486,48.1343],[-118.2533,48.1125],[-118.2313,48.0895],[-118.235,48.061],[-118.2579,48.0598],[-118.2755,48.0406],[-118.3589,48.0494],[-118.4011,48.0229],[-118.3487,47.9718],[-118.3561,47.9293],[-118.3345,47.8938],[-118.3175,47.9081],[-118.2511,47.9429],[-118.2062,47.9422],[-118.2,47.9284],[-118.1438,47.8847],[-118.1206,47.8519],[-118.1178,47.8326],[-118.0787,47.8005],[-118.0482,47.7923],[-118.0134,47.8056],[-117.9882,47.8348],[-117.9355,47.8232],[-117.8805,47.8477],[-117.8209,47.8258],[-117.8194,47.6146],[-117.8236,47.2602],[-117.4934,47.2595],[-117.04,47.2593],[-117.0401,47.366],[-117.0408,47.5741],[-117.0425,47.839],[-117.0423,47.9775],[-117.0417,48.0455]]]},"properties":{"GEOID":"44060","NAME":"Spokane-Spokane Valley, WA","LSAD":"M1"}},
{"type":"Feature","geometry":{"type":"Polygon","coordinates":[[[-81.2221,37.5104],[-81.2585,37.4988],[-81.2722,37.4786],[-81.2948,37.4694],[-81.3055,37.4499],[-81.2878,37.4336],[-81.3112,37.4245],[-81.3745,37.3186],[-81.3985,37.3106],[-81.4167,37.2732],[-81.4372,37.2741],[-81.4801,37.2511],[-81.5032,37.2526],[-81.5088,37.2326],[-81.5444,37.2208],[-81.5606,37.2067],[-81.6782,37.2015],[-81.6867,37.2131],[-81.7385,37.2383],[-81.7574,37.2067],[-81.7974,37.186],[-81.8123,37.185],[-81.8725,37.1643],[-81.9018,37.1398],[-81.891,37.1131],[-81.8272,37.0538],[-81.8054,37.0187],[-81.7805,36.9586],[-81.76,36.9604],[-81.7087,36.9769],[-81.6828,36.9329],[-81.6408,36.9485],[-81.5761,36.9897],[-81.5104,37.0034],[-81.4795,37.0159],[-81.4725,36.9985],[-81.4367,37.0101],[-81.3794,36.9524],[-81.3672,36.9672],[-81.3383,36.9754],[-81.2865,37.019],[-81.2246,37.0478],[-81.1661,37.0247],[-81.1311,37.0381],[-81.1143,37.0226],[-81.0325,37.0469],[-80.9797,37.0531],[-80.9127,37.0733],[-80.9306,37.1151],[-80.9034,37.1202],[-80.8546,37.1475],[-80.9794,37.2501],[-81.0145,37.2754],[-80.9801,37.2927],[-80.9479,37.2959],[-80.9005,37.315],[-80.8495,37.3469],[-80.8832,37.3839],[-80.8628,37.4118],[-80.8596,37.4296],[-81.0946,37.5887],[-81.1352,37.5978],[-81.1989,37.5755],[-81.2,37.5403],[-81.2221,37.5104]]]},"properties":{"GEOID":"14140","NAME":"Bluefield, WV-VA","LSAD":"M2"}},
{"type":"Feature","geometry":{"type":"Polygon","coordinates":[[[-124.1587,43.8637],[-124.1777,43.7672],[-124.2063,43.674],[-124.219,43.6109],[-123.8757,43.6084],[-123.8756,43.5159],[-123.8167,43.5164],[-123.8176,43.4313],[-123.7649,43.4315],[-123.7615,43.4223],[-123.7645,43.3448],[-123.7644,43.2581],[-123.7048,43.2577],[-123.7021,43.0871],[-123.7613,43.0832],[-123.7616,42.9963],[-123.8211,42.9963],[-123.8191,42.8844],[-123.8204,42.8241],[-123.8116,42.7888],[-123.7826,42.7994],[-123.7323,42.7801],[-123.7165,42.7841],[-123.7165,42.7397],[-123.5817,42.7399],[-123.5622,42.7176],[-123.5425,42.7098],[-123.4944,42.7092],[-123.4455,42.703],[-123.4063,42.714],[-123.4013,42.725],[-123.3667,42.7322],[-123.2743,42.732],[-123.2493,42.7244],[-123.2296,42.7026],[-123.1805,42.7378],[-123.152,42.7377],[-123.1522,42.7558],[-123.1127,42.7522],[-123.0098,42.7521],[-122.9705,42.7609],[-122.9512,42.7748],[-122.8529,42.7746],[-122.7948,42.7782],[-122.775,42.8068],[-122.7752,42.8288],[-122.7364,42.8235],[-122.6772,42.8666],[-122.6772,42.8811],[-122.6377,42.8811],[-122.6378,42.897],[-122.6003,42.8957],[-122.5603,42.9247],[-122.5603,42.9392],[-122.4602,42.9399],[-122.4209,42.9689],[-122.401,42.9966],[-122.2827,42.9965],[-122.2826,43.0677],[-122.0763,43.0677],[-122.0938,43.0763],[-122.0671,43.15],[-122.039,43.1916],[-122.0282,43.2199],[-122.0031,43.2342],[-121.9806,43.2652],[-122.0013,43.2817],[-122.0159,43.3242],[-122.0082,43.3374],[-122.0218,43.362],[-122.0562,43.3815],[-122.0642,43.4065],[-122.0847,43.4226],[-122.132,43.4402],[-122.2707,43.4416],[-122.5084,43.4413],[-122.7417,43.4374],[-122.7418,43.5447],[-122.9325,43.5444],[-122.9876,43.539],[-123.1075,43.54],[-123.1073,43.6059],[-123.1372,43.6059],[-123.1373,43.7797],[-123.3482,43.7802],[-123.3482,43.8092],[-123.4704,43.8101],[-123.4703,43.8312],[-123.5292,43.8301],[-123.529,43.8683],[-123.5797,43.8683],[-123.5796,43.8911],[-123.6196,43.8917],[-123.619,43.9211],[-123.6589,43.9217],[-123.6588,43.9365],[-123.7038,43.9443],[-123.827,43.9448],[-123.8526,43.9206],[-123.8724,43.9167],[-123.9024,43.8963],[-123.9259,43.8985],[-123.9255,43.8659],[-123.9463,43.8627],[-124.1587,43.8637]]]},"properties":{"GEOID":"40700","NAME":"Roseburg, OR","LSAD":"M2"}},
{"type":"Feature","geometry":{"type":"Polygon","coordinates":[[[-87.5225,38.9024],[-87.5443,38.889],[-87.5426,38.8666],[-87.5259,38.8488],[-87.5273,38.8181],[-87.4959,38.7854],[-87.5053,38.735],[-87.5312,38.684],[-87.5972,38.6653],[-87.6273,38.6054],[-87.6229,38.5862],[-87.6692,38.5417],[-87.6453,38.5102],[-87.6724,38.5074],[-87.6859,38.4918],[-87.714,38.4799],[-87.7446,38.4773],[-87.7559,38.4559],[-87.732,38.4508],[-87.7437,38.4144],[-87.7001,38.4219],[-87.6808,38.4318],[-87.6608,38.4556],[-87.6097,38.4468],[-87.5993,38.4507],[-87.5736,38.4911],[-87.5402,38.4928],[-87.4738,38.5128],[-87.4629,38.5327],[-87.4113,38.5265],[-87.4032,38.5414],[-87.3509,38.5416],[-87.3023,38.5104],[-87.2559,38.5266],[-87.2421,38.5449],[-87.2378,38.5757],[-87.2473,38.5831],[-87.2418,38.6198],[-87.253,38.6315],[-87.264,38.6844],[-87.2791,38.6918],[-87.257,38.7189],[-87.2448,38.7485],[-87.2578,38.7686],[-87.2429,38.7792],[-87.2399,38.8193],[-87.2186,38.8191],[-87.1704,38.8469],[-87.1406,38.8435],[-87.1358,38.872],[-87.0988,38.904],[-87.1299,38.9073],[-87.241,38.9079],[-87.2411,38.9016],[-87.5225,38.9024]]]},"properties":{"GEOID":"47180","NAME":"Vincennes, IN","LSAD":"M2"}},
{"type":"Feature","geometry":{"type":"Polygon","coordinates":[[[-99.2069,34.3383],[-99.1927,34.3549],[-99.2205,34.3759],[-99.2351,34.4011],[-99.2381,34.425],[-99.2212,34.4642],[-99.2207,34.4945],[-99.2101,34.5017],[-99.1968,34.5424],[-99.1633,34.588],[-99.0829,34.5909],[-99.09,34.6256],[-99.1025,34.636],[-99.0953,34.6689],[-99.0433,34.6773],[-99.0525,34.7016],[-99.0986,34.6952],[-99.1491,34.7024],[-99.173,34.7553],[-99.1537,34.792],[-99.1489,34.8257],[-99.1549,34.848],[-99.1932,34.8438],[-99.2504,34.8127],[-99.4058,34.813],[-99.4057,34.769],[-99.4373,34.7691],[-99.437,34.7365],[-99.4232,34.725],[-99.6668,34.7246],[-99.6665,34.5071],[-99.8446,34.5069],[-99.8223,34.4981],[-99.8143,34.4762],[-99.7937,34.4539],[-99.7656,34.4375],[-99.7542,34.4213],[-99.7164,34.4028],[-99.695,34.3783],[-99.6627,34.3737],[-99.6481,34.3823],[-99.6,34.3747],[-99.5845,34.3912],[-99.5801,34.4167],[-99.4999,34.4096],[-99.4751,34.396],[-99.4072,34.3726],[-99.3968,34.3794],[-99.3877,34.412],[-99.395,34.4421],[-99.381,34.4569],[-99.3287,34.4224],[-99.3196,34.4089],[-99.2946,34.4154],[-99.2376,34.3667],[-99.2343,34.3535],[-99.2069,34.3383]]]},"properties":{"GEOID":"11060","NAME":"Altus, OK","LSAD":"M2"}},
{"type":"Feature","geometry":{"type":"Polygon","coordinates":[[[-94.6702,47.4102],[-94.6715,47.3228],[-94.6636,47.3227],[-94.6636,46.9769],[-94.6584,46.9769],[-94.6599,46.8037],[-94.7871,46.8039],[-94.7859,46.6302],[-94.7805,46.6297],[-94.7791,46.3942],[-94.7494,46.3803],[-94.7228,46.3523],[-94.6761,46.3507],[-94.6662,46.3591],[-94.6253,46.3304],[-94.5856,46.3244],[-94.5347,46.3028],[-94.4303,46.3324],[-94.3607,46.3],[-94.3413,46.2692],[-94.3889,46.2382],[-94.3957,46.2119],[-94.3662,46.1801],[-94.3746,46.1571],[-94.0724,46.1565],[-93.8104,46.1566],[-93.8109,46.2431],[-93.7963,46.2432],[-93.8108,46.2533],[-93.8102,46.4175],[-93.8115,46.5842],[-93.7779,46.5897],[-93.7751,46.8894],[-93.7753,47.0304],[-93.7739,47.2113],[-93.8088,47.2326],[-93.7841,47.2755],[-93.8095,47.3036],[-93.8556,47.3194],[-93.8831,47.3173],[-93.9015,47.3019],[-93.9364,47.3058],[-93.9741,47.3381],[-94.0271,47.352],[-94.0427,47.3788],[-94.0279,47.4086],[-94.0615,47.4382],[-94.0799,47.4685],[-94.118,47.4807],[-94.3275,47.4158],[-94.3926,47.4277],[-94.4163,47.4448],[-94.4164,47.4118],[-94.6702,47.4102]]]},"properties":{"GEOID":"14660","NAME":"Brainerd, MN","LSAD":"M2"}},
{"type":"Feature","geometry":{"type":"Polygon","coordinates":[[[-106.3772,32.0012],[-106.6185,32.0005],[-106.6395,31.9803],[-106.6243,31.9611],[-106.6239,31.9253],[-106.6453,31.8949],[-106.6292,31.8837],[-106.6359,31.8662],[-106.6019,31.8396],[-106.6053,31.8279],[-106.5772,31.8104],[-106.5471,31.8073],[-106.5282,31.7831],[-106.4895,31.7484],[-106.4511,31.7643],[-106.381,31.7321],[-106.3738,31.7148],[-106.3495,31.6967],[-106.3347,31.6641],[-106.3081,31.6297],[-106.2811,31.5627],[-106.2451,31.5388],[-106.2196,31.4816],[-106.2033,31.464],[-106.1803,31.4571],[-106.1328,31.4254],[-106.1122,31.4236],[-106.0745,31.3976],[-106.0049,31.3925],[-105.9701,31.3659],[-105.9538,31.3647],[-105.9326,31.3131],[-105.9088,31.3128],[-105.8967,31.2931],[-105.8692,31.2888],[-105.8357,31.2468],[-105.7944,31.2022],[-105.7847,31.199],[-105.7733,31.1669],[-105.7416,31.1644],[-105.7095,31.1364],[-105.6488,31.1159],[-105.6426,31.0994],[-105.6061,31.085],[-105.5848,31.0563],[-105.5814,31.0268],[-105.5562,30.9889],[-105.5323,30.9843],[-105.5001,30.966],[-105.488,30.9433],[-105.4516,30.9248],[-105.4422,30.9093],[-105.4138,30.8996],[-105.394,30.8764],[-105.3954,30.8491],[-105.3393,30.8405],[-105.3201,30.8275],[-105.2922,30.8263],[-105.2579,30.7947],[-105.2177,30.806],[-105.1958,30.7922],[-105.1619,30.7535],[-105.12,30.75],[-105.0982,30.7165],[-105.0692,30.7022],[-105.0484,30.6805],[-105.0074,30.6865],[-104.9862,30.6629],[-104.9796,30.6294],[-104.9172,30.6636],[-104.9164,30.836],[-104.9076,30.8359],[-104.9092,31.1611],[-104.9124,31.4689],[-104.9138,31.6607],[-104.9173,31.7639],[-104.9184,32.0004],[-105.154,32.0005],[-105.4733,32.0007],[-105.7314,32.0016],[-106.1255,32.0025],[-106.3772,32.0012]]]},"properties":{"GEOID":"21340","NAME":"El Paso, TX","LSAD":"M1"}},
{"type":"Feature","geometry":{"type":"Polygon","coordinates":[[[-89.1719,37.0682],[-89.1814,37.0463],[-89.179,37.0209],[-89.1664,37.0033],[-89.1327,36.9822],[-89.0996,36.9645],[-89.084,36.9225],[-89.0203,36.9285],[-88.9888,36.9195],[-88.913,36.9424],[-88.901,36.9395],[-88.8522,36.9522],[-88.8129,36.9469],[-88.7094,36.9464],[-88.7002,36.9428],[-88.4841,36.9421],[-88.483,37.0226],[-88.4377,37.0459],[-88.3705,37.0633],[-88.3393,37.0612],[-88.3131,37.0516],[-88.2404,36.9819],[-88.2092,37],[-88.2264,37.0263],[-88.2163,37.0556],[-88.2311,37.0816],[-88.2169,37.0957],[-88.2109,37.1304],[-88.1899,37.1507],[-88.1968,37.1741],[-88.2203,37.183],[-88.1963,37.2195],[-88.219,37.2731],[-88.2674,37.3173],[-88.2936,37.3354],[-88.305,37.3621],[-88.2984,37.3756],[-88.3179,37.3967],[-88.3545,37.397],[-88.4088,37.4252],[-88.456,37.4085],[-88.4766,37.3869],[-88.4869,37.3396],[-88.5159,37.284],[-88.5093,37.2621],[-88.4718,37.2202],[-88.4478,37.2035],[-88.4244,37.1524],[-88.4606,37.0743],[-88.4901,37.0683],[-88.4903,37.1595],[-88.6023,37.2478],[-88.7107,37.3371],[-88.7287,37.3353],[-88.9051,37.3357],[-88.8976,37.3175],[-88.9288,37.3028],[-88.9282,37.2298],[-88.9747,37.2297],[-89.03,37.2111],[-89.0762,37.1751],[-89.1036,37.1321],[-89.1429,37.099],[-89.1719,37.0682]]]},"properties":{"GEOID":"37140","NAME":"Paducah, KY-IL","LSAD":"M2"}},
{"type":"Feature","geometry":{"type":"Polygon","coordinates":[[[-123.7247,45.0444],[-123.9672,45.0457],[-124.0055,45.0429],[-124.0323,44.9008],[-124.0542,44.8382],[-124.0666,44.8306],[-124.0741,44.7981],[-124.0579,44.7352],[-124.0684,44.6831],[-124.0583,44.6589],[-124.0691,44.613],[-124.0663,44.5962],[-124.0836,44.5011],[-124.0837,44.4304],[-124.1006,44.3319],[-124.1091,44.3184],[-124.1147,44.2762],[-123.9411,44.2774],[-123.9411,44.283],[-123.7756,44.2835],[-123.7758,44.3162],[-123.8165,44.3153],[-123.8167,44.3446],[-123.735,44.3458],[-123.7155,44.3605],[-123.7201,44.4334],[-123.5977,44.4331],[-123.596,44.4983],[-123.5969,44.6511],[-123.6026,44.7212],[-123.7045,44.7212],[-123.725,44.739],[-123.7247,45.0444]]]},"properties":{"GEOID":"35440","NAME":"Newport, OR","LSAD":"M2"}},
{"type":"Feature","geometry":{"type":"Polygon","coordinates":[[[-93.0561,47.0264],[-93.0615,46.7666],[-93.0648,46.6764],[-93.0627,46.5933],[-93.0558,46.5791],[-93.0548,46.4193],[-92.7978,46.4183],[-92.2929,46.4172],[-92.2937,46.1573],[-92.1216,46.1572],[-91.5617,46.1578],[-91.5513,46.157],[-91.5516,46.5023],[-91.5539,46.5176],[-91.5514,46.7557],[-91.5907,46.7543],[-91.6455,46.7347],[-91.7496,46.7091],[-91.7901,46.6947],[-91.8575,46.6924],[-91.943,46.6799],[-91.9879,46.6927],[-92.0272,46.7109],[-92.0769,46.759],[-92.0943,46.7884],[-92.0455,46.8192],[-91.9985,46.8389],[-91.9521,46.8671],[-91.9122,46.8845],[-91.8413,46.9252],[-91.7807,46.9433],[-91.7371,46.9829],[-91.7046,47.0052],[-91.6429,47.0352],[-91.5738,47.0899],[-91.5209,47.1043],[-91.4811,47.1245],[-91.4365,47.1596],[-91.3667,47.2001],[-91.3256,47.2392],[-91.2738,47.2753],[-91.2492,47.2842],[-91.2066,47.3302],[-91.184,47.3437],[-91.1624,47.3738],[-91.1295,47.3985],[-91.0956,47.4147],[-91.0456,47.4565],[-91.0231,47.465],[-91.0229,47.602],[-91.0207,47.888],[-91.0265,47.8883],[-91.0246,48.0641],[-91.0316,48.0641],[-91.0321,48.1885],[-91.0827,48.1808],[-91.2144,48.1029],[-91.2501,48.0841],[-91.2902,48.0739],[-91.3709,48.0694],[-91.3911,48.0571],[-91.4296,48.0486],[-91.4503,48.0688],[-91.4886,48.0681],[-91.5673,48.0437],[-91.5757,48.0488],[-91.5697,48.0933],[-91.589,48.1022],[-91.6402,48.0969],[-91.6536,48.1096],[-91.712,48.1147],[-91.6982,48.1416],[-91.7149,48.1991],[-91.7981,48.2028],[-91.8158,48.2117],[-91.8644,48.207],[-91.8935,48.2377],[-91.9578,48.233],[-91.9544,48.2517],[-92.0066,48.2654],[-92.013,48.2974],[-92.0001,48.3214],[-92.0466,48.3347],[-92.0552,48.3592],[-92.0835,48.3539],[-92.1436,48.3561],[-92.1622,48.3633],[-92.2068,48.3456],[-92.2623,48.3549],[-92.289,48.343],[-92.3015,48.2886],[-92.2807,48.2443],[-92.3532,48.2303],[-92.3692,48.2203],[-92.4163,48.2955],[-92.432,48.3051],[-92.4699,48.3518],[-92.4767,48.3718],[-92.4564,48.4011],[-92.5073,48.4479],[-92.656,48.4367],[-92.688,48.4439],[-92.7126,48.463],[-92.6988,48.4949],[-92.6367,48.4994],[-92.6252,48.513],[-92.6349,48.5429],[-92.6579,48.5463],[-92.728,48.5393],[-92.9296,48.6069],[-92.9501,48.6304],[-92.985,48.6237],[-93.0884,48.6276],[-93.0915,48.4361],[-93.098,48.2425],[-93.0965,48.0678],[-93.0891,48.0679],[-93.0873,47.9929],[-93.0809,47.9785],[-93.0809,47.8919],[-93.0837,47.8065],[-93.082,47.7206],[-93.0615,47.7204],[-93.0629,47.5878],[-93.0696,47.4002],[-93.0646,47.3715],[-93.0663,47.1094],[-93.056,47.1093],[-93.0561,47.0264]]]},"properties":{"GEOID":"20260","NAME":"Duluth, MN-WI","LSAD":"M1"}},
{"type":"Feature","geometry":{"type":"Polygon","coordinates":[[[-80.4799,34.1687],[-80.5801,34.0999],[-80.6044,34.1017],[-80.6365,34.083],[-80.6142,34.0636],[-80.601,34.0394],[-80.641,33.9994],[-80.6411,33.9833],[-80.6158,33.9655],[-80.6207,33.9359],[-80.6341,33.9173],[-80.6196,33.8787],[-80.6328,33.8503],[-80.6161,33.8343],[-80.5977,33.7775],[-80.6111,33.7515],[-80.6288,33.7402],[-80.6153,33.7118],[-80.5898,33.6842],[-80.5652,33.6797],[-80.5404,33.628],[-80.5216,33.6165],[-80.5152,33.5747],[-80.4963,33.5585],[-80.485,33.56],[-80.4529,33.5232],[-80.437,33.478],[-80.3938,33.4458],[-80.3545,33.4304],[-80.3236,33.4312],[-80.2767,33.4469],[-80.2488,33.4503],[-80.2223,33.4437],[-80.1483,33.4499],[-80.135,33.4667],[-80.152,33.4786],[-80.1273,33.4933],[-80.1017,33.4969],[-80.0209,33.6458],[-79.9932,33.7045],[-79.9744,33.7216],[-79.9956,33.7679],[-79.9445,33.8102],[-79.9153,33.8186],[-79.8756,33.8852],[-79.9024,33.8891],[-79.9459,33.886],[-79.9746,33.9465],[-79.8935,33.988],[-79.9314,34.0153],[-79.9628,34.0229],[-80.0006,34.0479],[-80.0268,34.0085],[-80.0704,34.0079],[-80.1647,33.9573],[-80.1804,33.952],[-80.1883,34.0049],[-80.2431,33.9916],[-80.2544,33.9963],[-80.2691,34.0351],[-80.2949,34.0394],[-80.3032,34.0632],[-80.3217,34.0804],[-80.4055,34.0814],[-80.4813,34.1126],[-80.4799,34.1687]]]},"properties":{"GEOID":"44940","NAME":"Sumter, SC","LSAD":"M1"}},
{"type":"Feature","geometry":{"type":"Polygon","coordinates":[[[-81.1873,33.6529],[-81.3234,33.5326],[-81.3729,33.4904],[-81.3442,33.4809],[-81.2969,33.4799],[-81.2463,33.4428],[-81.2061,33.4373],[-81.1895,33.4117],[-81.167,33.4093],[-81.1022,33.3785],[-81.0755,33.3734],[-81.0554,33.354],[-81.0048,33.3363],[-80.9639,33.311],[-80.9488,33.308],[-80.8923,33.2684],[-80.8872,33.2579],[-80.8462,33.2383],[-80.8439,33.2121],[-80.7903,33.1808],[-80.5028,33.3345],[-80.4846,33.28],[-80.4271,33.2578],[-80.3942,33.2647],[-80.3643,33.2586],[-80.3446,33.2778],[-80.3172,33.2641],[-80.2945,33.2713],[-80.2556,33.3],[-80.2396,33.3522],[-80.2416,33.3831],[-80.2226,33.3913],[-80.2223,33.4437],[-80.2488,33.4503],[-80.2767,33.4469],[-80.3236,33.4312],[-80.3545,33.4304],[-80.3938,33.4458],[-80.437,33.478],[-80.4529,33.5232],[-80.485,33.56],[-80.4963,33.5585],[-80.5112,33.5384],[-80.5523,33.5654],[-80.6015,33.5562],[-80.5882,33.5386],[-80.6247,33.4989],[-80.6113,33.4704],[-80.659,33.471],[-80.696,33.5098],[-80.6941,33.5219],[-80.8079,33.6041],[-80.8809,33.6196],[-80.9197,33.6055],[-80.9398,33.6088],[-80.944,33.6436],[-80.9655,33.6253],[-81.0429,33.7071],[-81.0847,33.696],[-81.1873,33.6529]]]},"properties":{"GEOID":"36700","NAME":"Orangeburg, SC","LSAD":"M2"}},
{"type":"Feature","geometry":{"type":"Polygon","coordinates":[[[-66.2062,17.9629],[-66.1753,17.9487],[-66.1558,17.9292],[-66.1284,17.9467],[-66.0808,17.9667],[-66.0475,17.9532],[-66.0164,17.98],[-65.9382,17.9721],[-65.9125,17.9784],[-65.942,17.9923],[-65.9533,18.0237],[-65.972,18.0245],[-65.9915,18.0601],[-66.0107,18.0679],[-66.0194,18.1026],[-66.0518,18.1099],[-66.0686,18.1018],[-66.1008,18.1059],[-66.1237,18.0811],[-66.12,18.0624],[-66.1287,18.0392],[-66.1661,18.0501],[-66.1748,18.0329],[-66.2056,18.013],[-66.2062,17.9629]]]},"properties":{"GEOID":"25020","NAME":"Guayama, PR","LSAD":"M1"}},
{"type":"Feature","geometry":{"type":"Polygon","coordinates":[[[-78.3487,40.7234],[-78.4086,40.6443],[-78.4388,40.6457],[-78.4478,40.6239],[-78.4412,40.5972],[-78.4791,40.5473],[-78.5182,40.5288],[-78.5398,40.5063],[-78.5405,40.4766],[-78.5529,40.4348],[-78.5615,40.3697],[-78.6022,40.3536],[-78.6204,40.327],[-78.5297,40.2929],[-78.5057,40.2873],[-78.4479,40.2444],[-78.4343,40.3023],[-78.2888,40.2421],[-78.2573,40.2979],[-78.2357,40.3338],[-78.2164,40.3536],[-78.1863,40.3999],[-78.1569,40.4364],[-78.1296,40.4906],[-78.1536,40.4969],[-78.1473,40.5333],[-78.1766,40.5344],[-78.1971,40.5584],[-78.1783,40.5838],[-78.1842,40.5953],[-78.1664,40.6181],[-78.1968,40.6387],[-78.222,40.6745],[-78.2139,40.6868],[-78.1165,40.7391],[-78.1318,40.743],[-78.3599,40.7326],[-78.3487,40.7234]]]},"properties":{"GEOID":"11020","NAME":"Altoona, PA","LSAD":"M1"}},
{"type":"Feature","geometry":{"type":"Polygon","coordinates":[[[-79.0561,40.2849],[-79.1141,40.2106],[-79.1407,40.1633],[-79.1609,40.1611],[-79.168,40.1282],[-79.2209,40.1127],[-79.2267,40.0983],[-79.2561,40.0883],[-79.2674,40.0657],[-79.2939,40.0404],[-79.3988,39.9005],[-79.4176,39.8538],[-79.3815,39.8363],[-79.3657,39.8205],[-79.3688,39.8015],[-79.3917,39.778],[-79.3986,39.7583],[-79.3925,39.7214],[-78.9284,39.7228],[-78.8084,39.7229],[-78.767,39.7954],[-78.7572,39.8235],[-78.7632,40.0567],[-78.7398,40.0696],[-78.677,40.2112],[-78.6583,40.2432],[-78.848,40.2449],[-78.8912,40.2503],[-78.9021,40.2748],[-78.9273,40.2847],[-79.0561,40.2849]]]},"properties":{"GEOID":"43740","NAME":"Somerset, PA","LSAD":"M2"}},
{"type":"Feature","geometry":{"type":"Polygon","coordinates":[[[-100.0038,36.5289],[-100.0004,36.4997],[-100.0004,36.2735],[-100.0004,35.8812],[-99.9721,35.8888],[-99.9251,35.9137],[-99.9056,35.9367],[-99.9125,35.955],[-99.8883,35.9878],[-99.8473,36.0061],[-99.8094,36],[-99.8023,35.9716],[-99.8102,35.9289],[-99.8014,35.9106],[-99.7611,35.8807],[-99.7464,35.882],[-99.7171,35.8598],[-99.6177,35.8429],[-99.6018,35.8559],[-99.5585,35.866],[-99.5496,35.9002],[-99.5153,35.9258],[-99.4958,35.9787],[-99.4519,36.0055],[-99.381,36.0129],[-99.3821,36.1643],[-99.1256,36.1622],[-98.9558,36.1616],[-98.9606,36.2467],[-98.96,36.599],[-98.9715,36.6003],[-99.0003,36.6294],[-99.0225,36.6424],[-99.0242,36.6616],[-99.0481,36.6865],[-99.0615,36.7154],[-99.0845,36.7216],[-99.0974,36.7421],[-99.1266,36.7626],[-99.1399,36.783],[-99.1653,36.7906],[-99.2504,36.785],[-99.2943,36.8059],[-99.2953,36.5965],[-99.2999,36.595],[-99.6603,36.5932],[-100.0032,36.5933],[-100.0038,36.5289]]]},"properties":{"GEOID":"49260","NAME":"Woodward, OK","LSAD":"M2"}},
{"type":"Feature","geometry":{"type":"Polygon","coordinates":[[[-80.5194,41.9772],[-80.5193,41.8496],[-80.1465,41.849],[-79.6804,41.8515],[-79.6121,41.8503],[-79.6108,41.999],[-79.7614,41.9991],[-79.762,42.2699],[-79.8447,42.2355],[-79.8732,42.232],[-80.0611,42.1449],[-80.0867,42.1725],[-80.1175,42.1649],[-80.1356,42.1493],[-80.1541,42.1148],[-80.2152,42.0829],[-80.3306,42.0356],[-80.4369,42.0056],[-80.5194,41.9772]]]},"properties":{"GEOID":"21500","NAME":"Erie, PA","LSAD":"M1"}},
{"type":"Feature","geometry":{"type":"Polygon","coordinates":[[[-111.6411,40.7989],[-111.6491,40.7734],[-111.6213,40.7582],[-111.6146,40.7194],[-111.594,40.7028],[-111.6044,40.6665],[-111.5533,40.6093],[-111.5644,40.5847],[-111.5939,40.5771],[-111.5677,40.5472],[-111.5786,40.482],[-111.6063,40.4673],[-111.621,40.4497],[-111.5932,40.4311],[-111.5742,40.3914],[-111.5601,40.3878],[-111.5552,40.3627],[-111.4803,40.3622],[-111.4805,40.355],[-111.4379,40.3218],[-111.4563,40.301],[-111.4287,40.2878],[-111.3772,40.2975],[-111.3608,40.2887],[-111.3079,40.2839],[-111.2648,40.2424],[-111.2734,40.2219],[-111.2255,40.1673],[-111.2312,40.1475],[-111.2214,40.125],[-111.2424,40.0859],[-111.2358,40.0695],[-111.2492,40.0556],[-111.238,40.0386],[-111.2058,40.0474],[-111.1691,39.9958],[-111.1414,39.9841],[-111.1184,39.9435],[-111.0831,39.9432],[-111.0825,39.9002],[-110.8917,39.8997],[-110.8918,40.0824],[-110.8963,40.0824],[-110.8966,40.4312],[-110.9029,40.4312],[-110.902,40.6782],[-110.8978,40.7134],[-110.8753,40.7283],[-110.8064,40.7116],[-110.7507,40.7477],[-110.6567,40.7403],[-110.6241,40.7696],[-110.5992,40.757],[-110.5614,40.7584],[-110.5487,40.7734],[-110.5239,40.7615],[-110.4726,40.7718],[-110.4574,40.7831],[-110.4328,40.7783],[-110.379,40.7872],[-110.3278,40.8195],[-110.2616,40.8348],[-110.2058,40.8225],[-110.1588,40.821],[-110.1378,40.8109],[-110.1026,40.8079],[-110.052,40.8123],[-110.0427,40.8207],[-110.0007,40.8137],[-110.0007,40.9974],[-110.0485,40.9976],[-110.2378,40.9954],[-110.5007,40.9947],[-110.5398,40.9963],[-110.7507,40.9968],[-111.0467,40.998],[-111.0466,41.2516],[-111.0756,41.2433],[-111.1013,41.2077],[-111.1332,41.2068],[-111.1409,41.1871],[-111.2062,41.1623],[-111.2328,41.1429],[-111.265,41.144],[-111.2907,41.1432],[-111.3102,41.1305],[-111.3324,41.1381],[-111.3643,41.1283],[-111.3807,41.087],[-111.417,41.074],[-111.4461,41.0821],[-111.4721,41.0651],[-111.5081,41.0631],[-111.5551,41.0322],[-111.5587,41.011],[-111.5937,40.9863],[-111.588,40.9659],[-111.5236,40.9459],[-111.5288,40.919],[-111.4862,40.8731],[-111.5194,40.7917],[-111.5545,40.7799],[-111.5879,40.7937],[-111.611,40.8111],[-111.6411,40.7989]]]},"properties":{"GEOID":"25720","NAME":"Heber, UT","LSAD":"M2"}},
{"type":"Feature","geometry":{"type":"Polygon","coordinates":[[[-88.1174,46.2466],[-88.1168,45.9217],[-88.1481,45.9375],[-88.2038,45.9479],[-88.2331,45.9474],[-88.2457,45.9627],[-88.2924,45.9511],[-88.3205,45.96],[-88.3802,45.9917],[-88.4169,45.9753],[-88.4587,45.9994],[-88.4974,45.9951],[-88.5095,46.0192],[-88.5655,46.0157],[-88.6164,45.9877],[-88.6634,45.9877],[-88.6744,45.9809],[-88.6758,45.7229],[-88.4253,45.7224],[-88.1782,45.7181],[-88.0593,45.7131],[-88.0583,45.7807],[-87.9934,45.7956],[-87.9864,45.7696],[-87.9465,45.7567],[-87.8798,45.7548],[-87.8454,45.7227],[-87.6972,45.723],[-87.6969,45.8988],[-87.6174,45.8988],[-87.6171,45.986],[-87.6159,46.2467],[-88.1174,46.2466]]]},"properties":{"GEOID":"27020","NAME":"Iron Mountain, MI-WI","LSAD":"M2"}},
{"type":"Feature","geometry":{"type":"MultiPolygon","coordinates":[[[[-122.7223,48.7316],[-122.7188,48.7168],[-122.6918,48.7115],[-122.6735,48.6808],[-122.6353,48.6518],[-122.6182,48.6707],[-122.668,48.7087],[-122.7031,48.7436],[-122.7223,48.7316]]],[[[-120.7519,48.657],[-120.7187,48.6745],[-120.7034,48.6969],[-120.6781,48.6962],[-120.6782,48.7178],[-120.656,48.7249],[-120.6915,48.7479],[-120.7099,48.7718],[-120.7354,48.7865],[-120.7424,48.8221],[-120.7353,48.8644],[-120.7669,48.8764],[-120.7627,48.8995],[-120.7685,48.9545],[-120.7921,48.9594],[-120.8201,48.9411],[-120.8826,48.9685],[-120.8516,49.0003],[-121.3453,49.0008],[-121.7513,48.9974],[-122.0984,49.0021],[-122.406,49.0022],[-122.758,49.0024],[-122.8172,48.956],[-122.8182,48.9391],[-122.7875,48.9317],[-122.7704,48.9425],[-122.7466,48.9307],[-122.7513,48.9112],[-122.7857,48.8851],[-122.7227,48.8529],[-122.7068,48.8023],[-122.683,48.8033],[-122.6468,48.785],[-122.6748,48.7374],[-122.6474,48.7176],[-122.6081,48.7628],[-122.5635,48.7785],[-122.5358,48.7761],[-122.4912,48.7424],[-122.5192,48.7172],[-122.4993,48.6979],[-122.4888,48.6454],[-122.0267,48.6453],[-121.5704,48.6425],[-121.2504,48.6409],[-120.9084,48.6409],[-120.9084,48.657],[-120.7519,48.657]]],[[[-123.0905,49.002],[-123.084,48.9715],[-123.0246,48.984],[-123.0354,49.0022],[-123.0905,49.002]]]]},"properties":{"GEOID":"13380","NAME":"Bellingham, WA","LSAD":"M1"}},
{"type":"Feature","geometry":{"type":"Polygon","coordinates":[[[-121.0017,48.296],[-121.0113,48.2782],[-120.9598,48.2278],[-120.9648,48.2113],[-120.9206,48.1873],[-120.9074,48.1632],[-120.9484,48.155],[-120.9656,48.1403],[-120.9526,48.1172],[-121.0159,48.0748],[-121.0362,48.0768],[-121.116,48.058],[-121.1533,48.0397],[-121.1292,48.0198],[-121.1182,47.9971],[-121.165,47.9545],[-121.1714,47.9133],[-121.1808,47.8988],[-121.1343,47.843],[-121.1069,47.829],[-121.0707,47.8266],[-121.0926,47.8007],[-121.1203,47.7843],[-121.079,47.7392],[-121.0883,47.7031],[-121.1288,47.6762],[-121.1337,47.6456],[-121.1137,47.618],[-121.1136,47.5973],[-121.0962,47.5894],[-121.0752,47.5511],[-121.0235,47.5238],[-120.9966,47.5185],[-120.9832,47.4929],[-120.9582,47.4833],[-120.9226,47.4483],[-120.9242,47.4336],[-120.8436,47.4117],[-120.8025,47.4226],[-120.7822,47.3994],[-120.7264,47.3874],[-120.7229,47.3724],[-120.6644,47.3433],[-120.6191,47.3454],[-120.579,47.3374],[-120.5573,47.3066],[-120.5153,47.3201],[-120.4493,47.2941],[-120.4268,47.2744],[-120.3892,47.2609],[-120.0945,47.2622],[-120.0776,47.227],[-120.0191,47.2266],[-120.0071,47.2201],[-120.0047,47.32],[-119.9831,47.3204],[-119.9189,47.3645],[-119.9187,47.3934],[-119.8758,47.4083],[-119.8758,47.4375],[-119.5336,47.4412],[-119.5329,47.5278],[-119.4052,47.6126],[-119.3418,47.6124],[-119.3203,47.6268],[-119.3201,47.6702],[-119.2988,47.6704],[-119.2986,47.7283],[-119.2558,47.7425],[-119.2559,47.7717],[-119.2342,47.772],[-119.2339,47.8007],[-119.2124,47.8007],[-119.2122,47.8877],[-119.1906,47.9025],[-119.1474,47.9027],[-119.1259,47.9173],[-119.1256,47.9468],[-119.1039,47.9618],[-118.9822,47.962],[-118.9508,48.0189],[-119.0047,48.0443],[-119.0183,48.0685],[-119.0295,48.1142],[-119.0584,48.1375],[-119.1051,48.1395],[-119.1238,48.1497],[-119.1525,48.1456],[-119.1793,48.1279],[-119.2526,48.1026],[-119.2986,48.1155],[-119.3275,48.0967],[-119.3279,48.0703],[-119.3435,48.0494],[-119.4022,48.0504],[-119.4363,48.0767],[-119.501,48.0824],[-119.5176,48.0626],[-119.5951,48.0209],[-119.6207,47.9968],[-119.6584,48.0026],[-119.6937,48.0321],[-119.6705,48.0679],[-119.6837,48.093],[-119.7251,48.0838],[-119.7499,48.1031],[-119.7777,48.0884],[-119.8109,48.0867],[-119.884,48.0591],[-119.8953,48.05],[-119.8692,48.0183],[-119.8839,47.973],[-119.8706,47.9605],[-120.0486,47.9606],[-120.0811,47.993],[-120.0831,48.0109],[-120.1218,48.0322],[-120.1464,48.0373],[-120.1563,48.0659],[-120.2251,48.0847],[-120.2586,48.1104],[-120.299,48.1295],[-120.3203,48.1247],[-120.3613,48.1576],[-120.3463,48.2],[-120.3574,48.2194],[-120.3829,48.2199],[-120.3923,48.2427],[-120.4691,48.269],[-120.5082,48.3103],[-120.5472,48.3067],[-120.5832,48.3191],[-120.586,48.3368],[-120.5602,48.361],[-120.5673,48.3755],[-120.6211,48.3988],[-120.6499,48.3981],[-120.6548,48.4532],[-120.6379,48.4735],[-120.6572,48.5073],[-120.6523,48.5369],[-120.7021,48.5316],[-120.7095,48.5233],[-120.7879,48.5071],[-120.8264,48.5465],[-120.8574,48.5477],[-120.9046,48.5237],[-120.9505,48.5296],[-120.9511,48.4996],[-121.0362,48.4953],[-121.0629,48.4602],[-121.0377,48.4321],[-121.0623,48.4053],[-121.0618,48.3796],[-121.0406,48.3479],[-121.0692,48.339],[-121.0689,48.32],[-121.0017,48.296]]]},"properties":{"GEOID":"48300","NAME":"Wenatchee, WA","LSAD":"M1"}},
{"type":"Feature","geometry":{"type":"Polygon","coordinates":[[[-79.4588,35.0436],[-79.5135,35.0246],[-79.5734,34.9922],[-79.5855,34.955],[-79.5817,34.9354],[-79.5619,34.9104],[-79.616,34.8659],[-79.6192,34.831],[-79.654,34.8151],[-79.6929,34.805],[-79.6753,34.8047],[-79.4616,34.6303],[-79.3317,34.773],[-79.3576,34.8203],[-79.3479,34.8386],[-79.3379,34.8589],[-79.3484,34.8864],[-79.3529,34.9397],[-79.361,34.9576],[-79.3985,34.9952],[-79.4588,35.0436]]]},"properties":{"GEOID":"29900","NAME":"Laurinburg, NC","LSAD":"M2"}},
{"type":"Feature","geometry":{"type":"Polygon","coordinates":[[[-110.0006,33.5769],[-110.0006,33.4659],[-110.1697,33.4654],[-110.2153,33.436],[-110.2723,33.4421],[-110.2924,33.4297],[-110.3131,33.4335],[-110.3412,33.4269],[-110.363,33.3982],[-110.4131,33.4015],[-110.4187,33.3863],[-110.4415,33.3817],[-110.4572,33.2953],[-110.4352,33.2392],[-110.4086,33.192],[-110.449,33.1945],[-110.4485,32.9475],[-110.4486,32.6433],[-110.4515,32.514],[-110.451,32.4275],[-110.349,32.4264],[-110.1287,32.4268],[-109.6632,32.4267],[-109.3731,32.4265],[-109.2277,32.4248],[-109.1142,32.4264],[-109.2261,32.5291],[-109.2113,32.5843],[-109.2195,32.6017],[-109.2062,32.6358],[-109.2138,32.6807],[-109.245,32.742],[-109.3181,32.8428],[-109.3334,32.8433],[-109.4957,33.0784],[-109.4957,33.1805],[-109.4956,33.64],[-109.5061,33.6434],[-109.5346,33.62],[-109.5594,33.6264],[-109.6058,33.6112],[-109.612,33.5928],[-109.6606,33.5836],[-109.6848,33.5435],[-109.7396,33.5105],[-109.7477,33.4847],[-109.7673,33.4754],[-109.7998,33.4883],[-109.8199,33.5104],[-109.8235,33.5275],[-109.8526,33.5393],[-109.8683,33.5621],[-109.8917,33.5679],[-109.9226,33.568],[-109.9685,33.5764],[-110.0006,33.5769]]]},"properties":{"GEOID":"40940","NAME":"Safford, AZ","LSAD":"M2"}},
{"type":"Feature","geometry":{"type":"Polygon","coordinates":[[[-104.9434,40.9981],[-104.9433,40.7833],[-104.9444,40.4142],[-104.9456,40.3491],[-105.0567,40.3493],[-105.0551,40.2618],[-105.0555,40.0003],[-105.0528,40.0003],[-105.0084,40.0005],[-104.9896,40.0077],[-104.999,40.0258],[-104.9612,40.0442],[-104.9614,40.0003],[-104.4898,40.0006],[-104.1503,40.0009],[-104.1505,40.3502],[-104.1475,40.3511],[-104.1477,40.5244],[-103.8034,40.5242],[-103.6959,40.522],[-103.5818,40.5234],[-103.5804,40.702],[-103.5743,40.7021],[-103.5738,41.0017],[-104.0532,41.0014],[-104.4677,41.0015],[-104.676,41.001],[-104.9434,40.9981]]]},"properties":{"GEOID":"24540","NAME":"Greeley, CO","LSAD":"M1"}},
{"type":"Feature","geometry":{"type":"Polygon","coordinates":[[[-108.3793,36.9995],[-108.6197,36.9992],[-109.0452,36.9991],[-109.0454,36.759],[-109.0454,36.5],[-109.0462,36.1818],[-109.046,36.0027],[-108.7452,36.0027],[-108.2551,36.0022],[-108.1656,36.0028],[-107.6265,36.0003],[-107.6243,36.2198],[-107.6265,36.4363],[-107.6234,36.6753],[-107.6194,36.6753],[-107.6182,36.8043],[-107.5998,36.8153],[-107.556,36.8571],[-107.5304,36.8609],[-107.4514,36.904],[-107.4567,36.9532],[-107.4306,36.9701],[-107.4209,37],[-107.4817,37],[-107.7124,37],[-108.0006,37],[-108.2494,36.999],[-108.3793,36.9995]]]},"properties":{"GEOID":"22140","NAME":"Farmington, NM","LSAD":"M1"}},
{"type":"Feature","geometry":{"type":"Polygon","coordinates":[[[-85.6577,31.8803],[-85.6777,31.8522],[-85.6657,31.7862],[-85.6712,31.7609],[-85.6956,31.7478],[-85.7165,31.6886],[-85.7161,31.6605],[-85.7298,31.6324],[-85.7483,31.618],[-85.5815,31.6176],[-85.5,31.6203],[-85.4164,31.6195],[-85.416,31.7067],[-85.2161,31.7024],[-85.206,31.7418],[-85.1755,31.7539],[-85.1484,31.7735],[-85.127,31.7623],[-85.141,31.7805],[-84.9103,31.7768],[-84.907,31.9245],[-84.9358,31.9418],[-84.9552,31.9423],[-84.9737,31.9593],[-84.9537,31.9748],[-85.042,31.9757],[-85.0681,31.9919],[-85.0551,32.0107],[-85.056,32.0631],[-85.1851,32.0617],[-85.1957,32.0818],[-85.2209,32.0953],[-85.2455,32.1191],[-85.2577,32.1483],[-85.4102,32.1467],[-85.4274,32.1394],[-85.4303,32.052],[-85.4285,32.015],[-85.5126,32.0141],[-85.5124,31.9997],[-85.5876,31.9973],[-85.6048,31.9609],[-85.6488,31.9116],[-85.6577,31.8803]]]},"properties":{"GEOID":"21640","NAME":"Eufaula, AL-GA","LSAD":"M2"}},
{"type":"Feature","geometry":{"type":"Polygon","coordinates":[[[-83.3108,35.8958],[-83.3087,35.8717],[-83.2633,35.8193],[-83.2874,35.7954],[-83.2747,35.7715],[-83.2808,35.7501],[-83.2764,35.7136],[-83.2555,35.7151],[-83.2407,35.7268],[-83.1857,35.7299],[-83.1592,35.7649],[-83.1202,35.7662],[-83.0787,35.7895],[-83.0362,35.7874],[-82.9921,35.7739],[-82.9641,35.79],[-82.9455,35.8247],[-82.9166,35.8414],[-82.9206,35.8685],[-82.8963,35.8803],[-82.9133,35.9241],[-82.8985,35.9451],[-82.9572,36.0001],[-83.0522,36.0779],[-83.0552,36.0871],[-83.0978,36.114],[-83.1302,36.1232],[-83.1723,36.1594],[-83.1661,36.1809],[-83.1862,36.1763],[-83.1755,36.1267],[-83.2197,36.1275],[-83.244,36.1181],[-83.2269,36.0925],[-83.2539,36.0822],[-83.2401,36.0573],[-83.2567,36.0443],[-83.2583,36.0023],[-83.2767,36.0077],[-83.2937,35.9101],[-83.3108,35.8958]]]},"properties":{"GEOID":"35460","NAME":"Newport, TN","LSAD":"M2"}},
{"type":"Feature","geometry":{"type":"MultiPolygon","coordinates":[[[[-82.7345,41.6035],[-82.6858,41.5876],[-82.6814,41.6118],[-82.7226,41.6168],[-82.7345,41.6035]]],[[[-82.3481,41.4283],[-82.3635,41.427],[-82.4313,41.3969],[-82.4812,41.3813],[-82.5122,41.383],[-82.601,41.4195],[-82.6812,41.4774],[-82.7307,41.45],[-82.7663,41.4458],[-82.8127,41.4698],[-82.8378,41.4498],[-82.9019,41.4305],[-82.8477,41.4305],[-82.8415,41.29],[-82.661,41.2866],[-82.4425,41.2839],[-82.3423,41.2842],[-82.3481,41.4283]]]]},"properties":{"GEOID":"41780","NAME":"Sandusky, OH","LSAD":"M2"}},
{"type":"Feature","geometry":{"type":"Polygon","coordinates":[[[-84.9161,35.7619],[-85.0476,35.6187],[-85.1078,35.5714],[-85.1098,35.5416],[-85.1438,35.4926],[-85.1159,35.4757],[-85.1311,35.458],[-85.1096,35.4555],[-85.1011,35.4294],[-85.0669,35.4365],[-85.0167,35.4091],[-84.9801,35.4393],[-84.9855,35.4618],[-84.969,35.4667],[-84.9458,35.4397],[-84.9236,35.4374],[-84.9036,35.4555],[-84.8953,35.483],[-84.8667,35.4912],[-84.8579,35.5086],[-84.8774,35.5251],[-84.8795,35.542],[-84.8559,35.5541],[-84.8155,35.5454],[-84.794,35.5555],[-84.8099,35.5825],[-84.7794,35.5974],[-84.7857,35.6263],[-84.7783,35.6446],[-84.7818,35.6739],[-84.7663,35.7001],[-84.7232,35.6897],[-84.7119,35.725],[-84.7239,35.7529],[-84.7545,35.7544],[-84.7396,35.7875],[-84.765,35.799],[-84.7819,35.825],[-84.7979,35.825],[-84.9161,35.7619]]]},"properties":{"GEOID":"19420","NAME":"Dayton, TN","LSAD":"M2"}},
{"type":"Feature","geometry":{"type":"Polygon","coordinates":[[[-83.3523,34.7162],[-83.3382,34.6872],[-83.3046,34.6696],[-83.2932,34.6543],[-83.2545,34.6371],[-83.2313,34.6112],[-83.1952,34.6034],[-83.1683,34.591],[-83.1405,34.5624],[-83.1033,34.5367],[-83.0849,34.531],[-83.0695,34.5021],[-82.9992,34.4724],[-82.9922,34.4792],[-82.8451,34.6185],[-82.8389,34.6572],[-82.8512,34.6685],[-82.8599,34.698],[-82.8603,34.7314],[-82.8959,34.7364],[-82.8873,34.7753],[-82.8972,34.8052],[-82.8961,34.8369],[-82.9093,34.8947],[-82.9033,34.935],[-82.9386,34.9809],[-82.9183,35.0361],[-82.8976,35.056],[-83.0087,35.0276],[-83.1086,35.0014],[-83.0988,34.992],[-83.1204,34.9684],[-83.1117,34.9359],[-83.1564,34.9171],[-83.1691,34.9188],[-83.2063,34.8797],[-83.2431,34.8774],[-83.2557,34.8442],[-83.2724,34.8347],[-83.3241,34.7875],[-83.3193,34.7649],[-83.3491,34.7366],[-83.3523,34.7162]]]},"properties":{"GEOID":"42860","NAME":"Seneca, SC","LSAD":"M2"}},
{"type":"Feature","geometry":{"type":"Polygon","coordinates":[[[-121.7994,44.2583],[-121.7779,44.2189],[-121.7856,44.2078],[-121.7716,44.1676],[-121.7725,44.091],[-121.8022,44.0527],[-121.8352,44.037],[-121.822,44.0124],[-121.8271,43.9976],[-121.8571,43.9652],[-121.8694,43.9119],[-121.9282,43.9092],[-121.9324,43.8942],[-121.9729,43.8612],[-121.9778,43.8285],[-121.9621,43.7635],[-121.9812,43.743],[-121.9672,43.7043],[-121.9863,43.6617],[-121.9805,43.6397],[-122.0024,43.6155],[-121.8157,43.6156],[-121.333,43.6166],[-120.975,43.6174],[-120.975,43.6154],[-120.6174,43.6155],[-120.3778,43.6159],[-120.3777,43.6115],[-119.8966,43.6112],[-119.8974,43.6982],[-120.2379,43.6974],[-120.2578,43.6988],[-120.2584,43.7853],[-120.3781,43.7854],[-120.3787,43.8724],[-120.7478,43.8713],[-120.7482,43.9573],[-120.9866,43.9609],[-120.9873,44.134],[-121.1028,44.1381],[-121.1085,44.2185],[-121.1075,44.3906],[-121.2293,44.393],[-121.636,44.3924],[-121.8431,44.3926],[-121.8374,44.3583],[-121.8372,44.303],[-121.8192,44.262],[-121.7994,44.2583]]]},"properties":{"GEOID":"13460","NAME":"Bend, OR","LSAD":"M1"}},
{"type":"Feature","geometry":{"type":"Polygon","coordinates":[[[-76.5383,42.2818],[-76.5358,42.2501],[-76.5365,42.1554],[-76.5612,42.1559],[-76.5506,42.0796],[-76.5415,42.0517],[-76.5613,42.0095],[-76.5577,42.0001],[-76.3437,41.9983],[-76.1455,41.9989],[-75.7422,41.9979],[-75.3596,41.9994],[-75.4022,42.0107],[-75.4218,42.042],[-75.4184,42.195],[-75.6371,42.1956],[-75.6391,42.2487],[-75.8198,42.249],[-75.8438,42.2597],[-75.8521,42.3453],[-75.864,42.4157],[-76.0214,42.409],[-76.0222,42.4128],[-76.2534,42.4076],[-76.2947,42.4051],[-76.2995,42.385],[-76.242,42.3634],[-76.2514,42.3249],[-76.2501,42.2967],[-76.2882,42.3082],[-76.3506,42.3084],[-76.3509,42.3183],[-76.4153,42.3184],[-76.4162,42.263],[-76.4745,42.2638],[-76.474,42.2811],[-76.5383,42.2818]]]},"properties":{"GEOID":"13780","NAME":"Binghamton, NY","LSAD":"M1"}},
{"type":"Feature","geometry":{"type":"Polygon","coordinates":[[[-121.58,38.0944],[-121.5847,38.0435],[-121.5576,38.017],[-121.5782,38.0039],[-121.5799,37.9761],[-121.5651,37.9598],[-121.5564,37.9233],[-121.575,37.8894],[-121.5795,37.8611],[-121.5517,37.8604],[-121.5368,37.8463],[-121.5569,37.8172],[-121.5567,37.5427],[-121.5223,37.5247],[-121.5044,37.5259],[-121.4932,37.5024],[-121.4719,37.4818],[-121.24,37.6649],[-121.2185,37.6738],[-121.2022,37.696],[-121.1689,37.6991],[-121.1558,37.7198],[-121.1207,37.7223],[-121.1026,37.7413],[-121.0764,37.7376],[-121.0265,37.7418],[-120.9958,37.7602],[-120.9542,37.7384],[-120.9206,37.7383],[-120.9263,37.8867],[-120.9264,38.0774],[-120.9388,38.0883],[-121.0271,38.3003],[-121.0475,38.2911],[-121.0648,38.2995],[-121.0842,38.2864],[-121.1278,38.2774],[-121.1731,38.2552],[-121.2225,38.2444],[-121.2684,38.2523],[-121.2927,38.2389],[-121.344,38.2283],[-121.4112,38.2319],[-121.4297,38.2549],[-121.471,38.2599],[-121.5043,38.2121],[-121.5292,38.1938],[-121.5246,38.1748],[-121.5363,38.1516],[-121.5592,38.1439],[-121.5841,38.1202],[-121.58,38.0944]]]},"properties":{"GEOID":"44700","NAME":"Stockton, CA","LSAD":"M1"}},
{"type":"Feature","geometry":{"type":"Polygon","coordinates":[[[-107.6085,32.6054],[-107.924,32.6044],[-107.9238,32.5174],[-108.2293,32.5168],[-108.23,32.0799],[-108.217,32.0799],[-108.2171,31.8641],[-108.2171,31.8205],[-108.21,31.7837],[-107.8659,31.7836],[-107.6403,31.7836],[-107.2968,31.7838],[-107.2976,32.0796],[-107.2987,32.0823],[-107.298,32.4934],[-107.2996,32.6054],[-107.6085,32.6054]]]},"properties":{"GEOID":"19700","NAME":"Deming, NM","LSAD":"M2"}},
{"type":"Feature","geometry":{"type":"Polygon","coordinates":[[[-92.1115,35.3626],[-92.1197,35.0666],[-92.0953,35.0642],[-92.0631,35.0745],[-92.0216,35.0723],[-91.9489,35.0446],[-91.9252,35.0459],[-91.9026,35.0277],[-91.869,35.0241],[-91.8025,35.0307],[-91.766,35.05],[-91.7445,35.0471],[-91.6951,35.0622],[-91.6857,35.0529],[-91.6531,35.0498],[-91.6402,35.0271],[-91.6134,35.0211],[-91.5852,35.0253],[-91.584,35.0916],[-91.4494,35.0899],[-91.4291,35.1365],[-91.4339,35.1529],[-91.4276,35.1937],[-91.4099,35.2083],[-91.3797,35.2144],[-91.3919,35.2523],[-91.4118,35.2648],[-91.4127,35.3028],[-91.439,35.3018],[-91.4247,35.3307],[-91.4257,35.3751],[-91.3687,35.408],[-91.349,35.4117],[-91.3473,35.4391],[-91.5845,35.4423],[-91.5821,35.5303],[-91.7936,35.5341],[-91.796,35.4556],[-91.8295,35.4545],[-91.85,35.4365],[-91.8522,35.3584],[-92.009,35.3597],[-92.1115,35.3626]]]},"properties":{"GEOID":"42620","NAME":"Searcy, AR","LSAD":"M2"}},
{"type":"Feature","geometry":{"type":"Polygon","coordinates":[[[-82.6895,30.5977],[-82.7266,30.5595],[-82.7145,30.5318],[-82.715,30.5055],[-82.695,30.4736],[-82.6591,30.4407],[-82.6455,30.4071],[-82.6626,30.3698],[-82.6869,30.3533],[-82.6815,30.3428],[-82.7178,30.3214],[-82.7365,30.3284],[-82.792,30.3265],[-82.7949,30.1467],[-82.794,29.9862],[-82.7604,29.9862],[-82.7622,29.9644],[-82.7881,29.9511],[-82.8005,29.9321],[-82.7711,29.9223],[-82.7684,29.897],[-82.7362,29.8601],[-82.6937,29.8342],[-82.6414,29.8274],[-82.6293,29.8494],[-82.5929,29.8619],[-82.5926,29.8875],[-82.5759,29.8949],[-82.576,29.9131],[-82.5297,29.9409],[-82.5333,29.9584],[-82.5693,29.975],[-82.576,29.9909],[-82.5675,30.0135],[-82.5366,30.0253],[-82.5354,30.0551],[-82.499,30.0888],[-82.456,30.1056],[-82.4584,30.1364],[-82.4575,30.2569],[-82.4598,30.5843],[-82.584,30.5918],[-82.6895,30.5977]]]},"properties":{"GEOID":"29380","NAME":"Lake City, FL","LSAD":"M2"}},
{"type":"Feature","geometry":{"type":"Polygon","coordinates":[[[-80.3958,39.6373],[-80.4279,39.6407],[-80.4434,39.6295],[-80.4493,39.5976],[-80.4788,39.5973],[-80.4982,39.5633],[-80.4809,39.5146],[-80.4677,39.5036],[-80.4753,39.4818],[-80.4941,39.4696],[-80.2937,39.4343],[-80.2828,39.4358],[-80.1963,39.3927],[-80.1227,39.4012],[-80.0966,39.4008],[-80.0868,39.3865],[-80.025,39.4015],[-80.0112,39.4174],[-79.9389,39.4525],[-79.968,39.463],[-80.0155,39.5015],[-80.0392,39.5073],[-80.0432,39.5229],[-80.0963,39.5627],[-80.1262,39.5795],[-80.1535,39.6104],[-80.3477,39.6118],[-80.3677,39.6336],[-80.3958,39.6373]]]},"properties":{"GEOID":"21900","NAME":"Fairmont, WV","LSAD":"M2"}},
{"type":"Feature","geometry":{"type":"Polygon","coordinates":[[[-74.9853,39.515],[-75.0619,39.5687],[-75.0745,39.5446],[-75.0797,39.501],[-75.0733,39.4851],[-75.0838,39.4574],[-75.178,39.5211],[-75.2384,39.559],[-75.318,39.492],[-75.3423,39.4906],[-75.3681,39.4568],[-75.4077,39.4588],[-75.4183,39.4154],[-75.4168,39.3874],[-75.4127,39.3844],[-75.407,39.3811],[-75.3827,39.3545],[-75.3337,39.3453],[-75.3152,39.3106],[-75.2517,39.3003],[-75.2416,39.2741],[-75.2059,39.2626],[-75.1719,39.2378],[-75.1674,39.2033],[-75.1425,39.1867],[-75.1186,39.2122],[-75.0264,39.2132],[-75.0262,39.1936],[-74.9632,39.192],[-74.9148,39.1776],[-74.9257,39.2013],[-74.922,39.2247],[-74.8964,39.2351],[-74.8821,39.3084],[-74.8613,39.3238],[-74.8649,39.3385],[-74.8519,39.383],[-74.857,39.425],[-74.9853,39.515]]]},"properties":{"GEOID":"47220","NAME":"Vineland-Bridgeton, NJ","LSAD":"M1"}},
{"type":"Feature","geometry":{"type":"Polygon","coordinates":[[[-78.3428,39.7225],[-78.3174,39.6992],[-78.318,39.6805],[-78.3493,39.6606],[-78.342,39.6439],[-78.383,39.6222],[-78.4205,39.624],[-78.4206,39.6032],[-78.4544,39.5743],[-78.4173,39.5496],[-78.4504,39.5379],[-78.4686,39.5168],[-78.4377,39.5001],[-78.3471,39.466],[-78.2628,39.4143],[-78.1582,39.3434],[-78.0332,39.2646],[-78.0181,39.2935],[-77.9885,39.3198],[-77.9471,39.3805],[-77.9309,39.3812],[-77.8475,39.4482],[-77.8252,39.4931],[-77.7956,39.4896],[-77.7861,39.4472],[-77.7928,39.4306],[-77.7531,39.4233],[-77.7363,39.3877],[-77.7533,39.3783],[-77.7459,39.3532],[-77.7558,39.3339],[-77.7274,39.3217],[-77.6772,39.3245],[-77.6734,39.3442],[-77.6516,39.3751],[-77.6402,39.4036],[-77.637,39.4385],[-77.6162,39.4684],[-77.623,39.4999],[-77.6135,39.5287],[-77.5977,39.5408],[-77.5702,39.62],[-77.5304,39.6317],[-77.4929,39.6764],[-77.5032,39.6892],[-77.4691,39.72],[-77.7241,39.7209],[-78.0991,39.7223],[-78.3428,39.7225]]]},"properties":{"GEOID":"25180","NAME":"Hagerstown-Martinsburg, MD-WV","LSAD":"M1"}},
{"type":"Feature","geometry":{"type":"Polygon","coordinates":[[[-123.2179,46.3856],[-123.2151,46.2835],[-123.2167,46.2314],[-123.2131,46.1725],[-123.1664,46.189],[-123.1159,46.1853],[-123.105,46.1777],[-123.0042,46.1338],[-122.9627,46.1048],[-122.9041,46.0837],[-122.8845,46.0603],[-122.8781,46.0313],[-122.8562,46.0145],[-122.8376,45.9808],[-122.814,45.961],[-122.8062,45.9324],[-122.8115,45.9127],[-122.7981,45.8843],[-122.7733,45.8574],[-122.7432,45.8701],[-122.7342,45.8858],[-122.739,45.9153],[-122.7209,45.9319],[-122.6893,45.9291],[-122.6693,45.937],[-122.6157,45.9357],[-122.578,45.9547],[-122.5574,45.9538],[-122.523,45.9841],[-122.4788,45.9879],[-122.4422,45.9758],[-122.3985,45.9725],[-122.3751,45.9601],[-122.3327,45.9651],[-122.325,45.9998],[-122.2944,46.0492],[-122.2692,46.0596],[-122.2459,46.0539],[-122.2467,46.2006],[-122.242,46.2116],[-122.241,46.3854],[-122.3637,46.3873],[-122.6981,46.3871],[-123.1142,46.388],[-123.2179,46.3856]]]},"properties":{"GEOID":"31020","NAME":"Longview, WA","LSAD":"M1"}},
{"type":"Feature","geometry":{"type":"Polygon","coordinates":[[[-121.2268,37.1348],[-121.2173,37.123],[-121.243,37.0927],[-121.2096,37.0682],[-121.2245,37.0397],[-121.246,37.0256],[-121.2331,36.9993],[-121.2459,36.983],[-121.2118,36.9571],[-121.2347,36.9269],[-121.2166,36.9136],[-121.1888,36.9132],[-121.1415,36.8367],[-120.9334,36.7517],[-120.9187,36.7404],[-120.6559,36.9528],[-120.5906,36.9526],[-120.5954,37.0015],[-120.5417,37.0445],[-120.4767,37.0964],[-120.4063,37.1112],[-120.3849,37.1246],[-120.3633,37.1197],[-120.2767,37.152],[-120.2273,37.1634],[-120.1033,37.1677],[-120.0521,37.1831],[-120.0932,37.2226],[-120.1438,37.2392],[-120.1838,37.2705],[-120.1827,37.2914],[-120.266,37.4006],[-120.2844,37.4317],[-120.275,37.4436],[-120.2992,37.4888],[-120.3877,37.6334],[-120.6274,37.5397],[-120.841,37.4564],[-120.8858,37.4404],[-120.9901,37.3956],[-120.9647,37.3454],[-121.2268,37.1348]]]},"properties":{"GEOID":"32900","NAME":"Merced, CA","LSAD":"M1"}},
{"type":"Feature","geometry":{"type":"Polygon","coordinates":[[[-93.957,33.7509],[-93.9677,33.7363],[-93.9513,33.7069],[-93.9677,33.6758],[-93.9455,33.6586],[-93.9308,33.6632],[-93.891,33.6376],[-93.8653,33.6314],[-93.8126,33.6035],[-93.8274,33.5761],[-93.8063,33.5681],[-93.7961,33.5324],[-93.7803,33.5209],[-93.7727,33.4989],[-93.7549,33.5043],[-93.72,33.482],[-93.4832,33.4762],[-93.4839,33.4474],[-93.3656,33.4445],[-93.2213,33.4405],[-93.221,33.4551],[-93.1163,33.4529],[-93.1044,33.7771],[-93.1403,33.8156],[-93.179,33.8003],[-93.1912,33.8162],[-93.222,33.8291],[-93.2582,33.8288],[-93.2896,33.8441],[-93.3071,33.8808],[-93.3014,33.897],[-93.3364,33.9193],[-93.3734,33.9571],[-93.3996,33.9513],[-93.4711,33.9616],[-93.5008,33.9456],[-93.5287,33.943],[-93.5671,33.9594],[-93.6188,33.9647],[-93.6499,33.9813],[-93.6821,33.9834],[-93.7498,34.0069],[-93.8231,34.0089],[-93.8316,33.7482],[-93.957,33.7509]]]},"properties":{"GEOID":"26260","NAME":"Hope, AR","LSAD":"M2"}},
{"type":"Feature","geometry":{"type":"Polygon","coordinates":[[[-86.3297,38.1817],[-86.3577,38.1988],[-86.3738,38.1934],[-86.3774,38.1714],[-86.3661,38.1615],[-86.328,38.1548],[-86.3406,38.1277],[-86.3753,38.1306],[-86.4051,38.1058],[-86.4295,38.1253],[-86.4498,38.1272],[-86.4661,38.1144],[-86.4588,38.096],[-86.434,38.0868],[-86.4328,38.0672],[-86.4522,38.0505],[-86.4908,38.0457],[-86.3835,37.9689],[-86.2428,37.877],[-86.1513,37.7989],[-86.2479,37.6369],[-86.2753,37.5935],[-86.2449,37.5989],[-86.1957,37.5655],[-86.143,37.5595],[-86.1141,37.5671],[-86.0643,37.5082],[-86.0476,37.4499],[-85.7503,37.4311],[-85.7333,37.4253],[-85.6573,37.422],[-85.6651,37.4363],[-85.6446,37.4494],[-85.634,37.4718],[-85.6153,37.4628],[-85.5932,37.4703],[-85.5289,37.4541],[-85.5028,37.4823],[-85.4888,37.4673],[-85.4661,37.4658],[-85.4739,37.4922],[-85.4917,37.5157],[-85.503,37.5491],[-85.5213,37.5543],[-85.5441,37.5622],[-85.548,37.5334],[-85.5938,37.532],[-85.6233,37.5516],[-85.6042,37.5691],[-85.6068,37.5904],[-85.5727,37.638],[-85.5953,37.6398],[-85.601,37.6575],[-85.5921,37.6935],[-85.607,37.7008],[-85.6379,37.6967],[-85.6455,37.7164],[-85.6762,37.7337],[-85.7045,37.7682],[-85.7281,37.7742],[-85.7426,37.7922],[-85.7378,37.8118],[-85.7726,37.8419],[-85.8173,37.8583],[-85.8382,37.8793],[-85.8275,37.9006],[-85.8549,37.9454],[-85.9052,37.9426],[-85.9008,37.9695],[-85.9068,37.9912],[-85.9471,38.0051],[-86.0256,37.9945],[-86.0344,37.9646],[-86.05,37.9605],[-86.0794,38.0006],[-86.1283,38.0162],[-86.1766,38.0102],[-86.2207,38.0282],[-86.2672,38.0568],[-86.2791,38.1008],[-86.2703,38.1298],[-86.2871,38.1579],[-86.3297,38.1817]]]},"properties":{"GEOID":"21060","NAME":"Elizabethtown-Fort Knox, KY","LSAD":"M1"}},
{"type":"Feature","geometry":{"type":"Polygon","coordinates":[[[-118.3606,36.7448],[-118.5555,36.7447],[-118.555,36.7391],[-118.751,36.7397],[-118.9824,36.7416],[-118.9848,36.6571],[-119.0883,36.6575],[-119.3046,36.6606],[-119.3051,36.5737],[-119.4663,36.5752],[-119.5732,36.4888],[-119.5283,36.4875],[-119.5288,36.4015],[-119.4749,36.401],[-119.4746,36.269],[-119.5294,36.2699],[-119.5291,36.1379],[-119.5364,36.1379],[-119.5362,35.9634],[-119.5381,35.7899],[-119.286,35.7903],[-118.9819,35.7907],[-118.5708,35.7897],[-118.4489,35.7924],[-118.361,35.7903],[-118.0589,35.7915],[-118.0081,35.7889],[-118.0048,35.8513],[-117.9825,35.8958],[-117.9919,35.9438],[-118.0182,35.961],[-118.0036,35.9837],[-118.0336,36.0089],[-118.0498,36.0767],[-118.0736,36.139],[-118.0593,36.1701],[-118.0737,36.1894],[-118.1019,36.2088],[-118.1052,36.2336],[-118.1271,36.2797],[-118.1216,36.3068],[-118.1001,36.3288],[-118.1003,36.3461],[-118.1208,36.3502],[-118.1311,36.3707],[-118.16,36.3938],[-118.1379,36.418],[-118.157,36.4326],[-118.1936,36.4265],[-118.2146,36.4366],[-118.2159,36.4567],[-118.2489,36.4865],[-118.239,36.5236],[-118.2653,36.5515],[-118.2905,36.5585],[-118.2941,36.5763],[-118.2816,36.6045],[-118.3208,36.627],[-118.3588,36.6956],[-118.3347,36.7055],[-118.3396,36.729],[-118.3606,36.7448]]]},"properties":{"GEOID":"47300","NAME":"Visalia, CA","LSAD":"M1"}},
{"type":"Feature","geometry":{"type":"Polygon","coordinates":[[[-109.9768,39.8062],[-109.8831,39.8062],[-109.9192,39.7862],[-109.9293,39.75],[-109.9868,39.741],[-109.9724,39.7061],[-109.9937,39.7028],[-109.9843,39.6641],[-110.0093,39.6473],[-110.0137,39.6151],[-110.029,39.6007],[-110.0187,39.5854],[-110.038,39.5667],[-110.0284,39.5534],[-110.0264,39.5233],[-110.0146,39.4916],[-110.024,39.4693],[-109.9533,39.4693],[-109.9533,39.4618],[-109.6077,39.4623],[-109.107,39.462],[-109.0873,39.4923],[-109.0514,39.4977],[-109.051,39.6605],[-109.0506,39.875],[-109.051,40.2226],[-109.0509,40.4444],[-109.0484,40.6626],[-109.1235,40.6624],[-109.1235,40.6841],[-109.1611,40.6838],[-109.1634,40.786],[-109.2014,40.7859],[-109.2032,40.8584],[-109.3945,40.8582],[-109.3945,40.791],[-109.4344,40.7771],[-109.4368,40.7575],[-109.4706,40.7539],[-109.4842,40.7405],[-109.5117,40.7509],[-109.519,40.7823],[-109.514,40.808],[-109.5293,40.8276],[-109.5704,40.8172],[-109.6358,40.8102],[-109.6768,40.7949],[-109.7006,40.8034],[-109.7282,40.795],[-109.7507,40.8026],[-109.7647,40.7825],[-109.8319,40.7757],[-109.8702,40.7638],[-109.8968,40.782],[-109.9764,40.8097],[-109.9765,40.4329],[-109.9767,40.0588],[-109.9768,39.8062]]]},"properties":{"GEOID":"46860","NAME":"Vernal, UT","LSAD":"M2"}},
{"type":"Feature","geometry":{"type":"Polygon","coordinates":[[[-88.8273,36.5029],[-88.814,36.4708],[-88.8189,36.4115],[-88.8465,36.4132],[-88.8859,36.3929],[-88.9136,36.4066],[-88.9502,36.4092],[-88.9598,36.2228],[-88.9319,36.1936],[-88.8842,36.1676],[-88.8635,36.1377],[-88.8353,36.1209],[-88.7567,36.1084],[-88.7302,36.0798],[-88.6927,36.0627],[-88.6538,36.0643],[-88.6555,36.1173],[-88.5322,36.1154],[-88.5303,36.152],[-88.5257,36.2434],[-88.5163,36.5014],[-88.8168,36.5028],[-88.8273,36.5029]]]},"properties":{"GEOID":"32280","NAME":"Martin, TN","LSAD":"M2"}},
{"type":"Feature","geometry":{"type":"Polygon","coordinates":[[[-82.0559,29.4712],[-82.0556,29.4418],[-82.0704,29.4344],[-82.1011,29.4383],[-82.1252,29.4289],[-82.1936,29.4209],[-82.2137,29.4333],[-82.2151,29.4842],[-82.4066,29.485],[-82.4032,29.2156],[-82.5349,29.2147],[-82.5356,29.0449],[-82.4984,29.0418],[-82.4729,29.0512],[-82.4296,29.0213],[-82.3977,29.017],[-82.3664,29.0026],[-82.3134,28.9695],[-82.3117,28.9604],[-81.9542,28.9601],[-81.8422,28.961],[-81.6587,28.9603],[-81.6592,29.0478],[-81.6387,29.0478],[-81.6419,29.2768],[-81.6557,29.2999],[-81.6809,29.3244],[-81.6607,29.3433],[-81.6685,29.3717],[-81.7414,29.371],[-81.7418,29.4299],[-81.7749,29.4292],[-81.7762,29.4874],[-81.8428,29.4865],[-81.843,29.521],[-81.8611,29.5149],[-81.9318,29.5164],[-81.9642,29.5038],[-82.0044,29.5017],[-82.032,29.4914],[-82.0559,29.4712]]]},"properties":{"GEOID":"36100","NAME":"Ocala, FL","LSAD":"M1"}},
{"type":"Feature","geometry":{"type":"Polygon","coordinates":[[[-106.0248,44.9935],[-106.2637,44.9938],[-106.5709,44.9949],[-107.0849,44.9966],[-107.1274,44.9998],[-107.4837,45.0014],[-107.6258,45.0007],[-107.9115,45.0007],[-107.8819,44.9859],[-107.8819,44.9334],[-107.8534,44.9144],[-107.865,44.8736],[-107.8444,44.8606],[-107.8165,44.8185],[-107.8128,44.7893],[-107.779,44.7723],[-107.7544,44.7706],[-107.7415,44.7144],[-107.6979,44.705],[-107.6712,44.6802],[-107.6197,44.6988],[-107.5492,44.6788],[-107.5282,44.6348],[-107.4949,44.642],[-107.4696,44.6123],[-107.425,44.6115],[-107.3929,44.596],[-107.3696,44.5598],[-107.1256,44.5584],[-106.9965,44.5591],[-106.6638,44.5569],[-106.4289,44.5568],[-106.4289,44.5618],[-106.1792,44.5621],[-106.0097,44.564],[-106.0107,44.6932],[-106.015,44.7071],[-106.0143,44.8578],[-106.0231,44.8688],[-106.0248,44.9935]]]},"properties":{"GEOID":"43260","NAME":"Sheridan, WY","LSAD":"M2"}},
{"type":"Feature","geometry":{"type":"Polygon","coordinates":[[[-118.2286,46.5934],[-118.2443,46.6007],[-118.2872,46.5949],[-118.3092,46.6064],[-118.3617,46.598],[-118.3897,46.5806],[-118.4232,46.5837],[-118.4526,46.597],[-118.4759,46.5951],[-118.4965,46.5755],[-118.548,46.5559],[-118.5654,46.535],[-118.5924,46.5259],[-118.6156,46.5045],[-118.619,46.4744],[-118.638,46.4334],[-118.6338,46.414],[-118.6912,46.3811],[-118.6971,46.3633],[-118.7462,46.3595],[-118.7737,46.318],[-118.7706,46.2932],[-118.8213,46.286],[-118.8607,46.2525],[-118.9728,46.2387],[-119.0235,46.2166],[-119.0415,46.1927],[-119.0142,46.1762],[-118.968,46.1308],[-118.969,46.1188],[-118.9423,46.0744],[-118.9417,46.027],[-118.9872,45.9998],[-118.9412,46.0006],[-118.497,46.0006],[-118.131,46.0003],[-117.9969,46.0008],[-117.9931,46.0197],[-117.9915,46.2077],[-118.1166,46.2081],[-118.1161,46.2955],[-118.2419,46.2951],[-118.2412,46.4696],[-118.2426,46.5597],[-118.228,46.5604],[-118.2286,46.5934]]]},"properties":{"GEOID":"47460","NAME":"Walla Walla, WA","LSAD":"M1"}},
{"type":"Feature","geometry":{"type":"Polygon","coordinates":[[[-110.4523,31.7312],[-110.8558,31.7317],[-110.8558,31.7267],[-111.1642,31.7259],[-111.1637,31.5217],[-111.3669,31.5214],[-111.3664,31.4261],[-111.0748,31.3322],[-110.7955,31.3336],[-110.4598,31.3328],[-110.4608,31.6139],[-110.4522,31.6139],[-110.4523,31.7312]]]},"properties":{"GEOID":"35700","NAME":"Nogales, AZ","LSAD":"M2"}},
{"type":"Feature","geometry":{"type":"Polygon","coordinates":[[[-111.2475,39.813],[-111.2474,39.7044],[-111.2212,39.6902],[-111.2216,39.6753],[-111.201,39.6569],[-111.1912,39.6294],[-111.1591,39.5959],[-111.1323,39.6139],[-111.1163,39.5519],[-111.0853,39.5215],[-111.0775,39.4697],[-110.7581,39.4693],[-110.3963,39.4693],[-110.024,39.4693],[-110.0146,39.4916],[-110.0264,39.5233],[-110.0284,39.5534],[-110.038,39.5667],[-110.0187,39.5854],[-110.029,39.6007],[-110.0137,39.6151],[-110.0093,39.6473],[-109.9843,39.6641],[-109.9937,39.7028],[-109.9724,39.7061],[-109.9868,39.741],[-109.9293,39.75],[-109.9192,39.7862],[-109.8831,39.8062],[-109.9768,39.8062],[-110.5182,39.8067],[-110.5182,39.8116],[-110.8578,39.8133],[-111.0791,39.8141],[-111.2475,39.813]]]},"properties":{"GEOID":"39220","NAME":"Price, UT","LSAD":"M2"}},
{"type":"Feature","geometry":{"type":"Polygon","coordinates":[[[-97.7785,28.668],[-97.788,28.6758],[-97.8253,28.6703],[-97.8354,28.6802],[-97.8837,28.6955],[-97.9151,28.7196],[-98.0898,28.663],[-97.953,28.43],[-97.8088,28.1834],[-97.8177,28.1768],[-97.5676,28.1297],[-97.5411,28.1647],[-97.3756,28.3887],[-97.3979,28.403],[-97.4269,28.4117],[-97.4593,28.4075],[-97.4805,28.4339],[-97.5179,28.432],[-97.5539,28.4553],[-97.5539,28.5029],[-97.5771,28.5225],[-97.6265,28.5283],[-97.6466,28.5209],[-97.6966,28.5415],[-97.7321,28.6288],[-97.7554,28.655],[-97.7785,28.668]]]},"properties":{"GEOID":"13300","NAME":"Beeville, TX","LSAD":"M2"}},
{"type":"Feature","geometry":{"type":"Polygon","coordinates":[[[-80.0754,35.1431],[-80.0668,35.1111],[-80.0229,35.09],[-79.9934,35.0855],[-79.9767,35.1025],[-79.9461,35.1186],[-79.9246,35.116],[-79.9129,35.0971],[-79.909,35.067],[-79.8849,35.0526],[-79.8772,35.0353],[-79.8993,35.0037],[-79.8637,34.9766],[-79.8723,34.9504],[-79.8496,34.9114],[-79.8505,34.8984],[-79.8801,34.8668],[-79.8997,34.8585],[-79.9139,34.8185],[-79.9274,34.8066],[-79.6929,34.805],[-79.654,34.8151],[-79.6192,34.831],[-79.616,34.8659],[-79.5619,34.9104],[-79.5817,34.9354],[-79.5855,34.955],[-79.5734,34.9922],[-79.5135,35.0246],[-79.4588,35.0436],[-79.502,35.0642],[-79.5651,35.0637],[-79.5828,35.084],[-79.5739,35.122],[-79.6063,35.149],[-79.6143,35.1637],[-79.6421,35.1577],[-79.6944,35.1796],[-79.7482,35.1731],[-79.8513,35.1839],[-79.8986,35.1617],[-79.9443,35.1642],[-79.9834,35.1585],[-80.0228,35.1372],[-80.0754,35.1431]]]},"properties":{"GEOID":"40460","NAME":"Rockingham, NC","LSAD":"M2"}},
{"type":"Feature","geometry":{"type":"Polygon","coordinates":[[[-81.1422,27.6432],[-81.1405,27.6008],[-81.1574,27.5752],[-81.1889,27.5571],[-81.2095,27.5349],[-81.1985,27.5104],[-81.2054,27.4903],[-81.1822,27.4828],[-81.1688,27.4595],[-81.1392,27.4341],[-81.1423,27.4125],[-81.1139,27.3851],[-81.0684,27.3823],[-81.0335,27.357],[-81.0461,27.3375],[-81.0256,27.3024],[-80.9972,27.2935],[-80.9926,27.2503],[-80.9706,27.2175],[-80.9511,27.2239],[-80.9407,27.2059],[-80.9175,27.19],[-80.8978,27.166],[-80.8712,27.155],[-80.8856,26.9589],[-80.6774,27.1216],[-80.6777,27.2941],[-80.6798,27.5585],[-80.7772,27.5587],[-80.778,27.6432],[-80.8731,27.6423],[-81.0229,27.642],[-81.1422,27.6432]]]},"properties":{"GEOID":"36380","NAME":"Okeechobee, FL","LSAD":"M2"}},
{"type":"Feature","geometry":{"type":"Polygon","coordinates":[[[-111.0524,44.4784],[-111.049,44.4741],[-111.0497,44.3536],[-111.0491,44.0201],[-111.0471,43.9835],[-111.1137,43.9686],[-111.1873,43.9321],[-111.2374,43.9486],[-111.2713,43.9388],[-111.3025,43.9193],[-111.328,43.9254],[-111.3545,43.9481],[-111.3988,43.9229],[-111.4008,43.8828],[-111.3998,43.622],[-111.2438,43.6219],[-111.2261,43.6064],[-111.2147,43.5561],[-111.1988,43.5397],[-111.1419,43.5462],[-111.1258,43.5318],[-111.0859,43.5214],[-111.0678,43.5261],[-111.0452,43.5011],[-111.0446,43.3157],[-110.814,43.3139],[-110.814,43.2352],[-110.5787,43.2352],[-110.5784,43.2916],[-110.344,43.2912],[-110.3442,43.3779],[-110.0573,43.3778],[-110.0575,43.4648],[-110.0516,43.4648],[-110.0514,43.8144],[-110.0532,44.008],[-110.0534,44.1326],[-110.1196,44.1326],[-110.1264,44.157],[-110.1191,44.1987],[-110.1434,44.254],[-110.1503,44.29],[-110.2088,44.315],[-110.2025,44.3278],[-110.2259,44.3421],[-110.2284,44.3738],[-110.2539,44.3903],[-110.255,44.405],[-110.2968,44.4324],[-110.2819,44.4788],[-110.2765,44.5166],[-110.2984,44.5302],[-110.3077,44.5539],[-110.3601,44.5535],[-110.3753,44.583],[-110.6679,44.5828],[-110.6679,44.6663],[-111.0536,44.6663],[-111.0524,44.4784]]]},"properties":{"GEOID":"27220","NAME":"Jackson, WY-ID","LSAD":"M2"}},
{"type":"Feature","geometry":{"type":"Polygon","coordinates":[[[-105.6533,40.2605],[-105.6776,40.1972],[-105.6677,40.1583],[-105.6357,40.146],[-105.6354,40.0749],[-105.6511,40.0584],[-105.6388,40.0388],[-105.6616,40.0165],[-105.6897,40.0155],[-105.6832,39.9947],[-105.6932,39.9412],[-105.6758,39.9324],[-105.4575,39.9322],[-105.4402,39.9384],[-105.3978,39.9129],[-105.1471,39.9139],[-105.1186,39.9432],[-105.0909,39.9361],[-105.0766,39.9636],[-105.0528,39.9777],[-105.0528,40.0003],[-105.0555,40.0003],[-105.0551,40.2618],[-105.3752,40.2613],[-105.391,40.2579],[-105.5617,40.2615],[-105.6533,40.2605]]]},"properties":{"GEOID":"14500","NAME":"Boulder, CO","LSAD":"M1"}},
{"type":"Feature","geometry":{"type":"Polygon","coordinates":[[[-83.6674,36.3444],[-83.7027,36.2728],[-83.7045,36.2509],[-83.6936,36.2375],[-83.7002,36.2076],[-83.7169,36.1998],[-83.7327,36.1646],[-83.7249,36.1421],[-83.6942,36.1209],[-83.6872,36.1023],[-83.7099,36.087],[-83.6752,36.0482],[-83.6733,36.0385],[-83.6557,36.043],[-83.5259,35.9648],[-83.508,35.939],[-83.4749,35.9229],[-83.4354,35.9237],[-83.4161,35.9333],[-83.3891,35.9282],[-83.3875,35.9136],[-83.3561,35.9198],[-83.3108,35.8958],[-83.2937,35.9101],[-83.2767,36.0077],[-83.2583,36.0023],[-83.2567,36.0443],[-83.2401,36.0573],[-83.2539,36.0822],[-83.2269,36.0925],[-83.244,36.1181],[-83.2197,36.1275],[-83.1755,36.1267],[-83.1862,36.1763],[-83.1661,36.1809],[-83.1395,36.1889],[-83.112,36.2208],[-83.0823,36.2423],[-83.1517,36.3182],[-83.1655,36.3422],[-83.1825,36.3362],[-83.1808,36.3121],[-83.2003,36.307],[-83.2342,36.2818],[-83.2553,36.2891],[-83.2737,36.3191],[-83.2645,36.3448],[-83.2806,36.3947],[-83.3042,36.3882],[-83.3252,36.4079],[-83.3523,36.4197],[-83.3894,36.4082],[-83.4131,36.4206],[-83.4391,36.4129],[-83.466,36.3692],[-83.4826,36.3796],[-83.5065,36.3725],[-83.5372,36.3527],[-83.5526,36.3623],[-83.5942,36.3675],[-83.5973,36.3572],[-83.6403,36.3361],[-83.6674,36.3444]]]},"properties":{"GEOID":"34100","NAME":"Morristown, TN","LSAD":"M1"}},
{"type":"Feature","geometry":{"type":"Polygon","coordinates":[[[-93.1312,30.4031],[-93.1311,30.38],[-93.031,30.3794],[-93.0307,30.2606],[-92.9971,30.2607],[-92.9963,30.157],[-92.8936,30.1565],[-92.8894,30.141],[-92.9057,30.1299],[-92.8875,30.0827],[-92.9965,30.0826],[-92.9966,30.0385],[-92.7573,30.0394],[-92.7372,30.0375],[-92.6739,30.0706],[-92.6384,30.0718],[-92.6183,30.1042],[-92.6259,30.1178],[-92.6218,30.148],[-92.6077,30.1594],[-92.5905,30.1988],[-92.6147,30.215],[-92.6225,30.2418],[-92.6292,30.318],[-92.626,30.3825],[-92.6072,30.3867],[-92.5975,30.4289],[-92.6199,30.4541],[-92.632,30.4812],[-92.6303,30.488],[-92.774,30.4882],[-92.7757,30.4376],[-93.0656,30.4385],[-93.0654,30.4243],[-93.1312,30.4236],[-93.1312,30.4031]]]},"properties":{"GEOID":"27660","NAME":"Jennings, LA","LSAD":"M2"}},
{"type":"Feature","geometry":{"type":"Polygon","coordinates":[[[-107.034,39.9189],[-107.1137,39.9191],[-107.1139,39.6246],[-107.1134,39.3661],[-106.9734,39.3656],[-106.7128,39.362],[-106.4265,39.3619],[-106.4006,39.381],[-106.3806,39.3762],[-106.3517,39.3537],[-106.3036,39.3614],[-106.2797,39.3523],[-106.2067,39.3796],[-106.2024,39.3971],[-106.2286,39.4147],[-106.2232,39.4333],[-106.2516,39.465],[-106.2478,39.5444],[-106.2126,39.531],[-106.215,39.5752],[-106.2004,39.6064],[-106.1761,39.6142],[-106.1838,39.6522],[-106.2172,39.6546],[-106.2575,39.6802],[-106.2626,39.6979],[-106.2909,39.7041],[-106.2983,39.7206],[-106.3254,39.7332],[-106.3433,39.7587],[-106.3653,39.7529],[-106.3855,39.7672],[-106.4327,39.866],[-106.4281,39.8822],[-106.4345,39.9249],[-106.6266,39.9248],[-106.6266,39.9187],[-106.713,39.9206],[-106.837,39.9192],[-107.034,39.9189]]]},"properties":{"GEOID":"20780","NAME":"Edwards, CO","LSAD":"M2"}},
{"type":"Feature","geometry":{"type":"MultiPolygon","coordinates":[[[[-122.2697,38.0603],[-122.2629,38.0446],[-122.3008,38.0109],[-122.3326,38.0015],[-122.3689,38.0079],[-122.3676,37.9782],[-122.4126,37.9633],[-122.41,37.9324],[-122.3683,37.9046],[-122.3357,37.9103],[-122.3095,37.893],[-122.3252,37.8743],[-122.3014,37.8555],[-122.2966,37.8285],[-122.3161,37.8273],[-122.3309,37.7951],[-122.3178,37.7797],[-122.2439,37.7518],[-122.2617,37.7434],[-122.2522,37.725],[-122.2147,37.6992],[-122.1941,37.6955],[-122.1676,37.6772],[-122.153,37.6419],[-122.147,37.5884],[-122.112,37.5289],[-122.1094,37.5003],[-122.0555,37.4952],[-122.0409,37.4629],[-121.9965,37.467],[-121.98,37.4609],[-121.936,37.4629],[-121.925,37.4542],[-121.8803,37.4715],[-121.8653,37.4846],[-121.6704,37.4827],[-121.4726,37.4822],[-121.4719,37.4818],[-121.4932,37.5024],[-121.5044,37.5259],[-121.5223,37.5247],[-121.5567,37.5427],[-121.5569,37.8172],[-121.5368,37.8463],[-121.5517,37.8604],[-121.5795,37.8611],[-121.575,37.8894],[-121.5564,37.9233],[-121.5651,37.9598],[-121.5799,37.9761],[-121.5782,38.0039],[-121.5576,38.017],[-121.5847,38.0435],[-121.58,38.0944],[-121.6274,38.0984],[-121.6381,38.0861],[-121.6619,38.0956],[-121.6819,38.082],[-121.6815,38.0612],[-121.6998,38.0452],[-121.7378,38.0266],[-121.7888,38.0184],[-121.8321,38.0311],[-121.8417,38.052],[-121.8625,38.066],[-121.8747,38.0507],[-121.9101,38.045],[-121.9832,38.0673],[-122.0284,38.0592],[-122.0611,38.0621],[-122.1232,38.0361],[-122.1676,38.0367],[-122.1839,38.054],[-122.2441,38.0638],[-122.2697,38.0603]]],[[[-122.1154,37.4664],[-122.1277,37.5001],[-122.1621,37.5002],[-122.2001,37.5266],[-122.2037,37.5402],[-122.2434,37.5528],[-122.2629,37.5739],[-122.3059,37.5755],[-122.3149,37.5912],[-122.3602,37.5925],[-122.3698,37.6027],[-122.3651,37.6281],[-122.3802,37.635],[-122.3743,37.6622],[-122.3876,37.6791],[-122.3942,37.7076],[-122.3648,37.7164],[-122.3593,37.7286],[-122.3869,37.7637],[-122.3877,37.7888],[-122.4095,37.8089],[-122.4638,37.8047],[-122.5145,37.7808],[-122.5065,37.7237],[-122.4968,37.6864],[-122.4941,37.644],[-122.5014,37.5996],[-122.5172,37.5906],[-122.5167,37.5213],[-122.4938,37.4923],[-122.4596,37.4927],[-122.446,37.4615],[-122.4437,37.4359],[-122.4233,37.3925],[-122.4008,37.3592],[-122.4117,37.2658],[-122.4185,37.2485],[-122.4051,37.1958],[-122.3948,37.1815],[-122.3671,37.1728],[-122.3609,37.1502],[-122.3378,37.1359],[-122.3389,37.1209],[-122.293,37.1073],[-122.3118,37.1475],[-122.3177,37.1869],[-122.2427,37.19],[-122.2426,37.2151],[-122.1528,37.2154],[-122.1523,37.2861],[-122.2015,37.358],[-122.191,37.3844],[-122.1905,37.431],[-122.1653,37.4528],[-122.1279,37.4527],[-122.1154,37.4664]]],[[[-123.0029,38.2957],[-122.9671,38.2496],[-122.9728,38.2296],[-122.9654,38.1871],[-122.9496,38.164],[-122.9609,38.113],[-123.0115,38.0034],[-122.9818,38.0091],[-122.9397,38.0319],[-122.8821,38.0253],[-122.8214,37.9967],[-122.7974,37.9767],[-122.7827,37.9485],[-122.7369,37.9258],[-122.7273,37.9046],[-122.7026,37.8938],[-122.6785,37.9066],[-122.642,37.8975],[-122.6241,37.8811],[-122.6013,37.8751],[-122.549,37.8362],[-122.5045,37.8211],[-122.4787,37.8256],[-122.4784,37.8595],[-122.4946,37.8663],[-122.501,37.8937],[-122.4751,37.8863],[-122.4685,37.8681],[-122.4383,37.881],[-122.4864,37.9219],[-122.4903,37.9648],[-122.4628,38.0034],[-122.4978,38.0194],[-122.4995,38.0322],[-122.4838,38.0718],[-122.486,38.1012],[-122.4988,38.1113],[-122.519,38.1397],[-122.5684,38.1768],[-122.6492,38.1811],[-122.7399,38.207],[-122.9017,38.3169],[-122.9468,38.3112],[-122.9661,38.317],[-123.0029,38.2957]]]]},"properties":{"GEOID":"41860","NAME":"San Francisco-Oakland-Berkeley, CA","LSAD":"M1"}},
{"type":"Feature","geometry":{"type":"Polygon","coordinates":[[[-82.2463,34.4097],[-82.3342,34.3426],[-82.3111,34.3204],[-82.3076,34.2775],[-82.2783,34.2588],[-82.2482,34.2206],[-82.2402,34.1917],[-82.2406,34.1634],[-82.2498,34.1344],[-82.2688,34.1071],[-82.3269,34.0641],[-82.3059,33.9718],[-82.2437,34.0179],[-82.2299,33.9999],[-82.2003,33.9786],[-82.1677,33.9731],[-82.1511,33.9865],[-82.0761,33.9788],[-82.0451,33.9834],[-82.047,33.9532],[-82.0083,33.9616],[-81.9893,33.9981],[-81.9461,34.0389],[-81.9158,34.091],[-81.9003,34.095],[-81.8701,34.1354],[-81.8957,34.1455],[-81.9267,34.1959],[-81.945,34.2031],[-81.9711,34.2222],[-81.9784,34.2381],[-82.0072,34.2415],[-82.0837,34.2992],[-82.134,34.3238],[-82.1693,34.3312],[-82.1732,34.3508],[-82.1969,34.375],[-82.2092,34.3758],[-82.2463,34.4097]]]},"properties":{"GEOID":"24940","NAME":"Greenwood, SC","LSAD":"M2"}},
{"type":"Feature","geometry":{"type":"Polygon","coordinates":[[[-89.7652,37.1261],[-89.7868,37.0878],[-89.7538,37.0299],[-89.72,36.9868],[-89.7149,36.9521],[-89.6867,36.928],[-89.6973,36.8741],[-89.6916,36.8595],[-89.606,36.8617],[-89.5667,36.8693],[-89.5198,36.8696],[-89.5015,36.8769],[-89.5015,36.9063],[-89.4652,36.9062],[-89.4654,36.9357],[-89.4299,36.9356],[-89.4113,36.9648],[-89.3751,36.9649],[-89.3743,36.9943],[-89.3472,37.0091],[-89.3133,37.0096],[-89.3783,37.0396],[-89.3852,37.0577],[-89.3756,37.0859],[-89.3842,37.1033],[-89.4145,37.1251],[-89.4352,37.1521],[-89.4619,37.1995],[-89.4675,37.2218],[-89.4607,37.2506],[-89.5071,37.244],[-89.5835,37.2403],[-89.6203,37.233],[-89.6205,37.2183],[-89.686,37.1985],[-89.7042,37.184],[-89.7038,37.155],[-89.7218,37.1406],[-89.7585,37.1406],[-89.7652,37.1261]]]},"properties":{"GEOID":"43460","NAME":"Sikeston, MO","LSAD":"M2"}},
{"type":"Feature","geometry":{"type":"Polygon","coordinates":[[[-123.7247,45.0444],[-123.725,44.739],[-123.7045,44.7212],[-123.6026,44.7212],[-123.3019,44.7198],[-123.149,44.7202],[-123.1338,44.7521],[-123.042,44.7377],[-123.0139,44.7149],[-123.0076,44.6879],[-122.9759,44.6976],[-122.9573,44.7211],[-122.9341,44.7158],[-122.8976,44.745],[-122.8471,44.7675],[-122.8252,44.7716],[-122.8007,44.7916],[-122.7196,44.7893],[-122.6909,44.7754],[-122.6152,44.7883],[-122.5644,44.7681],[-122.531,44.7668],[-122.5045,44.7498],[-122.4801,44.7558],[-122.4194,44.7535],[-122.3181,44.7592],[-122.2867,44.7524],[-122.2498,44.7219],[-122.2306,44.6979],[-122.1993,44.6962],[-122.1387,44.7252],[-122.1003,44.7072],[-122.033,44.6857],[-121.9802,44.6936],[-121.9595,44.6836],[-121.8,44.6834],[-121.785,44.7719],[-121.8124,44.7828],[-121.8088,44.8108],[-121.7648,44.8203],[-121.753,44.8299],[-121.7511,44.8567],[-121.7342,44.8857],[-122.2113,44.8857],[-122.401,44.8857],[-122.3996,44.9041],[-122.4415,44.904],[-122.4862,44.9227],[-122.5081,44.9196],[-122.5598,44.9652],[-122.5674,44.9826],[-122.5925,44.9889],[-122.5955,45.0196],[-122.6585,45.0359],[-122.6965,45.0547],[-122.75,45.1079],[-122.7855,45.1276],[-122.7633,45.1679],[-122.7454,45.216],[-122.7519,45.2425],[-122.7414,45.259],[-122.7848,45.2596],[-122.7848,45.2739],[-122.8348,45.2738],[-122.8672,45.253],[-122.8994,45.2567],[-122.9212,45.2682],[-122.9473,45.2675],[-122.9637,45.2848],[-123.0008,45.2593],[-122.9991,45.2241],[-123.0393,45.2219],[-123.0229,45.2015],[-123.0073,45.1595],[-123.0281,45.1413],[-122.9964,45.118],[-123.0687,45.0749],[-123.5022,45.0751],[-123.7244,45.0762],[-123.7247,45.0444]]]},"properties":{"GEOID":"41420","NAME":"Salem, OR","LSAD":"M1"}},
{"type":"Feature","geometry":{"type":"MultiPolygon","coordinates":[[[[-96.8302,28.1109],[-96.8441,28.1084],[-96.8739,28.1335],[-96.8873,28.1163],[-96.9255,28.0884],[-96.9337,28.056],[-96.9678,28.0175],[-96.9844,27.9844],[-96.9842,27.9632],[-97.0091,27.924],[-97.033,27.9128],[-97.0552,27.8473],[-97.0461,27.8395],[-97.0252,27.8798],[-96.9619,27.9559],[-96.9275,27.9916],[-96.8531,28.0608],[-96.8302,28.1109]]],[[[-97.0638,27.8516],[-97.0496,27.8786],[-97.0536,27.9023],[-97.0721,27.901],[-97.0572,27.8654],[-97.0638,27.8516]]],[[[-96.7987,28.2759],[-96.8096,28.2903],[-96.7915,28.319],[-97.1231,28.2728],[-97.1022,28.2265],[-97.0638,28.2079],[-97.0374,28.2013],[-97.0183,28.1835],[-97.0171,28.1506],[-96.9834,28.1249],[-96.9666,28.1724],[-96.9459,28.1965],[-96.9685,28.22],[-96.9507,28.2448],[-96.9124,28.2639],[-96.9403,28.2234],[-96.9236,28.1993],[-96.9449,28.149],[-96.9607,28.1231],[-96.9316,28.1239],[-96.8889,28.148],[-96.8629,28.1725],[-96.8455,28.1798],[-96.8094,28.2206],[-96.7987,28.2759]]],[[[-97.2608,28.0758],[-97.1338,27.9012],[-97.0872,27.9708],[-97.0684,27.9652],[-97.062,27.9961],[-97.0437,28.0281],[-97.0252,28.0321],[-97.0368,28.0759],[-97.025,28.1133],[-97.0487,28.1166],[-97.0542,28.0928],[-97.0996,28.0781],[-97.1389,28.0269],[-97.1619,28.0484],[-97.221,28.0745],[-97.2402,28.0615],[-97.2608,28.0758]]]]},"properties":{"GEOID":"40530","NAME":"Rockport, TX","LSAD":"M2"}},
{"type":"Feature","geometry":{"type":"Polygon","coordinates":[[[-121.3318,41.1839],[-121.3312,40.921],[-121.32,40.9059],[-121.323,40.4976],[-121.3278,40.4454],[-121.0614,40.4465],[-121.0615,40.2564],[-121.0415,40.2565],[-121.0415,40.2348],[-121.0039,40.2349],[-121.0037,40.221],[-120.9462,40.2208],[-120.9286,40.1919],[-120.8906,40.1921],[-120.8722,40.1994],[-120.8718,40.2416],[-120.8341,40.2562],[-120.8338,40.2707],[-120.796,40.2777],[-120.7968,40.3009],[-120.7738,40.3014],[-120.7644,40.316],[-120.7264,40.3084],[-120.6522,40.3077],[-120.6228,40.2857],[-120.5768,40.2854],[-120.5767,40.2638],[-120.5487,40.2636],[-120.5297,40.2492],[-120.4917,40.2348],[-120.4828,40.2058],[-120.4543,40.2058],[-120.4364,40.1696],[-120.4169,40.1694],[-120.408,40.1474],[-120.3794,40.1295],[-120.3414,40.1152],[-120.2752,40.1148],[-120.2468,40.1079],[-120.2469,40.0858],[-120.2096,40.086],[-120.2109,40.0428],[-120.2013,40.0135],[-120.1543,39.9685],[-120.1088,39.9395],[-120.1078,39.7942],[-120.1106,39.7658],[-120.1466,39.7364],[-120.1471,39.7077],[-120.0157,39.7087],[-120.0013,39.7224],[-119.9976,39.9565],[-119.9962,40.2625],[-119.9959,40.4999],[-119.9994,40.8731],[-119.9999,41.184],[-120.3875,41.1841],[-120.6676,41.1838],[-120.8826,41.184],[-121.3318,41.1839]]]},"properties":{"GEOID":"45000","NAME":"Susanville, CA","LSAD":"M2"}},
{"type":"Feature","geometry":{"type":"Polygon","coordinates":[[[-106.0063,36.9953],[-106.0047,36.9765],[-105.988,36.9405],[-105.9719,36.8862],[-105.9746,36.8375],[-105.9845,36.8114],[-105.9799,36.7673],[-105.981,36.7137],[-105.9709,36.6831],[-105.9718,36.6324],[-105.9557,36.5756],[-105.9524,36.5196],[-105.9418,36.4966],[-105.9388,36.4624],[-105.9555,36.4191],[-105.9519,36.3745],[-105.9603,36.3536],[-105.9986,36.3337],[-106.036,36.3267],[-106.0584,36.297],[-105.8569,36.2304],[-105.7614,36.1298],[-105.7359,36.1001],[-105.5304,36.013],[-105.5069,36.0208],[-105.4897,36.0373],[-105.4629,36.0784],[-105.42,36.1317],[-105.4218,36.1697],[-105.397,36.1916],[-105.3993,36.2298],[-105.3874,36.2528],[-105.3413,36.2619],[-105.3274,36.2772],[-105.3357,36.3015],[-105.329,36.3373],[-105.3362,36.3734],[-105.3251,36.3886],[-105.3396,36.4458],[-105.3494,36.4557],[-105.3267,36.5],[-105.3439,36.5112],[-105.3478,36.5321],[-105.3762,36.5496],[-105.3502,36.5725],[-105.3748,36.6086],[-105.3514,36.6369],[-105.3707,36.6807],[-105.3523,36.6972],[-105.3266,36.6979],[-105.3132,36.7232],[-105.2888,36.7279],[-105.2684,36.7168],[-105.2306,36.7238],[-105.224,36.7555],[-105.2353,36.7907],[-105.2244,36.8223],[-105.2294,36.8477],[-105.2001,36.9156],[-105.2362,36.9623],[-105.2362,36.9819],[-105.2205,36.9952],[-105.6275,36.9957],[-106.0063,36.9953]]]},"properties":{"GEOID":"45340","NAME":"Taos, NM","LSAD":"M2"}},
{"type":"Feature","geometry":{"type":"Polygon","coordinates":[[[-117.2281,46.4622],[-117.2288,46.4113],[-117.356,46.4122],[-117.3558,46.3976],[-117.3984,46.398],[-117.4193,46.3831],[-117.4195,46.122],[-117.48,46.122],[-117.4799,45.9979],[-117.3377,45.9987],[-116.9859,45.997],[-116.916,45.9954],[-116.876,45.9544],[-116.8665,45.917],[-116.8435,45.8923],[-116.8141,45.8776],[-116.7902,45.8552],[-116.7502,45.8693],[-116.7303,45.8945],[-116.7572,45.9402],[-116.7487,45.9615],[-116.7019,45.9973],[-116.7025,46.2378],[-116.6834,46.243],[-116.7135,46.3255],[-116.4901,46.3256],[-116.4689,46.351],[-116.4229,46.3426],[-116.3688,46.3432],[-116.3606,46.3611],[-116.3679,46.4164],[-116.4033,46.442],[-116.4104,46.4684],[-116.3691,46.4669],[-116.3697,46.5004],[-116.4517,46.4954],[-116.4559,46.5566],[-116.4561,46.6291],[-116.582,46.6285],[-116.6117,46.6312],[-116.6593,46.6118],[-116.7055,46.574],[-116.7191,46.5429],[-117.0397,46.5417],[-117.0398,46.4259],[-117.0579,46.4297],[-117.0862,46.4174],[-117.1516,46.4306],[-117.1999,46.4202],[-117.2065,46.4489],[-117.2281,46.4622]]]},"properties":{"GEOID":"30300","NAME":"Lewiston, ID-WA","LSAD":"M1"}},
{"type":"Feature","geometry":{"type":"Polygon","coordinates":[[[-86.5502,34.546],[-86.5644,34.4746],[-86.5813,34.3711],[-86.5819,34.3047],[-86.4775,34.3028],[-86.4594,34.2891],[-86.453,34.2593],[-86.409,34.205],[-86.3035,34.0991],[-86.2005,34.177],[-86.1672,34.1875],[-86.1056,34.1862],[-86.1061,34.2008],[-86.1104,34.4278],[-86.0577,34.476],[-86.0834,34.4646],[-86.1002,34.4972],[-86.0977,34.5125],[-86.1498,34.5336],[-86.1485,34.5991],[-86.3269,34.5994],[-86.3031,34.5926],[-86.3303,34.5661],[-86.3066,34.5607],[-86.3112,34.5393],[-86.3298,34.5131],[-86.3555,34.5235],[-86.389,34.4997],[-86.4124,34.4942],[-86.4239,34.4796],[-86.454,34.4838],[-86.4688,34.4757],[-86.5,34.4823],[-86.5281,34.4983],[-86.5502,34.546]]]},"properties":{"GEOID":"10700","NAME":"Albertville, AL","LSAD":"M2"}},
{"type":"Feature","geometry":{"type":"Polygon","coordinates":[[[-121.3318,41.1839],[-121.5032,41.1831],[-121.8197,41.1834],[-122.1261,41.183],[-122.1476,41.1846],[-122.3177,41.1849],[-122.4984,41.1827],[-122.454,41.1663],[-122.4486,41.1182],[-122.4571,41.0966],[-122.4933,41.086],[-122.5134,41.0882],[-122.5258,41.063],[-122.5278,41.0144],[-122.5692,40.985],[-122.5985,40.9758],[-122.6128,40.9212],[-122.6005,40.8997],[-122.625,40.8797],[-122.6397,40.845],[-122.6661,40.8259],[-122.6582,40.7876],[-122.7199,40.7394],[-122.7067,40.7257],[-122.7224,40.6955],[-122.7523,40.6896],[-122.71,40.6315],[-122.6988,40.5693],[-122.7231,40.5752],[-122.7852,40.5409],[-122.8005,40.5112],[-122.846,40.5052],[-122.847,40.4908],[-122.8895,40.4682],[-122.9052,40.4453],[-122.9279,40.4471],[-122.9556,40.4212],[-122.9987,40.4181],[-122.9966,40.3964],[-123.0195,40.3717],[-123.0642,40.3452],[-123.0654,40.287],[-123.0239,40.3039],[-122.9765,40.3152],[-122.9217,40.3067],[-122.8714,40.3486],[-122.8544,40.3431],[-122.7494,40.3655],[-122.6895,40.338],[-122.6503,40.3286],[-122.6102,40.3464],[-122.5786,40.368],[-122.5649,40.3655],[-122.52,40.3937],[-122.5018,40.3834],[-122.4705,40.3839],[-122.445,40.3734],[-122.3104,40.3711],[-122.2524,40.3869],[-122.1988,40.381],[-122.1936,40.3923],[-122.1294,40.3988],[-122.1047,40.4101],[-122.0099,40.4268],[-121.9509,40.4189],[-121.9019,40.421],[-121.8772,40.4369],[-121.8384,40.4375],[-121.8065,40.445],[-121.7349,40.4357],[-121.7201,40.4485],[-121.6859,40.4531],[-121.6458,40.4348],[-121.6089,40.4383],[-121.5897,40.4313],[-121.5651,40.4458],[-121.4976,40.4456],[-121.3278,40.4454],[-121.323,40.4976],[-121.32,40.9059],[-121.3312,40.921],[-121.3318,41.1839]]]},"properties":{"GEOID":"39820","NAME":"Redding, CA","LSAD":"M1"}},
{"type":"Feature","geometry":{"type":"Polygon","coordinates":[[[-84.5256,37.7695],[-84.4945,37.7475],[-84.5033,37.7344],[-84.4854,37.7111],[-84.4537,37.6912],[-84.4423,37.6626],[-84.4182,37.6417],[-84.3975,37.6],[-84.3753,37.5955],[-84.3693,37.573],[-84.3365,37.5361],[-84.263,37.5156],[-84.2484,37.5248],[-84.1995,37.5229],[-84.1718,37.5575],[-84.1421,37.5648],[-84.045,37.5636],[-83.9652,37.5814],[-83.9398,37.5732],[-83.9056,37.5429],[-83.8581,37.6092],[-83.8593,37.6213],[-83.8325,37.6363],[-83.8081,37.636],[-83.8241,37.663],[-83.7808,37.6878],[-83.7496,37.7148],[-83.7227,37.7289],[-83.7685,37.741],[-83.7797,37.7605],[-83.8199,37.7461],[-83.8327,37.765],[-83.8769,37.7521],[-83.9118,37.7667],[-83.9633,37.8001],[-83.9626,37.8446],[-83.993,37.8491],[-84.002,37.8376],[-84.076,37.8242],[-84.0774,37.8513],[-84.0885,37.8607],[-84.1159,37.8527],[-84.1282,37.8672],[-84.168,37.863],[-84.1868,37.8792],[-84.2227,37.8731],[-84.2614,37.8949],[-84.2724,37.9175],[-84.331,37.8963],[-84.3411,37.882],[-84.3753,37.9016],[-84.3839,37.8956],[-84.3666,37.8566],[-84.393,37.8475],[-84.4107,37.8713],[-84.4549,37.8403],[-84.4851,37.8406],[-84.462,37.8034],[-84.4763,37.802],[-84.5256,37.7695]]]},"properties":{"GEOID":"40080","NAME":"Richmond-Berea, KY","LSAD":"M2"}},
{"type":"Feature","geometry":{"type":"Polygon","coordinates":[[[-111.8053,45.7983],[-111.8054,45.7867],[-111.7633,45.7868],[-111.7633,45.7726],[-111.7218,45.7724],[-111.7217,45.7433],[-111.6597,45.7433],[-111.5363,45.6568],[-111.5362,45.6423],[-111.3514,45.6419],[-111.35,45.3505],[-111.373,45.3505],[-111.3722,44.9118],[-111.3775,44.9118],[-111.3771,44.7512],[-111.3552,44.7272],[-111.3374,44.7332],[-111.296,44.7021],[-111.2672,44.6646],[-111.2201,44.6221],[-111.24,44.6148],[-111.2275,44.5772],[-111.181,44.5692],[-111.1807,44.5549],[-111.1506,44.535],[-111.1307,44.5001],[-111.1009,44.4878],[-111.0524,44.4784],[-111.0536,44.6663],[-111.0546,45.001],[-111.0451,45.0009],[-111.0466,45.1763],[-111.0386,45.1764],[-111.0382,45.3514],[-110.9179,45.3513],[-110.9192,45.5249],[-110.8583,45.5249],[-110.8574,45.5906],[-110.7948,45.5907],[-110.7953,45.7863],[-110.7894,45.7863],[-110.7885,45.9049],[-110.7924,45.9888],[-110.7908,46.1418],[-110.7838,46.1927],[-111.1595,46.1928],[-111.1595,46.1878],[-111.3467,46.1878],[-111.3494,46.1226],[-111.3786,46.1133],[-111.3912,46.0921],[-111.4238,46.062],[-111.4196,45.9963],[-111.4636,45.9899],[-111.4641,45.9636],[-111.4954,45.9344],[-111.5347,45.9241],[-111.5487,45.9098],[-111.5877,45.9067],[-111.6129,45.8745],[-111.6505,45.8509],[-111.6601,45.8335],[-111.7055,45.7957],[-111.7559,45.8042],[-111.7882,45.7925],[-111.8053,45.7983]]]},"properties":{"GEOID":"14580","NAME":"Bozeman, MT","LSAD":"M2"}},
{"type":"Feature","geometry":{"type":"Polygon","coordinates":[[[-81.4775,36.2403],[-81.4558,36.2004],[-81.5004,36.1425],[-81.5455,36.1175],[-81.5084,36.097],[-81.4957,36.1006],[-81.4407,36.0732],[-81.4248,36.0778],[-81.4026,36.0657],[-81.387,36.0435],[-81.3449,36.0253],[-81.3285,35.9968],[-81.2954,36.0072],[-81.2685,36.025],[-81.1933,36.0367],[-81.1667,36.0257],[-81.1375,36.0364],[-81.0981,36.0282],[-81.0575,36.0316],[-81.0288,36.0457],[-80.9757,36.0588],[-80.8816,36.0557],[-80.8732,36.2363],[-80.8687,36.3264],[-80.8939,36.3418],[-80.9052,36.3605],[-80.9421,36.3736],[-80.9672,36.402],[-80.9947,36.3794],[-81.0267,36.3732],[-81.0438,36.3933],[-81.0443,36.4111],[-81.0778,36.4178],[-81.1014,36.4385],[-81.1477,36.4192],[-81.163,36.4325],[-81.1893,36.3994],[-81.2435,36.3661],[-81.2789,36.3631],[-81.3236,36.3768],[-81.3543,36.3556],[-81.3667,36.2859],[-81.4156,36.29],[-81.4297,36.2667],[-81.4735,36.2531],[-81.4775,36.2403]]]},"properties":{"GEOID":"35900","NAME":"North Wilkesboro, NC","LSAD":"M2"}},
{"type":"Feature","geometry":{"type":"Polygon","coordinates":[[[-78.1165,40.7391],[-78.2139,40.6868],[-78.222,40.6745],[-78.1968,40.6387],[-78.1664,40.6181],[-78.1842,40.5953],[-78.1783,40.5838],[-78.1971,40.5584],[-78.1766,40.5344],[-78.1473,40.5333],[-78.1536,40.4969],[-78.1296,40.4906],[-78.1569,40.4364],[-78.1863,40.3999],[-78.2164,40.3536],[-78.2357,40.3338],[-78.2573,40.2979],[-78.2362,40.2245],[-78.0793,40.1338],[-77.9259,40.1019],[-77.8645,40.0616],[-77.8594,40.0652],[-77.7964,40.1668],[-77.7683,40.2041],[-77.7242,40.2501],[-77.703,40.2636],[-77.7521,40.3785],[-77.7617,40.3687],[-77.8586,40.366],[-77.8891,40.3986],[-77.9138,40.3987],[-77.8359,40.4842],[-77.8168,40.5006],[-77.8418,40.55],[-77.821,40.5796],[-77.7725,40.6259],[-77.7516,40.6323],[-77.6871,40.6768],[-77.7084,40.6905],[-77.6766,40.7165],[-77.6813,40.7298],[-77.7103,40.7146],[-77.7187,40.7274],[-77.7685,40.7195],[-77.8245,40.7437],[-77.8943,40.7162],[-77.9442,40.6916],[-78.1165,40.7391]]]},"properties":{"GEOID":"26500","NAME":"Huntingdon, PA","LSAD":"M2"}},
{"type":"Feature","geometry":{"type":"Polygon","coordinates":[[[-73.363,43.7532],[-73.3506,43.7719],[-73.3793,43.8085],[-73.4996,43.7987],[-73.7572,43.7733],[-74.2146,43.7287],[-74.1601,43.3715],[-73.8844,43.398],[-73.859,43.3303],[-73.8258,43.3053],[-73.8261,43.2761],[-73.8358,43.2538],[-73.7929,43.2462],[-73.7758,43.228],[-73.744,43.2427],[-73.7385,43.2666],[-73.7056,43.2789],[-73.6419,43.2933],[-73.6428,43.3042],[-73.595,43.3061],[-73.6007,43.2688],[-73.5971,43.2444],[-73.5793,43.2089],[-73.5898,43.1705],[-73.5802,43.1529],[-73.5908,43.1395],[-73.5733,43.1005],[-73.5909,43.0232],[-73.6103,42.9813],[-73.6294,42.9721],[-73.6355,42.9413],[-73.4506,42.9446],[-73.4332,42.9582],[-73.3921,42.9526],[-73.3802,42.9437],[-73.2743,42.9437],[-73.2656,43.0962],[-73.2545,43.3147],[-73.2468,43.5258],[-73.2586,43.5649],[-73.2849,43.5793],[-73.3021,43.6244],[-73.3586,43.6251],[-73.376,43.6126],[-73.3981,43.5681],[-73.4286,43.584],[-73.4183,43.6233],[-73.4279,43.6344],[-73.4021,43.6931],[-73.3706,43.7253],[-73.363,43.7532]]]},"properties":{"GEOID":"24020","NAME":"Glens Falls, NY","LSAD":"M1"}},
{"type":"Feature","geometry":{"type":"Polygon","coordinates":[[[-71.4159,44.2122],[-71.3949,44.2147],[-71.3842,44.1788],[-71.3565,44.1658],[-71.3432,44.1235],[-71.3436,44.0921],[-71.3118,44.0918],[-71.306,44.1373],[-71.252,44.2443],[-71.0984,44.2355],[-71.0423,44.2375],[-71.0444,44.2838],[-71.0103,44.2849],[-71.0267,44.5581],[-71.031,44.6555],[-71.0446,44.845],[-71.059,45.0049],[-71.0769,45.2469],[-71.0839,45.3055],[-71.0978,45.3019],[-71.134,45.2442],[-71.1628,45.2503],[-71.1786,45.2414],[-71.203,45.2543],[-71.228,45.2497],[-71.263,45.2774],[-71.2837,45.302],[-71.3364,45.2731],[-71.3832,45.2349],[-71.4203,45.2327],[-71.3978,45.2036],[-71.4358,45.1397],[-71.4288,45.1239],[-71.4481,45.1121],[-71.4683,45.0841],[-71.4984,45.0696],[-71.4911,45.0418],[-71.5043,45.0082],[-71.5386,44.9873],[-71.5162,44.9641],[-71.5154,44.9269],[-71.496,44.9089],[-71.5343,44.8695],[-71.5455,44.8661],[-71.5797,44.7847],[-71.6319,44.7525],[-71.6262,44.729],[-71.5988,44.7033],[-71.5857,44.6579],[-71.5628,44.6524],[-71.5521,44.6301],[-71.5604,44.5998],[-71.5372,44.5853],[-71.5494,44.5696],[-71.5877,44.5658],[-71.5744,44.5406],[-71.5768,44.5041],[-71.6246,44.4752],[-71.6449,44.4752],[-71.6597,44.4415],[-71.7146,44.4096],[-71.7423,44.4014],[-71.7657,44.4063],[-71.6969,44.3321],[-71.6869,44.3366],[-71.587,44.3048],[-71.5758,44.2546],[-71.5074,44.2629],[-71.4697,44.2599],[-71.4433,44.2492],[-71.4159,44.2122]]]},"properties":{"GEOID":"13620","NAME":"Berlin, NH","LSAD":"M2"}},
{"type":"Feature","geometry":{"type":"MultiPolygon","coordinates":[[[[-75.8601,44.4033],[-75.913,44.3681],[-75.9702,44.3428],[-76.001,44.3475],[-76.0452,44.3317],[-76.0974,44.2995],[-76.1309,44.2966],[-76.1618,44.2808],[-76.1643,44.2396],[-76.1913,44.2212],[-76.2455,44.2037],[-76.3126,44.199],[-76.3527,44.1347],[-76.3473,44.1242],[-76.3697,44.1047],[-76.345,44.0862],[-76.3591,44.076],[-76.3153,44.0593],[-76.2963,44.0597],[-76.3013,44.0206],[-76.2659,43.9955],[-76.2841,43.9669],[-76.2719,43.9614],[-76.2372,43.9779],[-76.204,44.0194],[-76.2301,44.0286],[-76.2755,44.0151],[-76.2634,44.0527],[-76.2216,44.0666],[-76.2043,44.0543],[-76.1712,44.066],[-76.1456,44.055],[-76.1677,44.0346],[-76.1234,44.0244],[-76.1486,44.008],[-76.1875,43.9996],[-76.206,43.9852],[-76.1998,43.9683],[-76.159,43.959],[-76.1242,43.9698],[-76.0778,44.0025],[-76.061,43.9973],[-76.1304,43.9331],[-76.1273,43.8979],[-76.1532,43.8905],[-76.2023,43.8649],[-76.2374,43.8636],[-76.2603,43.8819],[-76.2974,43.8559],[-76.2374,43.8158],[-76.2132,43.7535],[-76.1997,43.6802],[-76.022,43.6681],[-76.0251,43.707],[-75.7746,43.6889],[-75.7868,43.7883],[-75.8505,43.7919],[-75.8406,43.884],[-75.7582,43.8788],[-75.6037,43.9714],[-75.5429,43.9678],[-75.55,44.0082],[-75.5018,44.0096],[-75.5027,44.0513],[-75.4845,44.0742],[-75.5459,44.103],[-75.4461,44.2177],[-75.6062,44.2896],[-75.6843,44.3228],[-75.8601,44.4033]]],[[[-76.446,43.8903],[-76.4279,43.8908],[-76.3902,43.9078],[-76.4064,43.9207],[-76.446,43.8903]]]]},"properties":{"GEOID":"48060","NAME":"Watertown-Fort Drum, NY","LSAD":"M1"}},
{"type":"Feature","geometry":{"type":"Polygon","coordinates":[[[-74.0274,44.9958],[-74.0075,44.8927],[-74.0067,44.8369],[-73.9864,44.7078],[-73.9661,44.7091],[-73.9459,44.5749],[-73.9329,44.5762],[-73.9097,44.4297],[-73.7011,44.4455],[-73.6745,44.4406],[-73.6272,44.4583],[-73.5713,44.4653],[-73.5409,44.4863],[-73.4954,44.4874],[-73.4701,44.5087],[-73.4638,44.5377],[-73.3386,44.5468],[-73.3568,44.5579],[-73.3818,44.5893],[-73.3898,44.6172],[-73.366,44.6976],[-73.3656,44.7418],[-73.3332,44.7888],[-73.3354,44.8046],[-73.3814,44.845],[-73.3562,44.9045],[-73.3385,44.9241],[-73.3387,44.9659],[-73.3546,44.9874],[-73.3431,45.0108],[-73.6397,45.0035],[-73.8746,45.0012],[-74.0274,44.9958]]]},"properties":{"GEOID":"38460","NAME":"Plattsburgh, NY","LSAD":"M2"}},
{"type":"Feature","geometry":{"type":"Polygon","coordinates":[[[-66.6495,18.1589],[-66.6813,18.1869],[-66.6926,18.2159],[-66.7606,18.2259],[-66.7773,18.2472],[-66.7944,18.2499],[-66.8035,18.2274],[-66.8333,18.228],[-66.8372,18.1927],[-66.8273,18.1712],[-66.8181,18.1505],[-66.7976,18.1334],[-66.7665,18.1349],[-66.7496,18.1137],[-66.7275,18.113],[-66.7177,18.1283],[-66.6941,18.1305],[-66.6768,18.0911],[-66.6878,18.053],[-66.6868,17.9915],[-66.6991,17.9775],[-66.6738,17.9671],[-66.6275,17.9827],[-66.6133,17.9633],[-66.5958,17.9705],[-66.579,17.9617],[-66.4933,17.99],[-66.4647,17.9909],[-66.4521,17.9819],[-66.4211,18.0193],[-66.427,18.0426],[-66.4312,18.0854],[-66.4194,18.1453],[-66.4292,18.1564],[-66.4328,18.1727],[-66.4446,18.1767],[-66.5028,18.165],[-66.5221,18.1524],[-66.5472,18.1531],[-66.5748,18.1682],[-66.5988,18.1699],[-66.6366,18.1517],[-66.6495,18.1589]]]},"properties":{"GEOID":"38660","NAME":"Ponce, PR","LSAD":"M1"}},
{"type":"Feature","geometry":{"type":"Polygon","coordinates":[[[-86.491,33.1029],[-86.5121,33.0859],[-86.506,33.0677],[-86.5201,33.057],[-86.5166,33.0232],[-86.5223,33.0044],[-86.5106,32.9854],[-86.5182,32.9705],[-86.516,32.9294],[-86.4905,32.9056],[-86.4787,32.8727],[-86.4469,32.854],[-86.4607,32.8335],[-86.457,32.8139],[-86.4134,32.7882],[-86.3967,32.7629],[-86.375,32.7536],[-85.9722,32.7549],[-85.8799,32.7545],[-85.9075,32.6993],[-85.9117,32.6778],[-85.8877,32.6476],[-85.8946,32.6147],[-85.8854,32.5431],[-85.8911,32.5169],[-85.8861,32.4931],[-85.7972,32.4942],[-85.7986,32.5811],[-85.7127,32.5818],[-85.6959,32.5959],[-85.6968,32.6974],[-85.6799,32.7125],[-85.6103,32.7139],[-85.5932,32.7285],[-85.5932,33.1073],[-85.8017,33.1043],[-85.9747,33.1053],[-85.9746,33.0905],[-86.0092,33.0903],[-86.0093,33.1046],[-86.1744,33.1044],[-86.491,33.1029]]]},"properties":{"GEOID":"10760","NAME":"Alexander City, AL","LSAD":"M2"}},
{"type":"Feature","geometry":{"type":"Polygon","coordinates":[[[-81.6436,34.5337],[-81.7022,34.456],[-81.7225,34.4497],[-81.7475,34.4196],[-81.7826,34.3651],[-81.8149,34.347],[-81.8363,34.3432],[-81.8613,34.3155],[-81.8953,34.3005],[-81.9032,34.2633],[-81.9267,34.2197],[-81.945,34.2031],[-81.9267,34.1959],[-81.8957,34.1455],[-81.8701,34.1354],[-81.8758,34.1682],[-81.8534,34.1801],[-81.8389,34.1722],[-81.7936,34.1693],[-81.7439,34.1792],[-81.7316,34.1876],[-81.6915,34.1729],[-81.6727,34.156],[-81.637,34.1462],[-81.6199,34.1247],[-81.5953,34.1185],[-81.5389,34.0817],[-81.5025,34.0739],[-81.4657,34.0876],[-81.4147,34.0742],[-81.3882,34.0793],[-81.4372,34.13],[-81.4037,34.1779],[-81.3748,34.179],[-81.3523,34.1967],[-81.3169,34.2395],[-81.3423,34.2669],[-81.3422,34.2969],[-81.3665,34.3258],[-81.3715,34.3504],[-81.3948,34.3871],[-81.4212,34.4538],[-81.4129,34.4679],[-81.4232,34.4944],[-81.4587,34.487],[-81.4846,34.49],[-81.5404,34.445],[-81.5529,34.4768],[-81.5884,34.4968],[-81.6178,34.5252],[-81.6436,34.5337]]]},"properties":{"GEOID":"35140","NAME":"Newberry, SC","LSAD":"M2"}},
{"type":"Feature","geometry":{"type":"Polygon","coordinates":[[[-93.4964,38.9428],[-93.3111,38.9361],[-93.106,38.9315],[-93.0505,38.9282],[-93.0482,38.9726],[-92.9346,39.0645],[-92.9074,39.0842],[-92.909,39.0955],[-92.9428,39.1035],[-92.9416,39.1259],[-92.9073,39.1445],[-92.9048,39.1662],[-92.8611,39.2002],[-92.8492,39.2262],[-92.8601,39.2365],[-92.9061,39.2223],[-92.9196,39.2316],[-92.9155,39.2534],[-92.959,39.283],[-92.9598,39.3125],[-93.0238,39.3131],[-93.0729,39.3355],[-93.0878,39.3789],[-93.1396,39.3786],[-93.1643,39.405],[-93.2007,39.4018],[-93.192,39.3657],[-93.2217,39.3313],[-93.2559,39.3378],[-93.2777,39.3115],[-93.3323,39.3096],[-93.3438,39.2871],[-93.329,39.2655],[-93.3333,39.25],[-93.3681,39.2333],[-93.4019,39.2269],[-93.4152,39.2418],[-93.4029,39.2601],[-93.4442,39.2685],[-93.4772,39.2928],[-93.4964,38.9428]]]},"properties":{"GEOID":"32180","NAME":"Marshall, MO","LSAD":"M2"}},
{"type":"Feature","geometry":{"type":"Polygon","coordinates":[[[-86.1914,31.9665],[-86.175,31.9306],[-86.1731,31.8918],[-86.1813,31.8717],[-86.1829,31.8324],[-86.1994,31.8079],[-86.1994,31.7905],[-86.1483,31.791],[-86.1471,31.6632],[-86.1787,31.6282],[-86.1459,31.6177],[-85.9999,31.6193],[-85.7891,31.618],[-85.7483,31.618],[-85.7298,31.6324],[-85.7161,31.6605],[-85.7165,31.6886],[-85.6956,31.7478],[-85.6712,31.7609],[-85.6657,31.7862],[-85.6777,31.8522],[-85.6577,31.8803],[-85.791,31.8804],[-85.79,31.9673],[-85.8843,31.9673],[-85.8927,31.9891],[-85.8937,32.0474],[-85.9118,32.0548],[-85.9969,32.051],[-85.9956,31.9676],[-86.1914,31.9665]]]},"properties":{"GEOID":"45980","NAME":"Troy, AL","LSAD":"M2"}},
{"type":"Feature","geometry":{"type":"Polygon","coordinates":[[[-119.269,37.7392],[-119.2431,37.7691],[-119.2213,37.7791],[-119.2013,37.8043],[-119.2141,37.8715],[-119.2001,37.8845],[-119.2267,37.9066],[-119.2656,37.9138],[-119.264,37.9265],[-119.3084,37.9468],[-119.322,37.969],[-119.3046,38.0239],[-119.3125,38.0457],[-119.3498,38.0856],[-119.3802,38.0925],[-119.397,38.1068],[-119.424,38.1074],[-119.4544,38.0961],[-119.4695,38.1283],[-119.5765,38.1577],[-119.6264,38.2047],[-119.6244,38.2287],[-119.6049,38.2342],[-119.6132,38.2614],[-119.6514,38.2866],[-119.6425,38.2938],[-119.6392,38.3269],[-119.7,38.3652],[-119.6987,38.4061],[-119.7129,38.4185],[-119.7535,38.4168],[-119.8016,38.4014],[-119.8847,38.3562],[-120.0186,38.4324],[-120.0679,38.4155],[-120.0879,38.4034],[-120.1349,38.3965],[-120.1766,38.3735],[-120.2052,38.3296],[-120.2227,38.3198],[-120.2564,38.2857],[-120.3076,38.2244],[-120.3399,38.1782],[-120.3762,38.1426],[-120.388,38.1152],[-120.4084,38.1039],[-120.4106,38.0879],[-120.4539,38.0413],[-120.4673,38.0136],[-120.4921,38.0112],[-120.4998,37.9954],[-120.5328,37.9922],[-120.515,37.9534],[-120.5352,37.9444],[-120.5373,37.9275],[-120.5875,37.8952],[-120.609,37.8727],[-120.6338,37.8606],[-120.6533,37.8319],[-120.5419,37.7499],[-120.3876,37.6337],[-120.3751,37.6522],[-120.3953,37.6723],[-120.3919,37.6836],[-120.348,37.6712],[-120.3259,37.649],[-120.3064,37.6658],[-120.3454,37.7248],[-120.3153,37.7339],[-120.2865,37.7294],[-120.2647,37.736],[-120.2396,37.7634],[-120.2014,37.7632],[-120.1835,37.7749],[-120.183,37.7933],[-120.1272,37.7816],[-120.0891,37.8123],[-120.0795,37.8288],[-120.0553,37.8132],[-120.0266,37.8119],[-119.9649,37.7828],[-119.9384,37.763],[-119.907,37.7579],[-119.8643,37.772],[-119.852,37.7577],[-119.8279,37.7682],[-119.804,37.7597],[-119.7507,37.7736],[-119.746,37.7829],[-119.6914,37.7995],[-119.6672,37.8012],[-119.6509,37.8208],[-119.6462,37.8468],[-119.6009,37.8592],[-119.5864,37.8901],[-119.5659,37.9017],[-119.534,37.9029],[-119.5038,37.8686],[-119.4769,37.8596],[-119.4515,37.871],[-119.4073,37.8549],[-119.4047,37.8372],[-119.3523,37.8263],[-119.355,37.8118],[-119.3218,37.794],[-119.309,37.778],[-119.2934,37.7679],[-119.2884,37.745],[-119.269,37.7392]]]},"properties":{"GEOID":"43760","NAME":"Sonora, CA","LSAD":"M2"}},
{"type":"Feature","geometry":{"type":"Polygon","coordinates":[[[-99.0334,38.4209],[-99.0323,38.2612],[-98.7847,38.2609],[-98.4798,38.2608],[-98.4806,38.4201],[-98.48,38.6969],[-98.7014,38.6967],[-99.033,38.6968],[-99.0334,38.4209]]]},"properties":{"GEOID":"24460","NAME":"Great Bend, KS","LSAD":"M2"}},
{"type":"Feature","geometry":{"type":"Polygon","coordinates":[[[-94.4185,47.8458],[-94.419,47.7589],[-94.4163,47.5939],[-94.4143,47.5865],[-94.4163,47.4448],[-94.3926,47.4277],[-94.3275,47.4158],[-94.118,47.4807],[-94.0799,47.4685],[-94.0615,47.4382],[-94.0279,47.4086],[-94.0427,47.3788],[-94.0271,47.352],[-93.9741,47.3381],[-93.9364,47.3058],[-93.9015,47.3019],[-93.8831,47.3173],[-93.8556,47.3194],[-93.8095,47.3036],[-93.7841,47.2755],[-93.8088,47.2326],[-93.7739,47.2113],[-93.7753,47.0304],[-93.315,47.0282],[-93.1913,47.0252],[-93.0561,47.0264],[-93.056,47.1093],[-93.0663,47.1094],[-93.0646,47.3715],[-93.0696,47.4002],[-93.0629,47.5878],[-93.0615,47.7204],[-93.082,47.7206],[-93.0837,47.8065],[-93.0809,47.8919],[-93.466,47.8951],[-93.5729,47.8982],[-93.7758,47.899],[-93.7762,47.8464],[-93.9716,47.8474],[-94.4185,47.8458]]]},"properties":{"GEOID":"24330","NAME":"Grand Rapids, MN","LSAD":"M2"}},
{"type":"Feature","geometry":{"type":"Polygon","coordinates":[[[-112.5771,46.179],[-112.6152,46.1654],[-112.6401,46.1743],[-112.681,46.1357],[-112.7771,46.1358],[-112.7777,46.0483],[-112.8528,46.0484],[-112.8837,45.9981],[-112.9228,46.0044],[-112.939,45.993],[-112.9283,45.9272],[-112.9599,45.9227],[-112.9653,45.9055],[-113.0133,45.8842],[-113.0241,45.8714],[-113.0608,45.8697],[-113.0855,45.8606],[-113.0247,45.8297],[-113.0008,45.8083],[-112.9271,45.8014],[-112.9025,45.7803],[-112.8236,45.7743],[-112.7992,45.7588],[-112.7593,45.7482],[-112.7478,45.7294],[-112.7536,45.7115],[-112.7363,45.6862],[-112.7012,45.6765],[-112.6882,45.6284],[-112.6007,45.6613],[-112.5776,45.6781],[-112.55,45.6842],[-112.5241,45.7076],[-112.5155,45.7467],[-112.4853,45.759],[-112.4618,45.7426],[-112.1903,45.7485],[-112.2146,45.7656],[-112.2621,45.7754],[-112.2668,45.7863],[-112.4014,45.8319],[-112.4305,45.8539],[-112.4043,45.888],[-112.4313,45.9295],[-112.4299,45.9584],[-112.4446,46.002],[-112.442,46.0295],[-112.477,46.0517],[-112.4618,46.0758],[-112.4663,46.0927],[-112.5009,46.1122],[-112.52,46.1364],[-112.5168,46.1646],[-112.5771,46.179]]]},"properties":{"GEOID":"15580","NAME":"Butte-Silver Bow, MT","LSAD":"M2"}},
{"type":"Feature","geometry":{"type":"MultiPolygon","coordinates":[[[[-89.1311,30.231],[-89.1104,30.215],[-89.0851,30.2132],[-89.078,30.2295],[-89.1311,30.231]]],[[[-89.3408,30.9099],[-89.3414,30.6477],[-89.5442,30.6484],[-89.5445,30.5169],[-89.5959,30.5171],[-89.5957,30.5025],[-89.6471,30.5027],[-89.647,30.4589],[-89.6898,30.4593],[-89.6785,30.414],[-89.6837,30.4059],[-89.6572,30.3565],[-89.6297,30.3393],[-89.6262,30.3143],[-89.6474,30.2913],[-89.6314,30.2797],[-89.6318,30.2569],[-89.6162,30.2474],[-89.6171,30.2275],[-89.5702,30.1803],[-89.547,30.1931],[-89.5281,30.189],[-89.4977,30.1823],[-89.4494,30.204],[-89.4207,30.2294],[-89.4142,30.2578],[-89.387,30.2667],[-89.3677,30.2838],[-89.3299,30.3029],[-89.3223,30.3193],[-89.3459,30.3436],[-89.3724,30.3334],[-89.376,30.3493],[-89.3494,30.371],[-89.3149,30.3761],[-89.2687,30.3406],[-89.2918,30.3281],[-89.2914,30.3033],[-89.2718,30.3055],[-89.1868,30.3312],[-89.0781,30.37],[-89.0164,30.3846],[-88.922,30.3938],[-88.8618,30.3918],[-88.8701,30.4242],[-88.8102,30.3947],[-88.7469,30.3476],[-88.7006,30.3437],[-88.6638,30.3621],[-88.6115,30.356],[-88.5836,30.3658],[-88.5798,30.3458],[-88.5269,30.3424],[-88.5041,30.3201],[-88.4801,30.3183],[-88.4538,30.3296],[-88.4499,30.3548],[-88.4124,30.358],[-88.395,30.3694],[-88.4039,30.5434],[-88.4125,30.7356],[-88.47,30.735],[-88.8341,30.7342],[-88.8845,30.7356],[-88.885,30.9108],[-89.1536,30.9099],[-89.3408,30.9099]]]]},"properties":{"GEOID":"25060","NAME":"Gulfport-Biloxi, MS","LSAD":"M1"}},
{"type":"Feature","geometry":{"type":"Polygon","coordinates":[[[-80.4941,39.4696],[-80.5127,39.4586],[-80.5199,39.4343],[-80.5376,39.4304],[-80.5811,39.4506],[-80.6485,39.443],[-80.6587,39.433],[-80.7149,39.4293],[-80.7333,39.3955],[-80.8294,39.3432],[-80.9138,39.2729],[-80.813,39.1094],[-80.7009,39.0904],[-80.6814,39.1215],[-80.653,39.1405],[-80.6373,39.1376],[-80.5941,39.1664],[-80.5782,39.1678],[-80.5464,39.1517],[-80.4674,39.1457],[-80.4512,39.1385],[-80.3014,39.104],[-80.2488,39.1008],[-80.2287,39.1144],[-80.2244,39.1713],[-80.1664,39.2423],[-80.15,39.2383],[-80.0229,39.248],[-79.961,39.2689],[-79.9366,39.2972],[-79.9261,39.2887],[-79.8955,39.2996],[-79.8947,39.4356],[-79.9389,39.4525],[-80.0112,39.4174],[-80.025,39.4015],[-80.0868,39.3865],[-80.0966,39.4008],[-80.1227,39.4012],[-80.1963,39.3927],[-80.2828,39.4358],[-80.2937,39.4343],[-80.4941,39.4696]]]},"properties":{"GEOID":"17220","NAME":"Clarksburg, WV","LSAD":"M2"}},
{"type":"Feature","geometry":{"type":"Polygon","coordinates":[[[-112.0478,47.516],[-112.0448,47.1927],[-111.9774,47.1839],[-111.9421,47.1436],[-111.8749,47.1287],[-111.7893,47.1289],[-111.7902,46.9138],[-111.6581,46.9134],[-111.5392,46.9134],[-111.5394,47.0006],[-111.2853,47.001],[-111.2852,47.0117],[-111.1584,47.0118],[-111.1586,47.0883],[-111.0809,47.088],[-111.0768,47.0453],[-111.1027,47.0297],[-111.0723,47.0057],[-110.9964,47.0051],[-110.9134,46.9808],[-110.8868,46.9575],[-110.859,46.9461],[-110.8557,46.9212],[-110.805,46.9019],[-110.7608,46.8966],[-110.7521,46.8596],[-110.7246,46.8397],[-110.6961,46.8433],[-110.6789,46.8248],[-110.6529,46.8215],[-110.6364,46.8372],[-110.6363,46.9239],[-110.6452,47.0959],[-110.7707,47.0965],[-110.7728,47.1839],[-110.7666,47.2345],[-110.7881,47.2491],[-110.7883,47.3078],[-110.7723,47.3079],[-110.7671,47.3591],[-110.6389,47.359],[-110.6406,47.4463],[-110.7691,47.4461],[-110.7685,47.5256],[-110.8646,47.5247],[-110.891,47.5461],[-110.9229,47.543],[-110.9653,47.5638],[-111.0025,47.5724],[-111.0439,47.5916],[-111.0473,47.61],[-111.0165,47.655],[-110.9762,47.6987],[-111.2195,47.6977],[-111.6665,47.6978],[-111.6663,47.6113],[-111.9226,47.6113],[-111.9228,47.5051],[-111.9994,47.5073],[-112.0478,47.516]]]},"properties":{"GEOID":"24500","NAME":"Great Falls, MT","LSAD":"M1"}},
{"type":"Feature","geometry":{"type":"Polygon","coordinates":[[[-88.7107,37.3371],[-88.7106,37.4287],[-88.7076,37.6871],[-88.7068,37.8635],[-88.9466,37.862],[-89.1512,37.862],[-89.1508,37.9502],[-89.3005,37.9508],[-89.5951,37.9553],[-89.658,37.8555],[-89.6603,37.8384],[-89.6807,37.8227],[-89.6604,37.7863],[-89.668,37.7595],[-89.6495,37.7455],[-89.6173,37.7497],[-89.5833,37.7133],[-89.5257,37.6984],[-89.512,37.6855],[-89.5177,37.6412],[-89.4784,37.5989],[-89.4532,37.6],[-89.2197,37.5986],[-89.149,37.6003],[-89.0414,37.5966],[-89.044,37.4786],[-89.0447,37.2941],[-89.0184,37.3091],[-88.9918,37.3099],[-88.9558,37.2975],[-88.9288,37.3028],[-88.8976,37.3175],[-88.9051,37.3357],[-88.7287,37.3353],[-88.7107,37.3371]]]},"properties":{"GEOID":"16060","NAME":"Carbondale-Marion, IL","LSAD":"M1"}},
{"type":"Feature","geometry":{"type":"Polygon","coordinates":[[[-117.973,45.8606],[-117.9729,45.8169],[-118.045,45.8171],[-118.0451,45.7735],[-118.0665,45.7735],[-118.0664,45.6884],[-118.1172,45.6886],[-118.1184,45.5147],[-118.1165,45.4707],[-118.198,45.4704],[-118.1981,45.4272],[-118.3663,45.429],[-118.4048,45.4426],[-118.4285,45.429],[-118.4283,45.3552],[-118.6131,45.355],[-118.6132,45.3399],[-118.6978,45.3456],[-118.697,45.2577],[-118.6561,45.2577],[-118.656,45.1969],[-118.5466,45.1969],[-118.5477,45.0808],[-118.5187,45.0807],[-118.5187,44.9959],[-118.4691,44.9949],[-118.4374,44.9848],[-118.4361,44.9624],[-118.4053,44.975],[-118.3466,44.987],[-118.2513,44.9564],[-118.2139,44.9892],[-118.1949,45.0173],[-118.161,45.0157],[-118.1304,45.045],[-118.0921,45.0412],[-118.0695,45.0169],[-118.0033,44.9948],[-117.9688,44.9959],[-117.9061,45.0302],[-117.8854,45.0567],[-117.8434,45.0585],[-117.8181,45.0259],[-117.7934,45.0258],[-117.7775,44.9922],[-117.564,44.9929],[-117.5635,45.0794],[-117.266,45.0806],[-117.266,45.1665],[-117.4767,45.1665],[-117.4768,45.21],[-117.5209,45.2098],[-117.5222,45.2677],[-117.5422,45.2674],[-117.5421,45.296],[-117.5822,45.3102],[-117.5823,45.3381],[-117.6435,45.3369],[-117.6435,45.3653],[-117.6634,45.3657],[-117.6641,45.4283],[-117.6838,45.4284],[-117.684,45.5152],[-117.7272,45.5148],[-117.7272,45.617],[-117.746,45.6166],[-117.7461,45.6607],[-117.7671,45.6602],[-117.7669,45.6896],[-117.7876,45.6896],[-117.7884,45.7735],[-117.7476,45.7736],[-117.7473,45.8611],[-117.973,45.8606]]]},"properties":{"GEOID":"29260","NAME":"La Grande, OR","LSAD":"M2"}},
{"type":"Feature","geometry":{"type":"Polygon","coordinates":[[[-92.7247,33.0143],[-92.7254,32.7594],[-92.637,32.7593],[-92.5939,32.7558],[-92.5713,32.7486],[-92.5455,32.7181],[-92.5191,32.7204],[-92.519,32.6708],[-92.4152,32.6703],[-92.4155,32.4956],[-92.4156,32.408],[-92.312,32.321],[-92.3122,32.2773],[-92.1655,32.2769],[-92.1526,32.2588],[-92.1063,32.2587],[-92.1065,32.2769],[-92.0345,32.2772],[-92.0198,32.2976],[-92.0094,32.3381],[-92.0043,32.3805],[-91.942,32.4571],[-91.9322,32.4925],[-91.9002,32.5159],[-91.8872,32.5439],[-91.8664,32.5225],[-91.8392,32.5186],[-91.8377,32.5435],[-91.8108,32.5695],[-91.7698,32.5544],[-91.7397,32.5613],[-91.7348,32.5879],[-91.706,32.6132],[-91.672,32.6112],[-91.6471,32.6399],[-91.6376,32.6673],[-91.622,32.6799],[-91.6388,32.7017],[-91.5972,32.7489],[-91.6053,32.783],[-91.5736,32.8254],[-91.567,32.855],[-91.5347,32.8775],[-91.5115,32.879],[-91.4758,32.9297],[-91.4563,32.9658],[-91.4439,32.9717],[-91.4358,33.0061],[-91.6267,33.0066],[-92.069,33.0082],[-92.2228,33.0091],[-92.7247,33.0143]]]},"properties":{"GEOID":"33740","NAME":"Monroe, LA","LSAD":"M1"}},
{"type":"Feature","geometry":{"type":"Polygon","coordinates":[[[-95.1272,35.6388],[-95.1273,35.5518],[-95.1323,35.5261],[-95.1208,35.5057],[-95.0961,35.4857],[-95.0883,35.4648],[-95.0499,35.4589],[-95.0242,35.4523],[-95.0242,35.4314],[-95.0065,35.4146],[-94.9489,35.4073],[-94.9257,35.3928],[-94.9018,35.3979],[-94.8947,35.3731],[-94.9119,35.3467],[-94.8659,35.3566],[-94.8421,35.3711],[-94.8292,35.3619],[-94.8238,35.3294],[-94.7944,35.3271],[-94.7784,35.3509],[-94.7502,35.357],[-94.73,35.352],[-94.6849,35.3273],[-94.6688,35.295],[-94.648,35.2912],[-94.6159,35.3041],[-94.5948,35.328],[-94.5691,35.3256],[-94.5546,35.3102],[-94.4946,35.3011],[-94.4811,35.3095],[-94.4948,35.3298],[-94.4805,35.3523],[-94.4836,35.3694],[-94.446,35.3801],[-94.4316,35.3695],[-94.4389,35.1872],[-94.4479,34.9341],[-94.4302,34.9307],[-94.4094,34.9499],[-94.3922,34.9435],[-94.3607,34.9608],[-94.348,34.947],[-94.3242,34.9559],[-94.2933,34.953],[-94.2305,34.9685],[-94.2282,35.0575],[-94.2229,35.0794],[-94.1951,35.0789],[-94.1769,35.0929],[-94.1405,35.0997],[-94.1393,35.1435],[-94.0312,35.1409],[-94.0281,35.2313],[-93.9202,35.2296],[-93.9171,35.319],[-93.8101,35.313],[-93.8069,35.4242],[-93.7865,35.3937],[-93.755,35.3672],[-93.71,35.3752],[-93.6959,35.7686],[-93.9106,35.7743],[-93.9108,35.7598],[-94.1243,35.7648],[-94.1249,35.7503],[-94.3388,35.7565],[-94.4929,35.7592],[-94.4726,35.6386],[-94.8078,35.6385],[-95.1272,35.6388]]]},"properties":{"GEOID":"22900","NAME":"Fort Smith, AR-OK","LSAD":"M1"}},
{"type":"Feature","geometry":{"type":"Polygon","coordinates":[[[-88.4253,45.7224],[-88.4256,45.4635],[-88.4281,45.377],[-88.3058,45.3745],[-88.3091,45.2016],[-88.1864,45.198],[-88.1892,45.1118],[-88.1189,45.1102],[-88.1212,45.0236],[-87.943,45.0204],[-87.9444,44.9931],[-87.8834,44.9905],[-87.7601,44.9905],[-87.7624,44.9666],[-87.6733,44.9751],[-87.6289,44.9867],[-87.6257,45.0452],[-87.6113,45.0742],[-87.5874,45.0871],[-87.6101,45.1141],[-87.5998,45.1505],[-87.5634,45.1841],[-87.5397,45.1942],[-87.4609,45.2775],[-87.3921,45.3694],[-87.3621,45.3919],[-87.3587,45.4043],[-87.3264,45.4299],[-87.3331,45.4472],[-87.2882,45.5009],[-87.2639,45.5505],[-87.3275,45.5513],[-87.3252,45.7546],[-87.3254,45.8987],[-87.3677,45.899],[-87.3678,45.9853],[-87.6171,45.986],[-87.6174,45.8988],[-87.6969,45.8988],[-87.6972,45.723],[-87.8454,45.7227],[-87.8798,45.7548],[-87.9465,45.7567],[-87.9864,45.7696],[-87.9934,45.7956],[-88.0583,45.7807],[-88.0593,45.7131],[-88.1782,45.7181],[-88.4253,45.7224]]]},"properties":{"GEOID":"31940","NAME":"Marinette, WI-MI","LSAD":"M2"}},
{"type":"Feature","geometry":{"type":"Polygon","coordinates":[[[-82.0411,31.3737],[-82.0408,31.3625],[-82.0118,31.317],[-81.9921,31.3079],[-81.9972,31.2887],[-82.0149,31.2772],[-82.0487,31.2723],[-82.0715,31.276],[-82.1148,31.2704],[-82.1455,31.2524],[-82.1464,31.228],[-82.1828,31.206],[-82.2241,31.2199],[-82.2401,31.2171],[-82.2846,31.2244],[-82.2843,31.1922],[-82.2499,31.1819],[-82.2329,31.1696],[-82.2087,31.1709],[-82.2083,31.0848],[-82.1636,31.0486],[-82.1317,31.0107],[-82.0812,31.0106],[-82.0609,31.0758],[-81.936,31.048],[-81.924,31.088],[-81.9112,31.0971],[-81.8407,31.0977],[-81.8191,31.1365],[-81.8016,31.1513],[-81.7641,31.1545],[-81.7217,31.1486],[-81.6862,31.1224],[-81.6653,31.1251],[-81.6295,31.11],[-81.5578,31.1219],[-81.5719,31.0993],[-81.5567,31.0808],[-81.5398,31.0838],[-81.5266,31.0632],[-81.4925,31.0545],[-81.4863,31.0346],[-81.4569,31.0372],[-81.4431,31.0167],[-81.4205,31.0167],[-81.4013,31.0728],[-81.4095,31.1206],[-81.3658,31.1479],[-81.3311,31.197],[-81.2905,31.2177],[-81.2712,31.2659],[-81.2795,31.2717],[-81.2876,31.3105],[-81.2829,31.3265],[-81.2943,31.3686],[-81.2686,31.383],[-81.2469,31.4228],[-81.2049,31.4731],[-81.1793,31.5163],[-81.1983,31.537],[-81.2367,31.5292],[-81.2629,31.4958],[-81.2952,31.5215],[-81.2983,31.5335],[-81.2765,31.5485],[-81.2161,31.5584],[-81.1922,31.5803],[-81.1901,31.5981],[-81.2222,31.6304],[-81.2619,31.6501],[-81.3024,31.6507],[-81.3145,31.6594],[-81.3402,31.6473],[-81.3556,31.6547],[-81.3961,31.6425],[-81.4178,31.652],[-81.4342,31.6411],[-81.4557,31.6598],[-81.4657,31.6942],[-81.4918,31.6996],[-81.566,31.5765],[-81.6222,31.5513],[-81.6632,31.5387],[-81.6582,31.5101],[-81.6123,31.4683],[-81.665,31.3999],[-81.692,31.4005],[-81.6981,31.3679],[-81.7252,31.3272],[-81.8011,31.3637],[-81.8452,31.3547],[-81.9232,31.3459],[-82.0311,31.3662],[-82.0411,31.3737]]]},"properties":{"GEOID":"15260","NAME":"Brunswick, GA","LSAD":"M1"}},
{"type":"Feature","geometry":{"type":"Polygon","coordinates":[[[-73.023,42.7411],[-73.0237,42.7027],[-72.9497,42.7051],[-72.9933,42.671],[-72.9549,42.6658],[-72.951,42.641],[-72.979,42.5416],[-72.9686,42.54],[-73.0117,42.3797],[-73.0658,42.3891],[-73.0629,42.329],[-73.0313,42.3093],[-73.0003,42.3126],[-73.0043,42.2513],[-73.0349,42.1437],[-73.0711,42.1482],[-73.0614,42.1194],[-73.0731,42.0942],[-73.0547,42.0576],[-73.0533,42.0399],[-73.0088,42.0389],[-72.8135,42.0365],[-72.8167,41.9976],[-72.7667,42.003],[-72.7517,42.0302],[-72.6959,42.0368],[-72.5732,42.0301],[-72.5281,42.0343],[-72.1357,42.0302],[-72.135,42.1618],[-72.1993,42.1537],[-72.2006,42.1613],[-72.2639,42.1838],[-72.2628,42.2025],[-72.2181,42.2486],[-72.2108,42.3114],[-72.2746,42.302],[-72.2842,42.3521],[-72.3122,42.3428],[-72.314,42.3992],[-72.3056,42.4204],[-72.2833,42.4412],[-72.2913,42.4795],[-72.2449,42.5134],[-72.2691,42.5334],[-72.2764,42.5774],[-72.2547,42.6116],[-72.2278,42.6161],[-72.2295,42.6627],[-72.272,42.6747],[-72.283,42.7216],[-72.4585,42.7269],[-72.9303,42.7392],[-73.023,42.7411]]]},"properties":{"GEOID":"44140","NAME":"Springfield, MA","LSAD":"M1"}},
{"type":"Feature","geometry":{"type":"Polygon","coordinates":[[[-83.8904,45.0305],[-83.8885,44.8565],[-83.7461,44.857],[-83.5261,44.8595],[-83.3215,44.8585],[-83.3156,44.8782],[-83.3662,44.8905],[-83.3991,44.906],[-83.4253,44.9267],[-83.4437,44.9522],[-83.4459,44.9808],[-83.4641,44.9962],[-83.4547,45.033],[-83.4379,45.055],[-83.3886,45.0766],[-83.3408,45.0423],[-83.2642,45.0236],[-83.2784,45.0458],[-83.3153,45.0526],[-83.3155,45.126],[-83.3291,45.1457],[-83.368,45.1725],[-83.3885,45.2071],[-83.5139,45.2071],[-83.6574,45.2046],[-83.7521,45.205],[-83.8812,45.2021],[-83.8829,45.1595],[-83.8802,45.0306],[-83.8904,45.0305]]]},"properties":{"GEOID":"10980","NAME":"Alpena, MI","LSAD":"M2"}},
{"type":"Feature","geometry":{"type":"Polygon","coordinates":[[[-95.0431,40.1301],[-95.0368,40.1156],[-95.0435,40.0784],[-95.0587,40.0661],[-95.0105,40.0468],[-95.0041,39.9972],[-94.9888,39.9427],[-95.0054,39.9274],[-94.9934,39.8978],[-95.0187,39.8974],[-95.0378,39.8655],[-95.0815,39.8617],[-95.1406,39.8817],[-95.1438,39.9019],[-95.1795,39.9001],[-95.2057,39.9083],[-95.2013,39.9342],[-95.2414,39.9449],[-95.2699,39.9694],[-95.3025,39.9844],[-95.3083,40],[-95.3399,40],[-95.3397,39.653],[-95.1152,39.6525],[-95.0854,39.6151],[-95.0534,39.6153],[-95.0464,39.6016],[-95.0569,39.5806],[-95.1075,39.5738],[-95.1136,39.5539],[-95.1029,39.5333],[-94.6012,39.5302],[-94.6023,39.7472],[-94.3232,39.7472],[-94.206,39.7458],[-94.2058,39.789],[-94.2035,40.0345],[-94.3314,40.0393],[-94.6066,40.0392],[-94.6059,40.1261],[-94.785,40.127],[-95.0431,40.1301]]]},"properties":{"GEOID":"41140","NAME":"St. Joseph, MO-KS","LSAD":"M1"}},
{"type":"Feature","geometry":{"type":"Polygon","coordinates":[[[-84.8635,30.7115],[-84.8579,30.6984],[-84.8875,30.6638],[-84.9081,30.6195],[-84.8833,30.6056],[-84.8826,30.5331],[-84.8158,30.5331],[-84.8156,30.5185],[-84.7818,30.5187],[-84.7811,30.4598],[-84.7141,30.4604],[-84.7141,30.4172],[-84.6805,30.4173],[-84.6794,30.3682],[-84.6854,30.3499],[-84.7151,30.3301],[-84.701,30.319],[-84.7292,30.2874],[-84.7266,30.2567],[-84.7055,30.2518],[-84.6927,30.2221],[-84.6819,30.2177],[-84.6683,30.1826],[-84.6693,30.1252],[-84.6302,30.065],[-84.6098,30.0597],[-84.591,30.0296],[-84.525,30.0052],[-84.5141,29.9891],[-84.4915,29.9871],[-84.4677,30.0019],[-84.4525,29.9712],[-84.4376,29.9881],[-84.3947,29.9824],[-84.362,29.9877],[-84.3343,30.0371],[-84.2708,30.0681],[-84.2725,30.0924],[-84.2475,30.1011],[-84.237,30.0856],[-84.2034,30.0846],[-84.1738,30.091],[-84.1573,30.0727],[-84.1249,30.0906],[-84.1138,30.0855],[-84.063,30.1014],[-84.0243,30.1033],[-83.9922,30.0958],[-83.9606,30.1518],[-83.9518,30.1851],[-83.9273,30.1909],[-83.918,30.2148],[-83.9158,30.2452],[-83.8817,30.2676],[-83.8385,30.2804],[-83.8203,30.2997],[-83.8205,30.3131],[-83.7925,30.3192],[-83.8081,30.3647],[-83.8038,30.3776],[-83.7584,30.3849],[-83.7511,30.4076],[-83.7223,30.4354],[-83.7277,30.49],[-83.737,30.5076],[-83.7043,30.5381],[-83.6711,30.538],[-83.6705,30.5529],[-83.6374,30.5527],[-83.6042,30.5819],[-83.6044,30.6382],[-83.6117,30.6513],[-83.7437,30.6584],[-84.0838,30.6758],[-84.3807,30.69],[-84.5394,30.6968],[-84.8635,30.7115]]]},"properties":{"GEOID":"45220","NAME":"Tallahassee, FL","LSAD":"M1"}},
{"type":"Feature","geometry":{"type":"Polygon","coordinates":[[[-97.6756,36.1647],[-97.6757,35.9566],[-97.674,35.726],[-97.9948,35.7255],[-98.3132,35.7247],[-98.3133,35.5515],[-98.3065,35.5362],[-98.3063,35.3772],[-98.096,35.3778],[-98.095,35.2037],[-98.0913,35.2037],[-98.0929,35.0869],[-98.0931,34.855],[-98.089,34.8407],[-98.0891,34.6812],[-97.6685,34.6813],[-97.6681,34.8552],[-97.1951,34.8552],[-96.9324,34.8545],[-96.9306,34.9644],[-96.957,34.951],[-96.9673,34.9347],[-97.0159,34.9073],[-97.0876,34.9315],[-97.1168,34.9352],[-97.1423,34.9282],[-97.1417,35.203],[-97.1415,35.464],[-96.6247,35.4627],[-96.6208,35.639],[-96.6197,35.9416],[-96.9095,35.9415],[-97.1406,35.942],[-97.2036,35.9448],[-97.2212,35.9646],[-97.2776,35.9738],[-97.2946,36.0056],[-97.3236,36.0109],[-97.3539,35.9849],[-97.3541,36.1591],[-97.3539,36.1643],[-97.4608,36.1645],[-97.6756,36.1647]]]},"properties":{"GEOID":"36420","NAME":"Oklahoma City, OK","LSAD":"M1"}},
{"type":"Feature","geometry":{"type":"Polygon","coordinates":[[[-119.2252,39.9994],[-119.2261,39.8994],[-119.2086,39.8995],[-119.2085,39.81],[-119.1898,39.81],[-119.1709,39.7883],[-119.1706,39.6805],[-119.1893,39.6805],[-119.1893,39.6514],[-119.158,39.6581],[-119.1129,39.6891],[-119.0771,39.7226],[-119.0771,39.6368],[-119.0891,39.6368],[-119.0905,39.5189],[-119.1176,39.5189],[-119.1177,39.3887],[-119.0997,39.3879],[-119.0623,39.3593],[-119.0442,39.3301],[-119.0068,39.3156],[-119.0068,39.3],[-118.9877,39.2855],[-118.965,39.2855],[-118.8907,39.2272],[-118.8908,39.1982],[-118.8668,39.1982],[-118.7922,39.1418],[-118.7922,39.1129],[-118.7551,39.1128],[-118.7551,39.0747],[-118.621,39.0739],[-118.2436,39.0733],[-117.8651,39.0737],[-117.7755,39.0934],[-117.7934,39.1083],[-117.7914,39.1288],[-117.8038,39.1457],[-117.7824,39.1758],[-117.7442,39.1914],[-117.7224,39.2178],[-117.7199,39.2368],[-117.733,39.2813],[-117.7527,39.3118],[-117.7626,39.3584],[-117.7502,39.3838],[-117.6963,39.386],[-117.6756,39.4225],[-117.646,39.4266],[-117.6372,39.4518],[-117.6566,39.4679],[-117.6232,39.4762],[-117.5868,39.503],[-117.5901,39.518],[-117.5221,39.534],[-117.5014,39.5308],[-117.4806,39.5618],[-117.4821,39.5982],[-117.4618,39.6224],[-117.4861,39.6448],[-117.4646,39.6795],[-117.4876,39.7141],[-117.4752,39.7353],[-117.4949,39.7482],[-117.4857,39.7865],[-117.4882,39.8266],[-117.4723,39.8392],[-117.4616,39.8868],[-117.478,39.9396],[-117.5009,39.9516],[-117.5417,40.001],[-117.9277,40.0026],[-118.187,40.0021],[-118.5339,39.9986],[-118.8298,39.9984],[-119.2252,39.9994]]]},"properties":{"GEOID":"21980","NAME":"Fallon, NV","LSAD":"M2"}},
{"type":"Feature","geometry":{"type":"Polygon","coordinates":[[[-73.0088,42.0389],[-73.0295,41.9666],[-72.8871,41.9731],[-72.9153,41.8968],[-72.9406,41.8952],[-72.9536,41.8539],[-72.9365,41.8403],[-72.949,41.8064],[-73.0169,41.7982],[-72.9832,41.6396],[-72.9385,41.6443],[-72.9336,41.6078],[-72.9463,41.5568],[-72.8839,41.5638],[-72.8678,41.549],[-72.8485,41.5673],[-72.7522,41.5789],[-72.7391,41.4383],[-72.7461,41.4233],[-72.6537,41.4381],[-72.6505,41.4191],[-72.6323,41.4123],[-72.6123,41.3862],[-72.6144,41.33],[-72.5918,41.3228],[-72.5363,41.2548],[-72.5103,41.2566],[-72.4857,41.2709],[-72.4519,41.2789],[-72.3987,41.2782],[-72.3866,41.2618],[-72.3426,41.2688],[-72.3562,41.2996],[-72.349,41.3116],[-72.3491,41.3245],[-72.3794,41.3497],[-72.3749,41.3733],[-72.3848,41.3852],[-72.4235,41.3919],[-72.4276,41.4233],[-72.3055,41.4363],[-72.3234,41.5343],[-72.4308,41.5246],[-72.4667,41.5839],[-72.4172,41.5906],[-72.3856,41.5896],[-72.3281,41.6055],[-72.3342,41.6436],[-72.3036,41.654],[-72.2787,41.672],[-72.2396,41.7142],[-72.2526,41.7282],[-72.1981,41.7282],[-72.1926,41.7446],[-72.1567,41.7537],[-72.1645,41.8349],[-72.2177,41.8352],[-72.217,41.9582],[-72.0992,41.9589],[-72.1022,42.0289],[-72.1357,42.0302],[-72.5281,42.0343],[-72.5732,42.0301],[-72.6959,42.0368],[-72.7517,42.0302],[-72.7667,42.003],[-72.8167,41.9976],[-72.8135,42.0365],[-73.0088,42.0389]]]},"properties":{"GEOID":"25540","NAME":"Hartford-East Hartford-Middletown, CT","LSAD":"M1"}},
{"type":"Feature","geometry":{"type":"Polygon","coordinates":[[[-83.0309,38.7256],[-83.0381,38.6994],[-83.0241,38.6831],[-83.0536,38.6571],[-83.0808,38.6105],[-83.0713,38.5955],[-83.0932,38.5739],[-83.1041,38.5517],[-83.1845,38.4957],[-83.2005,38.4538],[-83.2371,38.4266],[-83.2307,38.3393],[-83.2822,38.3242],[-83.3257,38.3297],[-83.3413,38.3195],[-83.3263,38.2902],[-83.3069,38.2254],[-83.263,38.1907],[-83.2333,38.1931],[-83.21,38.2422],[-83.1592,38.2645],[-83.135,38.242],[-83.0921,38.228],[-83.0758,38.2066],[-83.0475,38.1935],[-83.0119,38.1988],[-82.9902,38.1905],[-82.9751,38.1721],[-82.9427,38.1698],[-82.8975,38.1828],[-82.8838,38.196],[-82.854,38.1902],[-82.8141,38.2173],[-82.8124,38.2377],[-82.778,38.241],[-82.7368,38.2375],[-82.6995,38.2619],[-82.6348,38.2669],[-82.6072,38.2615],[-82.6125,38.2346],[-82.5984,38.2174],[-82.6113,38.1715],[-82.6391,38.1711],[-82.6373,38.1391],[-82.5857,38.107],[-82.584,38.0907],[-82.5513,38.0708],[-82.5386,38.0374],[-82.5144,37.9992],[-82.4892,37.999],[-82.4655,37.9847],[-82.4716,37.9591],[-82.5022,37.9331],[-82.4881,37.9196],[-82.4523,37.9087],[-82.4226,37.8867],[-82.4224,37.8639],[-82.4037,37.8629],[-82.3064,37.9436],[-82.2022,38.0362],[-82.2089,38.0683],[-82.2277,38.0706],[-82.2463,38.1021],[-82.2671,38.1147],[-82.2567,38.1321],[-82.2857,38.145],[-82.2717,38.1694],[-82.2778,38.2057],[-82.2664,38.2106],[-82.26,38.2462],[-82.2443,38.2684],[-82.2096,38.2874],[-82.2112,38.3108],[-82.1711,38.3357],[-82.115,38.3506],[-82.0972,38.3675],[-82.0471,38.3744],[-82.0431,38.3372],[-82.0489,38.2903],[-81.9918,38.2691],[-81.9152,38.3256],[-81.9002,38.3986],[-81.836,38.4288],[-81.7776,38.4469],[-81.7233,38.468],[-81.7422,38.5175],[-81.7526,38.5236],[-81.7489,38.5706],[-81.7557,38.5818],[-81.7288,38.5962],[-81.6963,38.6264],[-81.7477,38.6841],[-81.7728,38.6808],[-81.9558,38.6574],[-82.0646,38.608],[-82.0551,38.4745],[-82.219,38.5917],[-82.246,38.5985],[-82.2873,38.5828],[-82.3617,38.5852],[-82.3545,38.6761],[-82.4725,38.6823],[-82.4669,38.7415],[-82.4866,38.743],[-82.4836,38.7723],[-82.5827,38.7791],[-82.5756,38.8445],[-82.65,38.8491],[-82.6629,38.748],[-82.6954,38.75],[-82.7064,38.6775],[-82.7639,38.68],[-82.7662,38.6447],[-82.7404,38.5972],[-82.816,38.5707],[-82.8472,38.5952],[-82.8633,38.6693],[-82.8776,38.6902],[-82.8699,38.7282],[-82.8795,38.7515],[-82.8942,38.7566],[-82.9431,38.7433],[-82.9794,38.726],[-83.0309,38.7256]]]},"properties":{"GEOID":"26580","NAME":"Huntington-Ashland, WV-KY-OH","LSAD":"M1"}},
{"type":"Feature","geometry":{"type":"Polygon","coordinates":[[[-87.5264,40.4912],[-87.5315,40.1481],[-87.4905,40.1484],[-87.4904,40.1274],[-87.4067,40.1275],[-87.4073,40.1422],[-87.4388,40.1657],[-87.4199,40.1923],[-87.3584,40.2105],[-87.2964,40.2555],[-87.2814,40.2784],[-87.2449,40.3093],[-87.1733,40.334],[-87.1315,40.3406],[-87.0921,40.3666],[-87.0926,40.2148],[-86.6956,40.2144],[-86.6947,40.4322],[-86.4685,40.431],[-86.3758,40.4319],[-86.3744,40.5614],[-86.3735,40.6925],[-86.5252,40.6924],[-86.5251,40.7354],[-86.5817,40.7358],[-86.7478,40.7375],[-86.7475,40.718],[-86.7614,40.6979],[-86.7583,40.6643],[-86.7742,40.664],[-86.7713,40.5621],[-86.9112,40.5613],[-87.0954,40.5629],[-87.0984,40.7365],[-87.526,40.7369],[-87.5264,40.4912]]]},"properties":{"GEOID":"29200","NAME":"Lafayette-West Lafayette, IN","LSAD":"M1"}},
{"type":"Feature","geometry":{"type":"Polygon","coordinates":[[[-93.0459,44.1967],[-93.046,43.8485],[-92.6894,43.8486],[-92.6893,43.8338],[-92.449,43.8341],[-92.4489,43.5004],[-91.9544,43.5007],[-91.7302,43.5007],[-91.7304,43.8469],[-92.0791,43.8471],[-92.0791,44.193],[-91.8584,44.193],[-91.8752,44.2006],[-91.893,44.2351],[-91.8957,44.273],[-91.9203,44.2865],[-91.9135,44.3114],[-91.9256,44.3335],[-91.9595,44.3594],[-92.0381,44.3887],[-92.0535,44.4014],[-92.1111,44.4139],[-92.1245,44.4221],[-92.2152,44.4385],[-92.242,44.4543],[-92.4303,44.4553],[-92.4306,44.3683],[-92.5507,44.3685],[-92.5509,44.1949],[-92.8169,44.1968],[-93.0412,44.1967],[-93.0459,44.1967]]]},"properties":{"GEOID":"40340","NAME":"Rochester, MN","LSAD":"M1"}},
{"type":"Feature","geometry":{"type":"Polygon","coordinates":[[[-112.1622,41.9991],[-112.1387,41.9643],[-112.1219,41.9282],[-112.0875,41.9046],[-112.0527,41.863],[-112.0274,41.8069],[-112.0086,41.7946],[-112.0332,41.7668],[-112.0519,41.7002],[-112.0309,41.6818],[-112.0127,41.6481],[-112.0063,41.5925],[-111.9818,41.5341],[-111.9461,41.553],[-111.9165,41.5386],[-111.9042,41.4973],[-111.8756,41.4897],[-111.8784,41.4759],[-111.9166,41.4604],[-111.8816,41.4412],[-111.8685,41.3985],[-111.8364,41.3879],[-111.7974,41.3923],[-111.7665,41.37],[-111.7262,41.376],[-111.7068,41.4131],[-111.6669,41.4288],[-111.6526,41.4078],[-111.619,41.4221],[-111.5839,41.4184],[-111.554,41.4234],[-111.5434,41.4054],[-111.5108,41.4231],[-111.5008,41.4644],[-111.4747,41.5001],[-111.4429,41.5314],[-111.4279,41.5784],[-111.4288,41.6202],[-111.4016,41.6541],[-111.4269,41.6779],[-111.4179,41.7217],[-111.4421,41.7361],[-111.4435,41.7717],[-111.461,41.8177],[-111.5079,41.8526],[-111.4937,41.8871],[-111.5085,41.9116],[-111.4783,41.9127],[-111.4759,41.9577],[-111.4843,41.9754],[-111.508,41.9877],[-111.5153,42.0685],[-111.5957,42.0942],[-111.5872,42.142],[-111.608,42.1541],[-111.6261,42.2075],[-111.6139,42.2464],[-111.5666,42.2736],[-111.5865,42.2879],[-111.589,42.3248],[-111.5688,42.3344],[-111.559,42.3638],[-111.5979,42.3913],[-111.6035,42.416],[-111.8756,42.4162],[-111.8953,42.4162],[-111.8967,42.2563],[-111.9839,42.2565],[-111.9838,42.2856],[-112.1262,42.2852],[-112.0983,42.2699],[-112.071,42.2383],[-112.0703,42.1696],[-112.1093,42.1699],[-112.1094,41.9977],[-112.1622,41.9991]]]},"properties":{"GEOID":"30860","NAME":"Logan, UT-ID","LSAD":"M1"}},
{"type":"Feature","geometry":{"type":"Polygon","coordinates":[[[-78.9284,39.7228],[-79.0668,39.4809],[-79.0954,39.4625],[-79.129,39.4295],[-79.2143,39.3635],[-79.2494,39.3556],[-79.2539,39.3391],[-79.237,39.322],[-79.1345,39.3125],[-78.9799,39.2376],[-78.9592,39.2606],[-78.9266,39.2789],[-78.9223,39.2929],[-78.888,39.325],[-78.8507,39.3311],[-78.8107,39.3766],[-78.784,39.4279],[-78.7666,39.4475],[-78.7298,39.4632],[-78.7036,39.4975],[-78.6574,39.5351],[-78.623,39.5395],[-78.5659,39.5194],[-78.5214,39.5248],[-78.4686,39.5168],[-78.4504,39.5379],[-78.4173,39.5496],[-78.4544,39.5743],[-78.4206,39.6032],[-78.4205,39.624],[-78.383,39.6222],[-78.342,39.6439],[-78.3493,39.6606],[-78.318,39.6805],[-78.3174,39.6992],[-78.3428,39.7225],[-78.8084,39.7229],[-78.9284,39.7228]]]},"properties":{"GEOID":"19060","NAME":"Cumberland, MD-WV","LSAD":"M1"}},
{"type":"Feature","geometry":{"type":"Polygon","coordinates":[[[-123.3637,46.1463],[-123.3904,46.1544],[-123.431,46.1816],[-123.4276,46.2293],[-123.4796,46.2691],[-123.5012,46.271],[-123.5477,46.2591],[-123.5482,46.249],[-123.6195,46.2153],[-123.6668,46.2182],[-123.6742,46.1982],[-123.7181,46.189],[-123.7576,46.213],[-123.7832,46.1985],[-123.8218,46.1903],[-123.8548,46.1573],[-123.9025,46.1687],[-123.9053,46.1807],[-123.9729,46.2127],[-124.0103,46.2235],[-123.9741,46.1688],[-123.9475,46.1161],[-123.9334,46.0717],[-123.9279,46.0096],[-123.9375,45.9773],[-123.97,45.9691],[-123.9937,45.9464],[-123.9676,45.9078],[-123.9615,45.8371],[-123.9691,45.7831],[-123.7198,45.7832],[-123.72,45.7731],[-123.4851,45.7757],[-123.4851,45.78],[-123.3616,45.7796],[-123.3596,46.0394],[-123.3674,46.0395],[-123.3637,46.1463]]]},"properties":{"GEOID":"11820","NAME":"Astoria, OR","LSAD":"M2"}},
{"type":"Feature","geometry":{"type":"Polygon","coordinates":[[[-122.2827,42.9965],[-122.2829,42.8001],[-122.2847,42.4745],[-122.2878,42.4745],[-122.2875,42.1272],[-122.2897,42.0081],[-121.9398,42.0038],[-121.5911,41.9992],[-121.3449,41.9962],[-121.1742,41.9972],[-121.0221,41.9933],[-120.8799,41.9938],[-120.8811,42.3369],[-120.8833,42.7442],[-120.9967,42.7463],[-121.3497,42.7466],[-121.3513,42.92],[-121.3493,43.0899],[-121.3485,43.3568],[-121.3324,43.3567],[-121.333,43.6166],[-121.8157,43.6156],[-122.0024,43.6155],[-122.039,43.6016],[-122.0826,43.5776],[-122.131,43.5573],[-122.1495,43.5207],[-122.1287,43.4969],[-122.1386,43.4551],[-122.132,43.4402],[-122.0847,43.4226],[-122.0642,43.4065],[-122.0562,43.3815],[-122.0218,43.362],[-122.0082,43.3374],[-122.0159,43.3242],[-122.0013,43.2817],[-121.9806,43.2652],[-122.0031,43.2342],[-122.0282,43.2199],[-122.039,43.1916],[-122.0671,43.15],[-122.0938,43.0763],[-122.0763,43.0677],[-122.2826,43.0677],[-122.2827,42.9965]]]},"properties":{"GEOID":"28900","NAME":"Klamath Falls, OR","LSAD":"M2"}},
{"type":"Feature","geometry":{"type":"Polygon","coordinates":[[[-76.6169,43.418],[-76.605,43.2536],[-76.4811,43.2566],[-76.4718,43.105],[-76.4993,43.0972],[-76.4919,43.005],[-76.463,43.0063],[-76.4507,42.8458],[-76.357,42.8494],[-76.3058,42.8133],[-76.2747,42.7713],[-76.0802,42.78],[-75.8961,42.791],[-75.8898,42.7238],[-75.4287,42.7454],[-75.428,42.7381],[-75.2959,42.7441],[-75.2519,42.784],[-75.2395,42.8342],[-75.248,42.8716],[-75.4372,42.8633],[-75.4442,42.9331],[-75.5428,42.9318],[-75.5528,43.0376],[-75.5969,43.0354],[-75.5995,43.0611],[-75.6402,43.0789],[-75.6397,43.0977],[-75.6782,43.1269],[-75.7053,43.1377],[-75.7378,43.1647],[-75.7688,43.1699],[-75.797,43.1591],[-75.84,43.1605],[-75.8681,43.1467],[-75.8843,43.1556],[-75.8629,43.3192],[-75.8868,43.325],[-75.8146,43.4836],[-75.7562,43.4704],[-75.7668,43.6251],[-75.7746,43.6889],[-76.0251,43.707],[-76.022,43.6681],[-76.1997,43.6802],[-76.1966,43.6632],[-76.2035,43.575],[-76.2212,43.5396],[-76.2358,43.5293],[-76.2913,43.5138],[-76.3455,43.5134],[-76.3688,43.5258],[-76.4106,43.5232],[-76.4697,43.4955],[-76.487,43.4754],[-76.5624,43.4483],[-76.6169,43.418]]]},"properties":{"GEOID":"45060","NAME":"Syracuse, NY","LSAD":"M1"}},
{"type":"Feature","geometry":{"type":"Polygon","coordinates":[[[-78.1593,37.7485],[-78.1347,37.738],[-78.0927,37.7082],[-78.1104,37.6779],[-78.0753,37.6611],[-78.0875,37.628],[-78.132,37.4547],[-78.185,37.4446],[-78.189,37.4253],[-78.235,37.3681],[-78.2312,37.2962],[-77.9949,37.2422],[-77.8236,37.2013],[-77.7959,37.1926],[-77.8064,37.1757],[-77.8555,37.1641],[-77.8706,37.1503],[-77.9003,37.1439],[-77.8913,37.0001],[-77.8826,36.9917],[-77.8422,36.996],[-77.8101,36.9834],[-77.7655,36.9747],[-77.7456,36.959],[-77.6946,36.9066],[-77.6765,36.9044],[-77.648,36.8815],[-77.5947,36.8711],[-77.5764,36.8516],[-77.5575,36.8456],[-77.5298,36.8528],[-77.5104,36.8451],[-77.4587,36.863],[-77.49,36.721],[-77.4301,36.7077],[-77.3448,36.7526],[-77.2497,36.7955],[-77.1218,36.8577],[-76.9535,36.9445],[-76.966,37.0004],[-76.9696,37.0402],[-76.9776,37.0507],[-77.0446,37.0702],[-77.0686,37.0679],[-77.0996,37.0837],[-77.1096,37.0987],[-77.1493,37.1018],[-77.156,37.1139],[-77.1238,37.138],[-77.0731,37.1841],[-77.0241,37.201],[-77.0123,37.2329],[-76.9724,37.2485],[-76.9439,37.2347],[-76.9178,37.2343],[-76.8752,37.2608],[-76.8816,37.2855],[-76.8735,37.3634],[-76.9045,37.3777],[-76.8924,37.3879],[-76.8953,37.4282],[-76.86,37.4468],[-76.8241,37.4507],[-76.7921,37.4354],[-76.7703,37.435],[-76.7568,37.4617],[-76.7123,37.4313],[-76.6991,37.451],[-76.6674,37.4555],[-76.6471,37.4807],[-76.648,37.4959],[-76.6675,37.5201],[-76.6541,37.6032],[-76.6823,37.6172],[-76.7511,37.7117],[-76.7533,37.7384],[-76.791,37.7867],[-76.8426,37.798],[-76.8723,37.7827],[-76.9064,37.7962],[-76.9426,37.7848],[-76.9452,37.8282],[-77.0033,37.836],[-77.0355,37.8658],[-77.0202,37.8853],[-77.0336,37.9253],[-77.0728,37.9464],[-77.0719,37.9681],[-77.1486,37.972],[-77.182,37.9496],[-77.1797,37.8974],[-77.2088,37.8857],[-77.2334,37.9092],[-77.2503,37.8724],[-77.2803,37.8436],[-77.3456,37.7922],[-77.3747,37.7764],[-77.4057,37.7814],[-77.4292,37.8419],[-77.422,37.8649],[-77.4455,37.8947],[-77.4842,37.8834],[-77.5479,37.9262],[-77.5642,37.9465],[-77.594,37.9506],[-77.6435,37.9797],[-77.6425,37.9907],[-77.6875,38.0078],[-77.7968,37.7306],[-77.8221,37.7475],[-77.8794,37.7597],[-77.9091,37.7763],[-77.9072,37.8219],[-77.9462,37.8433],[-77.9469,37.8526],[-77.9908,37.8575],[-77.9991,37.8739],[-78.0633,37.9051],[-78.1545,37.7634],[-78.1593,37.7485]]]},"properties":{"GEOID":"40060","NAME":"Richmond, VA","LSAD":"M1"}},
{"type":"Feature","geometry":{"type":"Polygon","coordinates":[[[-98.3207,26.7831],[-98.3968,26.6253],[-98.4858,26.4578],[-98.5867,26.2576],[-98.58,26.235],[-98.5473,26.2346],[-98.5003,26.2098],[-98.4627,26.2258],[-98.4403,26.2194],[-98.4425,26.1992],[-98.3839,26.1566],[-98.3384,26.1513],[-98.3203,26.1179],[-98.2921,26.1206],[-98.2712,26.1142],[-98.2684,26.0932],[-98.2487,26.072],[-98.2207,26.0765],[-98.1923,26.0535],[-98.1763,26.0751],[-98.1448,26.0496],[-98.137,26.0617],[-98.1055,26.0675],[-98.0392,26.0413],[-98.0223,26.0598],[-98.0013,26.065],[-97.9674,26.0517],[-97.9501,26.0618],[-97.928,26.0559],[-97.8686,26.0572],[-97.8618,26.0697],[-97.8619,26.3482],[-97.8622,26.4336],[-97.9083,26.4349],[-98.0042,26.4488],[-97.9844,26.5366],[-97.9688,26.5514],[-97.9574,26.6118],[-97.9853,26.6158],[-97.9855,26.7809],[-98.3207,26.7831]]]},"properties":{"GEOID":"32580","NAME":"McAllen-Edinburg-Mission, TX","LSAD":"M1"}},
{"type":"Feature","geometry":{"type":"Polygon","coordinates":[[[-112.1559,44.0578],[-112.1564,43.9712],[-111.977,43.9709],[-111.9775,43.7972],[-111.9835,43.7538],[-111.946,43.7516],[-111.9344,43.7662],[-111.8732,43.737],[-111.8573,43.7182],[-111.8038,43.702],[-111.7781,43.676],[-111.714,43.655],[-111.6259,43.6552],[-111.626,43.6268],[-111.566,43.622],[-111.3998,43.622],[-111.4008,43.8828],[-111.3988,43.9229],[-111.3545,43.9481],[-111.328,43.9254],[-111.3025,43.9193],[-111.2713,43.9388],[-111.2374,43.9486],[-111.1873,43.9321],[-111.1137,43.9686],[-111.0471,43.9835],[-111.0491,44.0201],[-111.0497,44.3536],[-111.049,44.4741],[-111.0524,44.4784],[-111.1009,44.4878],[-111.1307,44.5001],[-111.1506,44.535],[-111.1807,44.5549],[-111.181,44.5692],[-111.2275,44.5772],[-111.24,44.6148],[-111.2201,44.6221],[-111.2672,44.6646],[-111.296,44.7021],[-111.3374,44.7332],[-111.3552,44.7272],[-111.3771,44.7512],[-111.3978,44.7241],[-111.4661,44.7135],[-111.4899,44.7006],[-111.4723,44.6669],[-111.5252,44.6052],[-111.5074,44.5621],[-111.4797,44.5421],[-111.5153,44.537],[-111.5236,44.5479],[-111.5865,44.5627],[-111.6173,44.5503],[-111.6174,44.4013],[-111.7916,44.4016],[-111.7915,44.317],[-111.8523,44.317],[-111.8525,44.2314],[-111.8579,44.1878],[-111.9137,44.1878],[-111.9136,44.1443],[-112.0337,44.144],[-112.0343,44.0574],[-112.1559,44.0578]]]},"properties":{"GEOID":"39940","NAME":"Rexburg, ID","LSAD":"M2"}},
{"type":"Feature","geometry":{"type":"Polygon","coordinates":[[[-88.3044,33.2883],[-88.3404,32.9912],[-88.1719,32.9959],[-88.1653,32.9543],[-88.1887,32.9591],[-88.2048,32.918],[-88.1898,32.9107],[-88.1803,32.8721],[-88.155,32.8529],[-88.1671,32.8376],[-88.1473,32.8249],[-88.1327,32.8329],[-88.0987,32.7959],[-88.0732,32.8046],[-88.0645,32.7922],[-88.0793,32.7729],[-88.1099,32.7692],[-88.1014,32.7393],[-88.0815,32.7206],[-88.0854,32.7091],[-88.1143,32.6946],[-88.0933,32.6838],[-88.0587,32.6913],[-88.055,32.6465],[-88.0798,32.6363],[-88.0792,32.6197],[-88.0537,32.5931],[-87.977,32.6108],[-87.9287,32.6323],[-87.9048,32.6146],[-87.8984,32.5923],[-87.875,32.5718],[-87.8738,32.5443],[-87.8223,32.5437],[-87.8126,32.5246],[-87.7285,32.5245],[-87.7287,32.4809],[-87.5245,32.482],[-87.5252,32.6557],[-87.4739,32.6559],[-87.4717,32.8306],[-87.4214,32.8308],[-87.4212,32.8745],[-87.4219,33.0034],[-87.3185,33.0062],[-87.3116,33.0939],[-87.2819,33.1331],[-87.1993,33.1307],[-87.1992,33.1966],[-87.1521,33.2325],[-87.1219,33.2358],[-87.1041,33.2215],[-87.0766,33.2468],[-87.0658,33.2759],[-87.0875,33.2907],[-87.1268,33.2908],[-87.1271,33.306],[-87.162,33.3066],[-87.1796,33.3211],[-87.18,33.343],[-87.1976,33.3581],[-87.232,33.3659],[-87.232,33.3951],[-87.2844,33.4406],[-87.3144,33.4417],[-87.3356,33.4563],[-87.3292,33.4927],[-87.285,33.4858],[-87.2669,33.5129],[-87.3182,33.5142],[-87.3185,33.5874],[-87.371,33.5871],[-87.3711,33.6017],[-87.4237,33.6021],[-87.6317,33.6098],[-87.6316,33.5807],[-87.6666,33.5798],[-87.6667,33.5217],[-87.7367,33.5196],[-87.8586,33.5253],[-87.9465,33.5241],[-88.2746,33.534],[-88.3044,33.2883]]]},"properties":{"GEOID":"46220","NAME":"Tuscaloosa, AL","LSAD":"M1"}},
{"type":"Feature","geometry":{"type":"Polygon","coordinates":[[[-76.9491,40.6282],[-77.0233,40.6043],[-77.042,40.6042],[-77.1829,40.5821],[-77.1676,40.5595],[-77.1985,40.5523],[-77.2896,40.5185],[-77.4784,40.432],[-77.5401,40.3992],[-77.5323,40.376],[-77.5657,40.3674],[-77.5994,40.3481],[-77.6506,40.3107],[-77.6718,40.2898],[-77.6566,40.2706],[-77.6399,40.2177],[-77.6162,40.2326],[-77.605,40.2055],[-77.6275,40.1886],[-77.6086,40.1531],[-77.5629,40.1193],[-77.543,40.0896],[-77.5325,40.0487],[-77.5078,40.029],[-77.4954,40.0051],[-77.4541,39.9724],[-77.4711,39.9441],[-77.4035,39.9945],[-77.2289,40.0251],[-77.1856,40.0295],[-77.1374,40.0699],[-77.0288,40.1478],[-76.9513,40.1658],[-76.9291,40.1613],[-76.9186,40.1983],[-76.8987,40.2146],[-76.8395,40.2216],[-76.8289,40.205],[-76.8006,40.2001],[-76.7521,40.1752],[-76.7428,40.1301],[-76.7216,40.1201],[-76.6956,40.1541],[-76.6772,40.1489],[-76.6065,40.19],[-76.5827,40.191],[-76.5663,40.1966],[-76.5695,40.1961],[-76.6255,40.3393],[-76.678,40.4747],[-76.5354,40.5552],[-76.7016,40.6581],[-76.8643,40.6276],[-76.9255,40.6089],[-76.9491,40.6282]]]},"properties":{"GEOID":"25420","NAME":"Harrisburg-Carlisle, PA","LSAD":"M1"}},
{"type":"Feature","geometry":{"type":"Polygon","coordinates":[[[-81.0033,41.3479],[-81.2986,41.3473],[-81.5981,41.3512],[-81.5854,41.3089],[-81.5689,41.2779],[-81.6849,41.2771],[-81.6885,40.9886],[-81.6477,40.9886],[-81.6477,40.914],[-81.4204,40.9065],[-81.4163,40.9885],[-81.0863,40.988],[-81.0017,40.9878],[-81.0033,41.3479]]]},"properties":{"GEOID":"10420","NAME":"Akron, OH","LSAD":"M1"}},
{"type":"Feature","geometry":{"type":"Polygon","coordinates":[[[-84.2272,36.5922],[-84.2613,36.592],[-84.2492,36.5647],[-84.2596,36.514],[-84.2863,36.504],[-84.3253,36.5094],[-84.3396,36.4985],[-84.3375,36.4759],[-84.3464,36.4503],[-84.3447,36.4157],[-84.3274,36.4031],[-84.3344,36.3881],[-84.3299,36.2847],[-84.3761,36.2601],[-84.3687,36.2286],[-84.4153,36.168],[-84.441,36.1635],[-84.471,36.2038],[-84.5687,36.2371],[-84.573,36.2666],[-84.5918,36.2763],[-84.611,36.2704],[-84.7008,36.3708],[-84.7325,36.3663],[-84.7397,36.3379],[-84.7896,36.3171],[-84.7957,36.2977],[-84.8222,36.2995],[-84.8431,36.287],[-84.8661,36.2929],[-84.8786,36.2802],[-84.886,36.2387],[-84.9142,36.2083],[-84.9,36.1724],[-84.9078,36.1563],[-84.8709,36.1369],[-84.8324,36.084],[-84.8049,36.0886],[-84.7919,36.0594],[-84.7207,35.9949],[-84.6806,35.9085],[-84.7062,35.8961],[-84.729,35.8588],[-84.7819,35.825],[-84.765,35.799],[-84.7396,35.7875],[-84.7545,35.7544],[-84.7239,35.7529],[-84.6984,35.7418],[-84.6953,35.7249],[-84.6765,35.7175],[-84.6451,35.7244],[-84.623,35.7118],[-84.628,35.6622],[-84.6199,35.6447],[-84.5845,35.6444],[-84.5669,35.6332],[-84.5476,35.6413],[-84.5258,35.6242],[-84.5137,35.644],[-84.4572,35.6658],[-84.4065,35.6656],[-84.3981,35.6402],[-84.3623,35.6472],[-84.3576,35.6652],[-84.2995,35.6577],[-84.2975,35.6432],[-84.2613,35.6353],[-84.2499,35.6172],[-84.1926,35.6182],[-84.1819,35.5989],[-84.1487,35.5838],[-84.0962,35.5755],[-84.0816,35.5412],[-84.043,35.5422],[-83.9938,35.55],[-83.9925,35.5307],[-84.0109,35.5161],[-83.9919,35.4994],[-83.9759,35.5007],[-83.9438,35.4807],[-83.9529,35.4606],[-83.9118,35.476],[-83.8826,35.5172],[-83.8256,35.5238],[-83.7717,35.5621],[-83.7235,35.5619],[-83.7072,35.5685],[-83.663,35.5691],[-83.6628,35.6906],[-83.6789,35.6879],[-83.6875,35.7101],[-83.7165,35.729],[-83.7287,35.7624],[-83.7943,35.8871],[-83.7672,35.9119],[-83.7385,35.917],[-83.6978,35.9398],[-83.6546,35.9719],[-83.6749,36.0296],[-83.6733,36.0385],[-83.6752,36.0482],[-83.7099,36.087],[-83.6872,36.1023],[-83.6942,36.1209],[-83.7249,36.1421],[-83.7327,36.1646],[-83.7169,36.1998],[-83.7002,36.2076],[-83.6936,36.2375],[-83.7045,36.2509],[-83.7027,36.2728],[-83.6674,36.3444],[-83.7021,36.3627],[-83.7111,36.3462],[-83.7331,36.345],[-83.7434,36.3696],[-83.7662,36.3992],[-83.8079,36.4224],[-83.8333,36.4197],[-83.8612,36.4347],[-83.8937,36.4197],[-83.922,36.4294],[-83.9846,36.5605],[-83.9876,36.5896],[-84.2272,36.5922]]]},"properties":{"GEOID":"28940","NAME":"Knoxville, TN","LSAD":"M1"}},
{"type":"Feature","geometry":{"type":"Polygon","coordinates":[[[-115.8969,36.8421],[-115.8957,36.684],[-115.8951,36.4211],[-115.8958,36.1722],[-115.8458,36.1708],[-115.846,35.9642],[-115.648,35.8096],[-115.4061,35.6186],[-115.084,35.3634],[-114.7879,35.1273],[-114.6335,35.0019],[-114.6369,35.0284],[-114.6067,35.0589],[-114.6047,35.0748],[-114.6468,35.1019],[-114.6323,35.1171],[-114.5783,35.1288],[-114.5695,35.1623],[-114.5721,35.2006],[-114.58,35.2096],[-114.5871,35.2624],[-114.5975,35.297],[-114.5952,35.3242],[-114.6268,35.4096],[-114.6528,35.4308],[-114.6787,35.4988],[-114.6572,35.5323],[-114.6632,35.5652],[-114.6534,35.6108],[-114.689,35.6503],[-114.6827,35.6886],[-114.7054,35.7118],[-114.6973,35.7337],[-114.6989,35.7902],[-114.7121,35.8062],[-114.6952,35.8323],[-114.7065,35.849],[-114.6632,35.8737],[-114.7003,35.9018],[-114.7125,35.9319],[-114.7406,35.9757],[-114.7405,36.0133],[-114.7229,36.0272],[-114.7548,36.0847],[-114.7362,36.1044],[-114.6827,36.1091],[-114.6305,36.1422],[-114.6106,36.1316],[-114.5711,36.1511],[-114.5081,36.1497],[-114.4988,36.1266],[-114.4687,36.1389],[-114.4437,36.1256],[-114.4153,36.1451],[-114.3702,36.1426],[-114.3069,36.0825],[-114.3124,36.0661],[-114.2709,36.0455],[-114.2614,36.0255],[-114.2334,36.0128],[-114.1733,36.0268],[-114.1514,36.0231],[-114.1348,36.0439],[-114.1312,36.0658],[-114.1119,36.0958],[-114.117,36.1148],[-114.097,36.1208],[-114.0682,36.1777],[-114.0439,36.1934],[-114.0455,36.2733],[-114.0432,36.3794],[-114.0494,36.6889],[-114.0506,36.8431],[-114.3304,36.8437],[-114.7623,36.8439],[-114.7625,36.8535],[-114.9561,36.8534],[-115.2999,36.8536],[-115.7408,36.8531],[-115.7407,36.8419],[-115.8969,36.8421]]]},"properties":{"GEOID":"29820","NAME":"Las Vegas-Henderson-Paradise, NV","LSAD":"M1"}},
{"type":"Feature","geometry":{"type":"Polygon","coordinates":[[[-74.6483,42.8296],[-74.6652,42.7922],[-74.6675,42.7507],[-74.6346,42.6478],[-74.6307,42.6268],[-74.6724,42.5645],[-74.7116,42.5178],[-74.6189,42.4244],[-74.4435,42.355],[-74.3791,42.3739],[-74.3461,42.3557],[-74.2766,42.3633],[-74.247,42.3792],[-74.2543,42.4082],[-73.9307,42.4452],[-73.7837,42.4642],[-73.5772,42.4851],[-73.4977,42.4952],[-73.3525,42.51],[-73.265,42.7459],[-73.2764,42.746],[-73.2909,42.8019],[-73.2787,42.8334],[-73.2743,42.9437],[-73.3802,42.9437],[-73.3921,42.9526],[-73.4332,42.9582],[-73.4506,42.9446],[-73.6355,42.9413],[-73.6294,42.9721],[-73.6103,42.9813],[-73.5909,43.0232],[-73.5733,43.1005],[-73.5908,43.1395],[-73.5802,43.1529],[-73.5898,43.1705],[-73.5793,43.2089],[-73.5971,43.2444],[-73.6007,43.2688],[-73.595,43.3061],[-73.6428,43.3042],[-73.6419,43.2933],[-73.7056,43.2789],[-73.7385,43.2666],[-73.744,43.2427],[-73.7758,43.228],[-73.7929,43.2462],[-73.8358,43.2538],[-73.8261,43.2761],[-73.8258,43.3053],[-73.859,43.3303],[-73.8844,43.398],[-74.1601,43.3715],[-74.1401,43.254],[-74.0975,42.9829],[-74.0839,42.8974],[-74.2568,42.8122],[-74.2633,42.7965],[-74.2894,42.7838],[-74.3247,42.7834],[-74.4549,42.773],[-74.5625,42.8129],[-74.6483,42.8296]]]},"properties":{"GEOID":"10580","NAME":"Albany-Schenectady-Troy, NY","LSAD":"M1"}},
{"type":"Feature","geometry":{"type":"Polygon","coordinates":[[[-123.3709,46.7921],[-123.3704,46.7347],[-123.3595,46.5626],[-123.3583,46.384],[-123.2179,46.3856],[-123.1142,46.388],[-122.6981,46.3871],[-122.3637,46.3873],[-122.241,46.3854],[-121.9894,46.3886],[-121.5223,46.3882],[-121.3966,46.3882],[-121.3866,46.4106],[-121.4073,46.4299],[-121.4156,46.4598],[-121.4366,46.4782],[-121.43,46.4984],[-121.4501,46.5035],[-121.451,46.5339],[-121.4198,46.5447],[-121.4244,46.5706],[-121.4057,46.5823],[-121.4076,46.6015],[-121.3868,46.6208],[-121.3864,46.636],[-121.4137,46.6487],[-121.4132,46.6759],[-121.3767,46.6865],[-121.3688,46.7262],[-121.408,46.7283],[-121.4552,46.7838],[-121.7588,46.7836],[-121.8174,46.7473],[-121.8333,46.7296],[-121.8714,46.7302],[-121.9315,46.7407],[-121.9529,46.7547],[-121.974,46.7458],[-122.0081,46.7526],[-122.0239,46.7423],[-122.0825,46.7522],[-122.1779,46.7552],[-122.2031,46.7631],[-122.571,46.7633],[-122.8032,46.7633],[-123.1609,46.7643],[-123.1606,46.7934],[-123.3709,46.7921]]]},"properties":{"GEOID":"16500","NAME":"Centralia, WA","LSAD":"M2"}},
{"type":"Feature","geometry":{"type":"Polygon","coordinates":[[[-78.4966,36.1752],[-78.5448,36.0807],[-78.5464,36.0218],[-78.6832,36.0745],[-78.7513,36.0708],[-78.7536,36.0314],[-78.72,36.0296],[-78.7004,36.0083],[-78.717,35.9613],[-78.7591,35.9184],[-78.8048,35.9276],[-78.8298,35.8674],[-78.9061,35.8681],[-78.9094,35.843],[-78.995,35.6102],[-78.9147,35.5837],[-78.706,35.5186],[-78.6878,35.5042],[-78.6606,35.4962],[-78.6503,35.4724],[-78.6272,35.4583],[-78.5988,35.4183],[-78.5951,35.4019],[-78.5725,35.3865],[-78.5676,35.3678],[-78.5331,35.343],[-78.5383,35.3164],[-78.4919,35.2633],[-78.4118,35.2547],[-78.3977,35.263],[-78.3066,35.2876],[-78.2897,35.3151],[-78.258,35.3257],[-78.2342,35.3232],[-78.2165,35.3393],[-78.1532,35.3507],[-78.1624,35.3672],[-78.1459,35.3829],[-78.1549,35.4178],[-78.0648,35.5853],[-78.1256,35.6031],[-78.1575,35.6853],[-78.1603,35.711],[-78.1921,35.7305],[-78.204,35.7279],[-78.2491,35.7724],[-78.2458,35.7892],[-78.256,35.8181],[-78.1822,35.9388],[-78.0066,36.2026],[-78.0661,36.2165],[-78.1098,36.2102],[-78.1327,36.2463],[-78.1891,36.2477],[-78.2249,36.2566],[-78.307,36.2662],[-78.3381,36.2344],[-78.3781,36.2351],[-78.4121,36.1696],[-78.4247,36.1637],[-78.4966,36.1752]]]},"properties":{"GEOID":"39580","NAME":"Raleigh-Cary, NC","LSAD":"M1"}},
{"type":"Feature","geometry":{"type":"Polygon","coordinates":[[[-91.5821,35.5303],[-91.4751,35.5272],[-91.3697,35.5264],[-91.3689,35.64],[-91.3232,35.6376],[-91.3548,35.6943],[-91.354,35.7092],[-91.3276,35.7302],[-91.3333,35.7403],[-91.3131,35.7641],[-91.256,35.7974],[-91.237,35.8169],[-91.2406,35.8284],[-91.2099,35.8639],[-91.2184,35.8785],[-91.1986,35.89],[-91.3574,35.8907],[-91.3485,36.1576],[-91.3498,36.231],[-91.3311,36.2446],[-91.2593,36.2435],[-91.2585,36.3309],[-91.276,36.3309],[-91.2754,36.3746],[-91.3101,36.3898],[-91.3087,36.4204],[-91.3491,36.4209],[-91.3619,36.4722],[-91.3806,36.4724],[-91.4069,36.4971],[-91.45,36.4976],[-91.4544,36.3355],[-91.5659,36.3374],[-91.5661,36.25],[-91.6914,36.2532],[-91.6921,36.2091],[-91.6742,36.2086],[-91.6799,36.1647],[-91.6822,36.0006],[-91.7095,36.001],[-91.7105,35.9418],[-91.7534,35.9428],[-91.8495,35.8673],[-91.8499,35.8443],[-91.871,35.8105],[-91.8645,35.7697],[-91.8361,35.7489],[-91.8372,35.705],[-91.7896,35.7118],[-91.7936,35.5341],[-91.5821,35.5303]]]},"properties":{"GEOID":"12900","NAME":"Batesville, AR","LSAD":"M2"}},
{"type":"Feature","geometry":{"type":"Polygon","coordinates":[[[-93.0406,35.0769],[-93.0873,35.0339],[-93.1056,35.0343],[-93.1418,35.0046],[-93.1603,34.9758],[-93.1814,34.9763],[-93.3057,34.8755],[-93.2883,34.8609],[-93.2878,34.7732],[-93.27,34.772],[-92.9693,34.7723],[-92.9697,34.6852],[-92.9791,34.6849],[-92.98,34.6372],[-92.8754,34.6352],[-92.8769,34.5912],[-92.808,34.5904],[-92.809,34.5622],[-92.7915,34.5619],[-92.7932,34.5036],[-92.7383,34.5032],[-92.7388,34.4739],[-92.6851,34.4731],[-92.6862,34.4147],[-92.6687,34.4145],[-92.6733,34.2394],[-92.6784,34.1496],[-92.4936,34.1443],[-92.4512,34.1255],[-92.4308,34.126],[-92.3838,34.0965],[-92.3722,34.0738],[-92.3367,34.0595],[-92.2333,34.0624],[-92.2325,34.2309],[-92.2128,34.2304],[-92.208,34.4929],[-91.9219,34.488],[-91.8141,34.4842],[-91.7053,34.4827],[-91.6834,34.4925],[-91.6754,34.5129],[-91.6345,34.5466],[-91.6366,34.5665],[-91.665,34.5798],[-91.6385,34.6251],[-91.6691,34.6575],[-91.7008,34.672],[-91.6937,34.9196],[-91.8037,34.9215],[-91.8025,35.0307],[-91.869,35.0241],[-91.9026,35.0277],[-91.9252,35.0459],[-91.9489,35.0446],[-92.0216,35.0723],[-92.0631,35.0745],[-92.0953,35.0642],[-92.1197,35.0666],[-92.1115,35.3626],[-92.2277,35.3631],[-92.4815,35.3684],[-92.4849,35.2755],[-92.5071,35.2579],[-92.5062,35.2395],[-92.5294,35.2286],[-92.5282,35.1895],[-92.5044,35.1754],[-92.5058,35.1397],[-92.5217,35.1146],[-92.543,35.1261],[-92.5794,35.1072],[-92.6033,35.0824],[-92.6448,35.1104],[-92.6784,35.0773],[-92.7189,35.0719],[-93.0406,35.0769]]]},"properties":{"GEOID":"30780","NAME":"Little Rock-North Little Rock-Conway, AR","LSAD":"M1"}},
{"type":"Feature","geometry":{"type":"Polygon","coordinates":[[[-93.4082,34.3395],[-93.4785,34.3408],[-93.4804,34.2533],[-93.5015,34.2537],[-93.5022,34.2141],[-93.4472,34.2033],[-93.4564,34.1632],[-93.4562,34.1303],[-93.4448,34.1144],[-93.4346,34.0505],[-93.4161,34.038],[-93.405,34.0055],[-93.3791,33.9862],[-93.3734,33.9571],[-93.3364,33.9193],[-93.3014,33.897],[-93.3071,33.8808],[-93.2896,33.8441],[-93.2582,33.8288],[-93.222,33.8291],[-93.1912,33.8162],[-93.179,33.8003],[-93.1403,33.8156],[-93.1044,33.7771],[-93.0709,33.7885],[-93.0311,33.7698],[-92.9928,33.7774],[-92.9812,33.7884],[-92.9401,33.8002],[-92.9316,33.8192],[-92.8932,33.8101],[-92.8829,33.8553],[-92.9059,33.8638],[-92.909,33.9185],[-92.9331,33.9316],[-92.9491,33.9863],[-92.8931,33.9833],[-92.8861,34.1557],[-93.0306,34.1601],[-93.043,34.1806],[-93.0258,34.2022],[-93.035,34.2366],[-93.0845,34.2356],[-93.09,34.2457],[-93.1995,34.2481],[-93.1983,34.2773],[-93.3569,34.2803],[-93.3558,34.3387],[-93.4082,34.3395]]]},"properties":{"GEOID":"11660","NAME":"Arkadelphia, AR","LSAD":"M2"}},
{"type":"Feature","geometry":{"type":"Polygon","coordinates":[[[-73.9107,42.1273],[-74.0024,42.177],[-74.0036,42.1634],[-74.0424,42.1704],[-74.0748,42.0966],[-74.3076,42.1143],[-74.4517,42.1692],[-74.504,42.1449],[-74.531,42.1465],[-74.5536,42.1215],[-74.7807,42.0164],[-74.6012,41.9407],[-74.4537,41.8756],[-74.4878,41.8344],[-74.5751,41.7453],[-74.3951,41.6449],[-74.3761,41.5982],[-74.3671,41.591],[-74.3407,41.5944],[-74.2641,41.6327],[-74.2516,41.6054],[-74.1875,41.5908],[-74.1264,41.5825],[-74.1345,41.6157],[-74.0681,41.606],[-74.0537,41.5806],[-73.9533,41.59],[-73.9526,41.6252],[-73.9425,41.6841],[-73.9467,41.6994],[-73.9408,41.7543],[-73.9516,41.7706],[-73.9489,41.8486],[-73.9394,41.8659],[-73.9622,41.901],[-73.9528,41.9571],[-73.9333,42.0185],[-73.9296,42.0788],[-73.9107,42.1273]]]},"properties":{"GEOID":"28740","NAME":"Kingston, NY","LSAD":"M1"}},
{"type":"Feature","geometry":{"type":"Polygon","coordinates":[[[-76.2333,39.7213],[-76.2127,39.6864],[-76.1618,39.6496],[-76.1357,39.6131],[-76.0762,39.5436],[-76.0369,39.5529],[-76.0064,39.5462],[-75.9997,39.5605],[-75.9703,39.5576],[-75.9623,39.5361],[-75.9805,39.5291],[-75.9994,39.4659],[-75.9666,39.4628],[-75.9826,39.4353],[-76.0069,39.4145],[-76.0331,39.4031],[-76.0308,39.3855],[-75.9951,39.3847],[-75.9827,39.3675],[-75.9641,39.3747],[-75.908,39.3645],[-75.8554,39.3646],[-75.8188,39.3823],[-75.7667,39.3775],[-75.7601,39.2968],[-75.7149,39.2994],[-75.6513,39.2916],[-75.6196,39.3101],[-75.5746,39.3134],[-75.5574,39.3491],[-75.5358,39.3506],[-75.5124,39.3657],[-75.5385,39.4165],[-75.5718,39.4389],[-75.5931,39.4792],[-75.5724,39.5171],[-75.563,39.5622],[-75.6119,39.5974],[-75.6149,39.616],[-75.5871,39.651],[-75.5622,39.6567],[-75.5091,39.7201],[-75.4685,39.7865],[-75.4594,39.7658],[-75.4789,39.7138],[-75.5072,39.697],[-75.5146,39.6686],[-75.5711,39.6213],[-75.562,39.6057],[-75.5115,39.5772],[-75.534,39.5407],[-75.5278,39.4981],[-75.5427,39.4966],[-75.5364,39.4606],[-75.4652,39.4389],[-75.4424,39.4023],[-75.4168,39.3874],[-75.4183,39.4154],[-75.4077,39.4588],[-75.3681,39.4568],[-75.3423,39.4906],[-75.318,39.492],[-75.2384,39.559],[-75.178,39.5211],[-75.0838,39.4574],[-75.0733,39.4851],[-75.0797,39.501],[-75.0745,39.5446],[-75.0619,39.5687],[-74.9853,39.515],[-74.7362,39.7298],[-74.6761,39.6916],[-74.6583,39.6568],[-74.6592,39.6311],[-74.6115,39.623],[-74.5767,39.5986],[-74.5543,39.5985],[-74.5286,39.57],[-74.5059,39.5696],[-74.4757,39.5515],[-74.4174,39.5573],[-74.3904,39.5962],[-74.3897,39.7733],[-74.4294,39.8454],[-74.5064,39.9913],[-74.533,40.0453],[-74.5878,40.1383],[-74.6233,40.1421],[-74.7006,40.1836],[-74.7143,40.1524],[-74.7556,40.1867],[-74.7717,40.2153],[-74.8423,40.2505],[-74.8682,40.2952],[-74.943,40.3416],[-74.964,40.3952],[-74.9964,40.4105],[-75.0248,40.4035],[-75.0588,40.4181],[-75.0706,40.4552],[-75.0629,40.4816],[-75.0686,40.5422],[-75.1003,40.5678],[-75.1367,40.5757],[-75.1753,40.565],[-75.194,40.5763],[-75.1904,40.5916],[-75.1968,40.6086],[-75.2582,40.582],[-75.2935,40.562],[-75.4097,40.488],[-75.4841,40.4185],[-75.5297,40.447],[-75.6959,40.2424],[-75.7432,40.2167],[-75.8734,40.1371],[-75.943,40.1093],[-75.9361,40.0786],[-75.9359,40.0375],[-75.9946,39.9523],[-75.981,39.9338],[-75.9971,39.9221],[-75.9868,39.8923],[-76.0044,39.8726],[-76.0086,39.852],[-76.0497,39.7838],[-76.1025,39.724],[-76.2333,39.7213]]]},"properties":{"GEOID":"37980","NAME":"Philadelphia-Camden-Wilmington, PA-NJ-DE-MD","LSAD":"M1"}},
{"type":"Feature","geometry":{"type":"Polygon","coordinates":[[[-96.036,39.5661],[-96.4996,39.566],[-96.9587,39.5664],[-96.9609,39.4161],[-96.9608,39.1849],[-96.9635,38.9649],[-96.9264,38.9744],[-96.9267,38.8704],[-96.5016,38.8697],[-96.5012,39.0437],[-96.3908,39.0433],[-96.389,39.1729],[-96.3466,39.1539],[-96.3247,39.1861],[-96.2942,39.1955],[-96.266,39.1806],[-96.2469,39.2044],[-96.2204,39.201],[-96.1833,39.207],[-96.1747,39.1888],[-96.1253,39.187],[-96.1044,39.2001],[-96.0836,39.1935],[-96.0588,39.1648],[-96.0882,39.1523],[-96.0359,39.1298],[-96.0346,39.3763],[-96.036,39.5661]]]},"properties":{"GEOID":"31740","NAME":"Manhattan, KS","LSAD":"M1"}},
{"type":"Feature","geometry":{"type":"Polygon","coordinates":[[[-81.9432,35.9601],[-81.9103,35.9055],[-81.9067,35.8834],[-81.925,35.8431],[-81.9589,35.8192],[-81.9869,35.8069],[-81.8694,35.7196],[-81.8241,35.575],[-81.7727,35.5925],[-81.7574,35.6094],[-81.7217,35.6063],[-81.7053,35.5811],[-81.692,35.58],[-81.6484,35.5617],[-81.6072,35.5668],[-81.5672,35.5582],[-81.5376,35.5642],[-81.5354,35.5681],[-81.2693,35.558],[-80.96,35.547],[-80.9435,35.6049],[-80.9255,35.6209],[-80.9507,35.641],[-80.9667,35.671],[-80.9944,35.7021],[-81.0177,35.7127],[-81.0606,35.7103],[-81.0693,35.7395],[-81.1095,35.7766],[-81.0633,35.8266],[-81.0413,35.8579],[-81.0055,35.9583],[-81.0034,35.9967],[-81.0288,36.0457],[-81.0575,36.0316],[-81.0981,36.0282],[-81.1375,36.0364],[-81.1667,36.0257],[-81.1933,36.0367],[-81.2685,36.025],[-81.2954,36.0072],[-81.3285,35.9968],[-81.3449,36.0253],[-81.387,36.0435],[-81.4026,36.0657],[-81.4248,36.0778],[-81.4407,36.0732],[-81.4957,36.1006],[-81.5084,36.097],[-81.5455,36.1175],[-81.6606,36.1184],[-81.6748,36.1226],[-81.8105,36.1115],[-81.7741,36.0986],[-81.7585,36.0772],[-81.7357,36.0676],[-81.8072,35.962],[-81.8445,35.975],[-81.87,35.9763],[-81.8999,35.9999],[-81.9432,35.9601]]]},"properties":{"GEOID":"25860","NAME":"Hickory-Lenoir-Morganton, NC","LSAD":"M1"}},
{"type":"Feature","geometry":{"type":"Polygon","coordinates":[[[-96.9446,33.9492],[-96.9447,33.798],[-96.9433,33.606],[-96.9439,33.4164],[-96.8411,33.4134],[-96.8412,33.4056],[-96.6394,33.401],[-96.3846,33.3978],[-96.3823,33.5984],[-96.3794,33.7258],[-96.4134,33.7577],[-96.4226,33.776],[-96.5003,33.7726],[-96.5159,33.7878],[-96.5267,33.8209],[-96.5729,33.8191],[-96.6232,33.8415],[-96.629,33.8524],[-96.5973,33.8751],[-96.5885,33.8949],[-96.6283,33.8945],[-96.6599,33.9167],[-96.6734,33.9123],[-96.6907,33.85],[-96.7124,33.8316],[-96.7616,33.8244],[-96.7796,33.8579],[-96.7943,33.8689],[-96.8322,33.8748],[-96.8416,33.8529],[-96.8664,33.8531],[-96.883,33.868],[-96.8957,33.8964],[-96.8994,33.9337],[-96.9221,33.9596],[-96.9348,33.9544],[-96.9446,33.9492]]]},"properties":{"GEOID":"43300","NAME":"Sherman-Denison, TX","LSAD":"M1"}},
{"type":"Feature","geometry":{"type":"Polygon","coordinates":[[[-112.9847,47.9539],[-113.0138,47.9415],[-113.0221,47.9271],[-113.0866,47.9182],[-113.0925,47.8961],[-113.0633,47.8856],[-113.0582,47.8425],[-113.0693,47.8292],[-113.06,47.8081],[-113.0665,47.7762],[-113.081,47.7499],[-113.138,47.7458],[-113.1658,47.7198],[-113.1464,47.6765],[-113.1285,47.661],[-113.1444,47.5955],[-113.1177,47.5705],[-113.1247,47.558],[-113.1231,47.5157],[-113.1145,47.4904],[-113.0917,47.4806],[-113.0592,47.4886],[-113.0591,47.1796],[-113.0494,47.1771],[-112.7958,47.177],[-112.7956,46.8317],[-112.6682,46.8342],[-112.5357,46.8342],[-112.5356,46.6995],[-112.4108,46.6995],[-112.4106,46.656],[-112.3209,46.6559],[-112.2932,46.6051],[-112.3167,46.5749],[-112.2937,46.5311],[-112.3063,46.5104],[-112.3047,46.4499],[-112.3212,46.4434],[-112.3125,46.4184],[-112.3501,46.3851],[-112.4038,46.3866],[-112.4514,46.35],[-112.4495,46.3341],[-112.4986,46.3421],[-112.5336,46.3309],[-112.5724,46.2966],[-112.5576,46.2778],[-112.5607,46.2611],[-112.5944,46.228],[-112.5736,46.2118],[-112.5771,46.179],[-112.5168,46.1646],[-112.52,46.1364],[-112.5009,46.1122],[-112.4663,46.0927],[-112.4618,46.0758],[-112.477,46.0517],[-112.442,46.0295],[-112.4446,46.002],[-112.4299,45.9584],[-112.4313,45.9295],[-112.4043,45.888],[-112.4305,45.8539],[-112.4014,45.8319],[-112.2668,45.7863],[-112.2621,45.7754],[-112.2146,45.7656],[-112.1903,45.7485],[-112.1688,45.75],[-112.1369,45.771],[-112.1122,45.8062],[-112.118,45.8341],[-112.0888,45.8491],[-112.0229,45.8588],[-111.984,45.8465],[-111.927,45.8557],[-111.9066,45.828],[-111.8721,45.818],[-111.843,45.8213],[-111.8072,45.8096],[-111.8053,45.7983],[-111.7882,45.7925],[-111.7559,45.8042],[-111.7055,45.7957],[-111.6601,45.8335],[-111.6604,46.0492],[-111.7846,46.0498],[-111.7864,46.1363],[-111.7863,46.4858],[-111.7879,46.5695],[-111.6319,46.57],[-111.6399,46.5824],[-111.6393,46.7382],[-111.6101,46.7728],[-111.587,46.7819],[-111.5089,46.7596],[-111.496,46.7903],[-111.5323,46.8044],[-111.6032,46.8099],[-111.6457,46.8434],[-111.6422,46.8654],[-111.6093,46.8774],[-111.6027,46.8914],[-111.6581,46.9134],[-111.7902,46.9138],[-111.7893,47.1289],[-111.8749,47.1287],[-111.9421,47.1436],[-111.9774,47.1839],[-112.0448,47.1927],[-112.0478,47.516],[-112.1208,47.508],[-112.1467,47.5167],[-112.2056,47.5023],[-112.2502,47.5101],[-112.278,47.5056],[-112.3196,47.5431],[-112.3442,47.551],[-112.3761,47.5464],[-112.4027,47.5655],[-112.4327,47.6061],[-112.5155,47.6226],[-112.5298,47.6422],[-112.5539,47.652],[-112.5798,47.6331],[-112.6158,47.6355],[-112.6463,47.6207],[-112.6978,47.6223],[-112.7321,47.6171],[-112.7706,47.5986],[-112.8178,47.6076],[-112.8547,47.6292],[-112.9139,47.6972],[-112.9016,47.7282],[-112.9266,47.7615],[-112.9133,47.8262],[-112.9275,47.8601],[-112.9439,47.8711],[-112.953,47.9049],[-112.973,47.9116],[-112.9847,47.9539]]]},"properties":{"GEOID":"25740","NAME":"Helena, MT","LSAD":"M2"}},
{"type":"Feature","geometry":{"type":"MultiPolygon","coordinates":[[[[-80.2586,25.3596],[-80.2414,25.3556],[-80.2165,25.406],[-80.2423,25.3991],[-80.2586,25.3596]]],[[[-80.8856,26.9589],[-80.8858,26.6092],[-80.88,26.3461],[-80.8797,26.2593],[-80.8791,26.1725],[-80.8727,26.0004],[-80.8731,25.8054],[-80.8732,25.364],[-80.8622,25.3642],[-80.862,25.2429],[-80.8579,25.1766],[-80.8332,25.1726],[-80.8264,25.1606],[-80.7995,25.1631],[-80.7224,25.1595],[-80.7107,25.1518],[-80.6814,25.1744],[-80.5821,25.2107],[-80.5296,25.215],[-80.5193,25.2226],[-80.498,25.1999],[-80.4879,25.2082],[-80.4936,25.2273],[-80.4414,25.2439],[-80.4189,25.2363],[-80.3979,25.2535],[-80.3981,25.2768],[-80.3791,25.2883],[-80.3761,25.3059],[-80.3706,25.3232],[-80.3426,25.3315],[-80.3104,25.3731],[-80.3279,25.3968],[-80.3261,25.4379],[-80.34,25.4679],[-80.3398,25.5002],[-80.3315,25.5282],[-80.3143,25.5362],[-80.3026,25.5718],[-80.3089,25.6042],[-80.2863,25.6201],[-80.2451,25.6984],[-80.2379,25.7272],[-80.2085,25.7456],[-80.1789,25.746],[-80.1543,25.7232],[-80.1311,25.7698],[-80.121,25.8132],[-80.1217,25.898],[-80.1173,25.9866],[-80.1088,26.0901],[-80.0873,26.2413],[-80.0802,26.2587],[-80.0706,26.3365],[-80.0616,26.433],[-80.0504,26.5095],[-80.0421,26.5454],[-80.0362,26.6026],[-80.037,26.646],[-80.0332,26.7148],[-80.0375,26.7663],[-80.0314,26.7963],[-80.0463,26.8592],[-80.0799,26.9705],[-80.1418,26.9709],[-80.142,26.9566],[-80.3847,26.9584],[-80.6181,26.9578],[-80.8856,26.9589]]]]},"properties":{"GEOID":"33100","NAME":"Miami-Fort Lauderdale-Pompano Beach, FL","LSAD":"M1"}},
{"type":"Feature","geometry":{"type":"MultiPolygon","coordinates":[[[[-119.9299,34.0597],[-119.9162,34.0584],[-119.8763,34.0321],[-119.887,34.0086],[-119.8734,33.9804],[-119.8182,33.9599],[-119.7504,33.9638],[-119.7147,33.9614],[-119.6628,33.9859],[-119.5902,33.9897],[-119.5471,34.0055],[-119.5296,34.0412],[-119.5623,34.0553],[-119.595,34.0495],[-119.6193,34.0165],[-119.6865,34.0198],[-119.7126,34.0433],[-119.7594,34.0588],[-119.8187,34.053],[-119.8573,34.0713],[-119.9192,34.0773],[-119.9299,34.0597]]],[[[-120.2495,34.0025],[-120.2221,33.9876],[-120.179,33.928],[-120.1218,33.8957],[-120.0908,33.9092],[-120.0497,33.9146],[-120.001,33.9416],[-119.9737,33.9425],[-119.979,33.9812],[-120.0038,33.9795],[-120.0466,34],[-120.0551,34.0377],[-120.0736,34.0245],[-120.1151,34.0199],[-120.1359,34.0261],[-120.1673,34.0082],[-120.1958,34.0043],[-120.2213,34.0104],[-120.2495,34.0025]]],[[[-120.4501,34.0342],[-120.4274,34.0254],[-120.4094,34.0322],[-120.3579,34.015],[-120.3171,34.0188],[-120.3074,34.0296],[-120.3312,34.0491],[-120.3469,34.0466],[-120.3623,34.0731],[-120.3909,34.052],[-120.4153,34.055],[-120.4501,34.0342]]],[[[-120.6493,34.9747],[-120.6691,34.9016],[-120.6473,34.9011],[-120.6393,34.8804],[-120.6163,34.8667],[-120.6099,34.8428],[-120.623,34.7933],[-120.635,34.767],[-120.6263,34.7381],[-120.6004,34.7046],[-120.6251,34.6345],[-120.6399,34.6059],[-120.6448,34.577],[-120.6226,34.554],[-120.5813,34.557],[-120.5114,34.523],[-120.4804,34.4811],[-120.4714,34.4478],[-120.4068,34.4553],[-120.3414,34.4588],[-120.283,34.4684],[-120.2255,34.4706],[-120.1184,34.4699],[-120.0886,34.4602],[-120.0388,34.4634],[-120.0081,34.4604],[-119.9555,34.4354],[-119.9285,34.4355],[-119.8783,34.4073],[-119.8252,34.4171],[-119.7936,34.4183],[-119.7294,34.3959],[-119.7091,34.3954],[-119.6719,34.4161],[-119.6169,34.421],[-119.564,34.4153],[-119.5369,34.3959],[-119.4765,34.3741],[-119.452,34.3969],[-119.4543,34.4182],[-119.4422,34.4559],[-119.4424,34.63],[-119.4437,34.9012],[-119.4725,34.9014],[-119.536,34.8977],[-119.5784,34.9219],[-119.615,34.9504],[-119.6446,34.9537],[-119.6736,34.9736],[-119.7456,34.9737],[-119.7804,34.9907],[-119.8308,35.0058],[-119.8545,35.0321],[-119.9038,35.0381],[-119.9284,35.0598],[-119.9757,35.0583],[-120.014,35.0814],[-120.0673,35.0968],[-120.093,35.1142],[-120.1294,35.0944],[-120.1423,35.096],[-120.1676,35.0753],[-120.1884,35.0304],[-120.2324,35.0207],[-120.2522,35.029],[-120.3099,35.0092],[-120.3345,35.0063],[-120.3271,34.9865],[-120.3019,34.9634],[-120.2922,34.9303],[-120.3018,34.9056],[-120.3283,34.9258],[-120.436,34.9869],[-120.4962,34.9932],[-120.5752,34.9783],[-120.6341,34.9596],[-120.6493,34.9747]]]]},"properties":{"GEOID":"42200","NAME":"Santa Maria-Santa Barbara, CA","LSAD":"M1"}},
{"type":"Feature","geometry":{"type":"Polygon","coordinates":[[[-87.296,37.3918],[-87.3452,37.3099],[-87.372,37.2992],[-87.387,37.2736],[-87.3873,37.2554],[-87.3559,37.2366],[-87.3439,37.2103],[-87.3116,37.1968],[-87.3125,37.1799],[-87.3337,37.1572],[-87.3295,37.135],[-87.3131,37.1133],[-87.2843,37.108],[-87.2806,37.0769],[-87.2594,37.0724],[-87.2503,37.0406],[-87.1181,37.0447],[-87.0532,37.061],[-86.9764,37.0736],[-86.9414,37.069],[-86.9429,37.0768],[-86.8953,37.0884],[-86.8975,37.118],[-86.9236,37.1429],[-86.9196,37.1737],[-86.9004,37.1844],[-86.8993,37.2123],[-86.9193,37.2252],[-86.9232,37.2415],[-86.947,37.2406],[-86.9548,37.2576],[-86.9827,37.2696],[-86.986,37.3166],[-87.0306,37.3633],[-87.0706,37.3705],[-87.0874,37.3598],[-87.1038,37.3279],[-87.1372,37.3413],[-87.1238,37.3608],[-87.0952,37.3759],[-87.0998,37.416],[-87.1123,37.4115],[-87.1711,37.4136],[-87.211,37.3809],[-87.296,37.3918]]]},"properties":{"GEOID":"16420","NAME":"Central City, KY","LSAD":"M2"}},
{"type":"Feature","geometry":{"type":"Polygon","coordinates":[[[-109.0514,39.4977],[-109.0508,39.3667],[-108.875,39.3663],[-108.4096,39.366],[-107.8841,39.3662],[-107.4309,39.3662],[-107.4305,39.3482],[-107.466,39.3221],[-107.4565,39.3069],[-107.3798,39.2757],[-107.3945,39.2563],[-107.3761,39.2458],[-107.3806,39.2102],[-107.3534,39.173],[-107.2958,39.1538],[-107.2744,39.1187],[-107.0663,39.1188],[-107.0196,39.0894],[-106.9864,39.0625],[-107.0016,39.0423],[-106.9639,39.0285],[-106.9064,38.9921],[-106.878,38.9943],[-106.8608,39.0093],[-106.8469,38.987],[-106.8019,38.9783],[-106.7513,39.0258],[-106.7407,39.0459],[-106.6555,39.0444],[-106.6383,39.0192],[-106.6116,38.9954],[-106.5945,39.0042],[-106.5972,39.0448],[-106.5776,39.0532],[-106.5863,39.0877],[-106.5582,39.1202],[-106.5626,39.1519],[-106.5517,39.1615],[-106.5212,39.1573],[-106.4936,39.1983],[-106.4897,39.2277],[-106.4973,39.2427],[-106.4837,39.2717],[-106.5041,39.2851],[-106.4851,39.3126],[-106.4729,39.3084],[-106.4269,39.3234],[-106.4265,39.3619],[-106.7128,39.362],[-106.9734,39.3656],[-107.1134,39.3661],[-107.1139,39.6246],[-107.1137,39.9191],[-107.034,39.9189],[-107.032,40.0029],[-107.0374,40.0031],[-107.0374,40.0915],[-107.317,40.0908],[-107.3188,39.915],[-107.4317,39.9177],[-107.4318,39.8284],[-107.5445,39.8281],[-107.6942,39.8301],[-107.7872,39.825],[-107.9385,39.825],[-107.9385,39.6945],[-108.2179,39.6951],[-108.5547,39.6936],[-108.5546,39.6502],[-108.8957,39.6503],[-108.8957,39.6605],[-109.051,39.6605],[-109.0514,39.4977]]]},"properties":{"GEOID":"24060","NAME":"Glenwood Springs, CO","LSAD":"M2"}},
{"type":"Feature","geometry":{"type":"MultiPolygon","coordinates":[[[[-119.4437,34.9012],[-119.4424,34.63],[-119.4422,34.4559],[-119.4543,34.4182],[-119.452,34.3969],[-119.4765,34.3741],[-119.461,34.3741],[-119.4311,34.3553],[-119.3904,34.3182],[-119.3704,34.3195],[-119.3375,34.2906],[-119.2786,34.2669],[-119.2643,34.2275],[-119.2371,34.1758],[-119.2164,34.1461],[-119.1886,34.139],[-119.1293,34.1008],[-119.086,34.0993],[-119.0612,34.0854],[-119.0375,34.0831],[-118.9446,34.0458],[-118.941,34.0748],[-118.7889,34.1682],[-118.6682,34.1682],[-118.6677,34.2403],[-118.6325,34.2404],[-118.6368,34.2918],[-118.8209,34.6659],[-118.8804,34.7887],[-118.978,34.7898],[-118.9779,34.8117],[-119.2425,34.8143],[-119.2426,34.8576],[-119.2772,34.8573],[-119.2764,34.8725],[-119.3819,34.874],[-119.3837,34.9008],[-119.4437,34.9012]]],[[[-119.5773,33.2786],[-119.5751,33.2581],[-119.5462,33.2326],[-119.4703,33.2147],[-119.4389,33.2201],[-119.4348,33.2314],[-119.4606,33.2567],[-119.5288,33.2854],[-119.5621,33.2712],[-119.5773,33.2786]]]]},"properties":{"GEOID":"37100","NAME":"Oxnard-Thousand Oaks-Ventura, CA","LSAD":"M1"}},
{"type":"Feature","geometry":{"type":"MultiPolygon","coordinates":[[[[-118.6044,33.4786],[-118.5634,33.4344],[-118.5117,33.4297],[-118.4887,33.4198],[-118.481,33.389],[-118.4875,33.3509],[-118.4654,33.3261],[-118.4411,33.3186],[-118.3748,33.3201],[-118.3252,33.2991],[-118.3051,33.3103],[-118.3102,33.3348],[-118.3513,33.3739],[-118.382,33.4099],[-118.4236,33.4273],[-118.4458,33.4289],[-118.4822,33.4483],[-118.5105,33.4553],[-118.5445,33.4741],[-118.6044,33.4786]]],[[[-118.6105,33.0329],[-118.5934,33.0124],[-118.5804,32.9743],[-118.5564,32.947],[-118.5471,32.9119],[-118.5123,32.8792],[-118.5062,32.853],[-118.4777,32.8404],[-118.4318,32.8015],[-118.3735,32.839],[-118.4883,32.9237],[-118.5499,32.9895],[-118.5799,33.0345],[-118.6105,33.0329]]],[[[-118.8804,34.7887],[-118.8209,34.6659],[-118.6368,34.2918],[-118.6325,34.2404],[-118.6677,34.2403],[-118.6682,34.1682],[-118.7889,34.1682],[-118.941,34.0748],[-118.9446,34.0458],[-118.8549,34.0349],[-118.8066,34.0004],[-118.7854,34.0211],[-118.735,34.0333],[-118.7067,34.0297],[-118.663,34.0391],[-118.6097,34.0364],[-118.5715,34.0417],[-118.5438,34.039],[-118.5033,34.0172],[-118.4514,33.9591],[-118.4116,33.8835],[-118.3902,33.8362],[-118.394,33.8042],[-118.4234,33.782],[-118.4105,33.741],[-118.3643,33.7382],[-118.3426,33.726],[-118.2882,33.706],[-118.2573,33.7166],[-118.2309,33.7406],[-118.2148,33.7454],[-118.1958,33.7329],[-118.1808,33.7651],[-118.1507,33.76],[-118.0889,33.7312],[-118.0006,33.6543],[-117.9406,33.62],[-117.928,33.6072],[-117.8734,33.5929],[-117.8401,33.5739],[-117.8135,33.5512],[-117.7843,33.5418],[-117.7265,33.4834],[-117.7146,33.4599],[-117.681,33.4618],[-117.6222,33.422],[-117.596,33.3878],[-117.5785,33.4539],[-117.5384,33.4556],[-117.5096,33.4716],[-117.5097,33.505],[-117.5102,33.534],[-117.4139,33.6577],[-117.4746,33.7038],[-117.534,33.7104],[-117.5364,33.7577],[-117.5808,33.7695],[-117.6793,33.8776],[-117.7325,33.9103],[-117.7936,33.9538],[-117.8025,33.9756],[-117.7677,34.0235],[-117.7358,34.0186],[-117.6785,34.162],[-117.6464,34.2892],[-117.6597,34.4516],[-117.6604,34.5579],[-117.6671,34.5579],[-117.6673,34.8225],[-117.7744,34.8233],[-118.1702,34.8205],[-118.5469,34.8184],[-118.854,34.8177],[-118.8767,34.8032],[-118.8804,34.7887]]]]},"properties":{"GEOID":"31080","NAME":"Los Angeles-Long Beach-Anaheim, CA","LSAD":"M1"}},
{"type":"Feature","geometry":{"type":"Polygon","coordinates":[[[-113.3333,34],[-113.3351,33.7252],[-113.335,33.3775],[-113.3338,33.0235],[-113.3338,32.8378],[-113.3339,32.5052],[-113.0281,32.5051],[-112.7254,32.5054],[-112.5207,32.5068],[-112.209,32.5067],[-111.9551,32.5067],[-111.5693,32.5068],[-111.5693,32.5014],[-111.1577,32.5018],[-111.1575,32.5113],[-110.8451,32.5111],[-110.8451,32.5139],[-110.4515,32.514],[-110.4486,32.6433],[-110.4485,32.9475],[-110.449,33.1945],[-110.4633,33.1833],[-110.5047,33.1862],[-110.569,33.1448],[-110.5938,33.1338],[-110.6344,33.1424],[-110.6568,33.1135],[-110.678,33.1112],[-110.6833,33.0881],[-110.7257,33.0694],[-110.7168,33.0528],[-110.7293,33.0273],[-110.7638,33.0049],[-110.7832,32.9848],[-110.9467,33.2502],[-110.9746,33.3418],[-111.04,33.466],[-111.1534,33.6776],[-111.2094,33.6335],[-111.2242,33.6031],[-111.2575,33.621],[-111.3152,33.6815],[-111.3314,33.6884],[-111.3367,33.7205],[-111.3593,33.741],[-111.3868,33.75],[-111.3894,33.7767],[-111.3798,33.7957],[-111.3955,33.8409],[-111.3881,33.8634],[-111.4123,33.8847],[-111.4051,33.9192],[-111.4471,33.9349],[-111.4529,33.9622],[-111.4331,33.9844],[-111.4665,34.0059],[-111.495,34],[-111.7263,34],[-112.1648,34.0482],[-112.1611,34.0177],[-112.215,33.9671],[-112.243,33.9054],[-112.2607,33.904],[-112.2762,33.8825],[-112.7438,33.9999],[-113.142,34],[-113.3333,34]]]},"properties":{"GEOID":"38060","NAME":"Phoenix-Mesa-Chandler, AZ","LSAD":"M1"}},
{"type":"Feature","geometry":{"type":"Polygon","coordinates":[[[-67.1802,18.1682],[-67.1865,18.1366],[-67.1839,18.1039],[-67.1994,18.0911],[-67.1993,18.0467],[-67.1754,18.0269],[-67.1744,18.011],[-67.2128,17.992],[-67.2127,17.9526],[-67.1946,17.9488],[-67.1742,17.9662],[-67.1574,17.955],[-67.1029,17.9463],[-67.0652,17.9756],[-67.0144,17.9684],[-66.9868,17.9706],[-66.9809,17.9529],[-66.9619,17.9916],[-66.9587,18.0325],[-66.9109,18.0239],[-66.8847,18.0248],[-66.9091,18.0649],[-66.9159,18.0999],[-66.9137,18.1233],[-66.9265,18.1513],[-66.9719,18.1415],[-67.0138,18.1659],[-67.0515,18.1741],[-67.0728,18.1729],[-67.0939,18.1423],[-67.081,18.1067],[-67.1071,18.106],[-67.1332,18.1214],[-67.1412,18.1371],[-67.1802,18.1682]]]},"properties":{"GEOID":"41900","NAME":"San Germán, PR","LSAD":"M1"}},
{"type":"Feature","geometry":{"type":"Polygon","coordinates":[[[-84.0034,32.5299],[-84.0181,32.5064],[-83.924,32.5045],[-83.8771,32.489],[-83.8467,32.4685],[-83.8367,32.4393],[-83.837,32.3822],[-83.8468,32.3577],[-83.8484,32.291],[-83.6156,32.2886],[-83.5794,32.3363],[-83.5237,32.4022],[-83.512,32.3921],[-83.4856,32.4042],[-83.4831,32.4186],[-83.4979,32.4522],[-83.4922,32.4868],[-83.5185,32.4993],[-83.5392,32.5375],[-83.548,32.573],[-83.5351,32.5866],[-83.5475,32.6135],[-83.5429,32.6258],[-83.5628,32.6597],[-83.6193,32.664],[-83.6735,32.6768],[-83.7011,32.6916],[-83.7668,32.6926],[-84.0034,32.5299]]]},"properties":{"GEOID":"47580","NAME":"Warner Robins, GA","LSAD":"M1"}},
{"type":"Feature","geometry":{"type":"MultiPolygon","coordinates":[[[[-122.4055,48.252],[-122.4668,48.2696],[-122.4745,48.2552],[-122.531,48.2498],[-122.5372,48.1837],[-122.512,48.1339],[-122.4867,48.121],[-122.4675,48.1304],[-122.4431,48.107],[-122.4237,48.1029],[-122.3771,48.0576],[-122.3795,48.0874],[-122.4231,48.1223],[-122.4424,48.1308],[-122.4758,48.1668],[-122.4785,48.1881],[-122.4421,48.2094],[-122.4537,48.2289],[-122.4306,48.2362],[-122.3947,48.2299],[-122.4055,48.252]]],[[[-122.7699,48.2275],[-122.763,48.2153],[-122.7115,48.1936],[-122.6866,48.1747],[-122.6767,48.154],[-122.6461,48.164],[-122.6127,48.1559],[-122.5983,48.1106],[-122.614,48.0728],[-122.5949,48.0563],[-122.5967,48.0258],[-122.5818,48.0104],[-122.5416,47.993],[-122.5468,47.9672],[-122.5013,47.9871],[-122.4788,47.9898],[-122.4467,47.9632],[-122.4455,47.9302],[-122.4307,47.9177],[-122.3904,47.9057],[-122.3507,47.9532],[-122.3543,47.9845],[-122.3692,47.9953],[-122.3763,48.0345],[-122.4034,48.0367],[-122.4484,48.0543],[-122.4911,48.0942],[-122.5111,48.0753],[-122.5097,48.0398],[-122.539,48.0502],[-122.5719,48.1021],[-122.5577,48.1179],[-122.5858,48.1824],[-122.6284,48.2225],[-122.693,48.2222],[-122.7212,48.2138],[-122.7283,48.2325],[-122.6587,48.2445],[-122.6526,48.2651],[-122.6259,48.2714],[-122.6185,48.2942],[-122.5749,48.2949],[-122.5583,48.2821],[-122.531,48.2824],[-122.5066,48.31],[-122.5513,48.3421],[-122.5976,48.3576],[-122.5802,48.3716],[-122.585,48.3952],[-122.6647,48.4015],[-122.6737,48.3547],[-122.7226,48.3043],[-122.732,48.2794],[-122.7526,48.2601],[-122.7699,48.2275]]]]},"properties":{"GEOID":"36020","NAME":"Oak Harbor, WA","LSAD":"M2"}},
{"type":"Feature","geometry":{"type":"Polygon","coordinates":[[[-75.5056,41.2325],[-75.5398,41.2255],[-75.5697,41.1987],[-75.5767,41.1779],[-75.5973,41.1632],[-75.6281,41.1283],[-75.6494,41.1223],[-75.6261,41.1106],[-75.6008,41.0845],[-75.496,40.9872],[-75.5746,40.9513],[-75.4936,40.8464],[-75.4742,40.8147],[-75.3833,40.831],[-75.3006,40.8596],[-75.2325,40.8998],[-75.2411,40.9094],[-75.2182,40.9279],[-75.1292,40.9589],[-75.1306,40.9911],[-75.1091,41.0041],[-75.0271,41.0395],[-75.0131,41.0665],[-74.9826,41.0792],[-74.9671,41.0943],[-75.0392,41.0888],[-75.0772,41.1412],[-75.1565,41.1503],[-75.1297,41.2521],[-75.3592,41.2392],[-75.5056,41.2325]]]},"properties":{"GEOID":"20700","NAME":"East Stroudsburg, PA","LSAD":"M1"}},
{"type":"Feature","geometry":{"type":"Polygon","coordinates":[[[-114.0467,40.1169],[-114.0471,39.9061],[-113.7013,39.9055],[-113.2485,39.9047],[-113.025,39.9049],[-112.6039,39.9037],[-112.342,39.9045],[-112.3398,39.9441],[-112.3063,39.9454],[-112.2699,39.9389],[-112.2367,39.9603],[-112.2256,39.9874],[-112.1798,40.0117],[-112.172,40.0395],[-112.1825,40.0591],[-112.1714,40.0856],[-112.1509,40.1073],[-112.1761,40.1308],[-112.1469,40.1778],[-112.1495,40.212],[-112.1797,40.2322],[-112.1916,40.2636],[-112.1879,40.2939],[-112.1985,40.3125],[-112.1755,40.3358],[-112.194,40.3599],[-112.1992,40.3825],[-112.1946,40.4211],[-112.2085,40.4317],[-112.2122,40.4593],[-112.1903,40.4685],[-112.1602,40.4611],[-112.1437,40.4704],[-112.1012,40.4455],[-112.0668,40.4464],[-112.0332,40.4627],[-112.0213,40.4388],[-111.9787,40.4171],[-111.9312,40.4336],[-111.8737,40.4768],[-111.8362,40.4749],[-111.7896,40.4978],[-111.7878,40.5138],[-111.7624,40.5292],[-111.7438,40.5225],[-111.6981,40.5357],[-111.6753,40.533],[-111.6381,40.5678],[-111.6058,40.5644],[-111.5939,40.5771],[-111.5644,40.5847],[-111.5533,40.6093],[-111.6044,40.6665],[-111.594,40.7028],[-111.6146,40.7194],[-111.6213,40.7582],[-111.6491,40.7734],[-111.6411,40.7989],[-111.6456,40.8241],[-111.6661,40.8321],[-111.6741,40.8553],[-111.7067,40.8528],[-111.7387,40.861],[-111.7817,40.8439],[-111.844,40.8322],[-111.8709,40.8217],[-111.9459,40.8218],[-111.966,40.855],[-111.9692,40.8857],[-111.9587,40.9218],[-112.0066,40.9218],[-112.1483,40.8461],[-112.2602,40.7691],[-112.4935,41.0769],[-112.7994,40.9999],[-112.9165,40.9999],[-113.6119,40.9999],[-114.0421,40.9999],[-114.0432,40.7717],[-114.0462,40.3983],[-114.0467,40.1169]]]},"properties":{"GEOID":"41620","NAME":"Salt Lake City, UT","LSAD":"M1"}},
{"type":"Feature","geometry":{"type":"Polygon","coordinates":[[[-148.6633,64.5908],[-148.596,64.6163],[-148.5507,64.6172],[-148.4575,64.5898],[-148.4249,64.5749],[-148.4031,64.5313],[-148.327,64.5122],[-148.2981,64.4874],[-148.2709,64.4918],[-148.2109,64.4488],[-148.2237,64.4353],[-148.1046,64.3776],[-148.1086,64.3622],[-148.0431,64.3428],[-148.0032,64.3466],[-147.9588,64.3245],[-147.8943,64.3063],[-147.8684,64.2876],[-147.8205,64.2812],[-147.7914,64.2618],[-147.7592,64.2572],[-146.9999,64.2572],[-146.6552,64.2572],[-146.5845,64.2642],[-146.4864,64.2818],[-146.3447,64.2764],[-146.2854,64.3041],[-146.2323,64.3108],[-146.2429,64.3555],[-146.1576,64.3827],[-146.0735,64.3871],[-146.0038,64.3811],[-145.9295,64.4189],[-145.8909,64.4294],[-145.8041,64.4309],[-145.7717,64.4379],[-145.74,64.4601],[-145.6829,64.4446],[-145.635,64.4399],[-145.6181,64.4263],[-145.4981,64.4232],[-145.4347,64.4444],[-145.3715,64.4564],[-145.3739,64.4838],[-145.3066,64.4942],[-145.27,64.4909],[-145.2075,64.5084],[-145.0828,64.5073],[-145.0165,64.542],[-144.9853,64.5686],[-144.9234,64.5771],[-144.8257,64.5664],[-144.7481,64.5928],[-144.6721,64.5829],[-144.6212,64.5982],[-144.5525,64.6006],[-144.4601,64.5833],[-144.3194,64.6178],[-144.3128,64.6436],[-144.209,64.6484],[-144.1506,64.6561],[-144.0725,64.6541],[-144.0603,64.7046],[-144.1093,64.7108],[-144.1164,64.7251],[-144.0353,64.7772],[-144.0739,64.7801],[-144.1093,64.8042],[-144.0767,64.821],[-144.1047,64.8492],[-144.0666,64.8622],[-144.078,64.8767],[-144.0548,64.9034],[-144.0874,64.9159],[-144.0118,64.9379],[-143.9869,64.9672],[-144.0968,65.0017],[-144.0855,65.0216],[-143.9896,65.0491],[-143.9211,65.0588],[-143.8928,65.0913],[-143.9736,65.1193],[-144.0224,65.1114],[-144.0567,65.1189],[-144.1372,65.1095],[-144.1911,65.1186],[-144.3314,65.1077],[-144.3412,65.0863],[-144.3927,65.0803],[-144.46,65.0607],[-144.5026,65.0816],[-144.5401,65.0681],[-144.6849,65.1061],[-144.7104,65.0939],[-144.8987,65.1383],[-144.9158,65.1258],[-144.9835,65.137],[-145.0863,65.0983],[-145.1616,65.097],[-145.2259,65.0692],[-145.3497,65.0699],[-145.3956,65.0858],[-145.4407,65.0667],[-145.5194,65.0627],[-145.5233,65.048],[-145.5857,65.0475],[-145.6551,65.0361],[-145.6761,65.0719],[-145.7787,65.08],[-145.7413,65.1023],[-145.6756,65.1159],[-145.6339,65.1368],[-145.6338,65.1538],[-145.6773,65.1849],[-145.7311,65.1826],[-145.8783,65.2154],[-145.9499,65.2055],[-145.9959,65.2288],[-146.0188,65.2282],[-146.081,65.2499],[-146.074,65.2616],[-146.1243,65.2774],[-146.1027,65.2911],[-146.139,65.3152],[-146.0519,65.3567],[-146.0079,65.3594],[-145.9733,65.3941],[-145.987,65.4084],[-146.1098,65.4042],[-146.1672,65.4265],[-146.1724,65.4492],[-146.2057,65.453],[-146.3097,65.4277],[-146.3643,65.4312],[-146.397,65.4184],[-146.465,65.4345],[-146.5078,65.4129],[-146.4903,65.3828],[-146.5487,65.345],[-146.6175,65.3423],[-146.6894,65.3202],[-146.7207,65.3177],[-146.793,65.2945],[-146.9031,65.2834],[-146.9299,65.2688],[-146.9796,65.2821],[-147.0871,65.282],[-147.1196,65.2725],[-147.1531,65.2881],[-147.2156,65.2766],[-147.3168,65.2752],[-147.4005,65.2506],[-147.502,65.2328],[-147.5578,65.2099],[-148.1402,65.2099],[-148.6612,65.2099],[-148.6612,64.8634],[-148.6482,64.8634],[-148.6482,64.5973],[-148.6633,64.5908]]]},"properties":{"GEOID":"21820","NAME":"Fairbanks, AK","LSAD":"M1"}},
{"type":"Feature","geometry":{"type":"Polygon","coordinates":[[[-82.169,35.5278],[-82.2205,35.52],[-82.2243,35.4983],[-82.2425,35.4678],[-82.2658,35.4678],[-82.2805,35.4434],[-82.2701,35.4004],[-82.2613,35.3932],[-82.1934,35.3972],[-82.16,35.4094],[-82.1222,35.3925],[-82.0793,35.3456],[-82.054,35.3354],[-82.0295,35.3015],[-81.9688,35.2578],[-81.9628,35.2269],[-81.9693,35.1872],[-81.8747,35.1841],[-81.7681,35.1804],[-81.7595,35.2226],[-81.7029,35.3573],[-81.6945,35.5019],[-81.692,35.58],[-81.7053,35.5811],[-81.7217,35.6063],[-81.7574,35.6094],[-81.7727,35.5925],[-81.8241,35.575],[-81.8427,35.5423],[-81.905,35.5419],[-81.9676,35.526],[-82.0027,35.5518],[-82.0398,35.5327],[-82.0826,35.5334],[-82.1505,35.518],[-82.169,35.5278]]]},"properties":{"GEOID":"22580","NAME":"Forest City, NC","LSAD":"M2"}},
{"type":"Feature","geometry":{"type":"Polygon","coordinates":[[[-90.5873,34.6414],[-90.9276,34.6439],[-91.052,34.6457],[-91.0548,34.4708],[-91.0003,34.4694],[-91.0027,34.3364],[-91.0563,34.3367],[-91.0549,34.3095],[-91.0729,34.2963],[-91.0752,34.2677],[-91.0628,34.2547],[-91.0751,34.1971],[-91.0938,34.1777],[-91.0837,34.1458],[-91.1179,34.119],[-90.9556,34.1189],[-90.9566,34.1201],[-90.9586,34.1355],[-90.91,34.1655],[-90.8604,34.1392],[-90.8361,34.1379],[-90.8076,34.1618],[-90.8166,34.183],[-90.8544,34.1868],[-90.8876,34.1824],[-90.9144,34.1957],[-90.9345,34.2179],[-90.929,34.2445],[-90.9063,34.2444],[-90.8813,34.2164],[-90.8395,34.2162],[-90.8336,34.2741],[-90.8167,34.2806],[-90.7656,34.2695],[-90.738,34.2893],[-90.7364,34.3121],[-90.7687,34.3478],[-90.7496,34.3681],[-90.7205,34.3608],[-90.6786,34.3711],[-90.6931,34.3226],[-90.6781,34.313],[-90.6575,34.3222],[-90.6668,34.3558],[-90.6409,34.3889],[-90.6135,34.3903],[-90.5862,34.4092],[-90.5777,34.431],[-90.5931,34.4773],[-90.5813,34.5156],[-90.5678,34.524],[-90.5425,34.5401],[-90.5405,34.5579],[-90.5738,34.5921],[-90.5911,34.6192],[-90.5873,34.6414]]]},"properties":{"GEOID":"25760","NAME":"Helena-West Helena, AR","LSAD":"M2"}},
{"type":"Feature","geometry":{"type":"Polygon","coordinates":[[[-79.1369,42.5698],[-79.0963,42.5646],[-79.0831,42.5464],[-79.0608,42.5379],[-79.0331,42.5433],[-78.9917,42.5292],[-78.957,42.4724],[-78.9389,42.468],[-78.896,42.4408],[-78.8365,42.4437],[-78.8097,42.4589],[-78.7808,42.4552],[-78.7288,42.4825],[-78.6457,42.4909],[-78.622,42.5042],[-78.4639,42.5363],[-78.462,42.625],[-78.4632,42.7805],[-78.4881,42.7807],[-78.4863,42.8677],[-78.4644,42.8675],[-78.4631,43.0134],[-78.4655,43.1286],[-78.4604,43.2162],[-78.4664,43.3028],[-78.4655,43.3712],[-78.4889,43.3748],[-78.6343,43.3576],[-78.6867,43.3434],[-78.729,43.339],[-78.8514,43.3122],[-78.988,43.2778],[-79.0705,43.2625],[-79.0561,43.2542],[-79.0487,43.1997],[-79.0531,43.1737],[-79.0424,43.1437],[-79.0691,43.12],[-79.058,43.107],[-79.0745,43.0779],[-79.0071,43.0658],[-78.9994,43.0561],[-79.0233,43.0164],[-79.0116,42.9853],[-78.9618,42.9578],[-78.9324,42.9559],[-78.9057,42.9234],[-78.9061,42.8993],[-78.8579,42.8388],[-78.8718,42.8227],[-78.8536,42.7942],[-78.8657,42.7717],[-78.9182,42.7373],[-78.9442,42.732],[-78.9912,42.7054],[-79.0468,42.6913],[-79.063,42.6647],[-79.0638,42.6448],[-79.1114,42.6134],[-79.1369,42.5698]]]},"properties":{"GEOID":"15380","NAME":"Buffalo-Cheektowaga, NY","LSAD":"M1"}},
{"type":"Feature","geometry":{"type":"Polygon","coordinates":[[[-81.548,32.4893],[-81.5781,32.5123],[-81.5996,32.5076],[-81.6393,32.5325],[-81.6893,32.5462],[-81.7333,32.5858],[-81.7611,32.6004],[-81.8025,32.6364],[-81.8338,32.6534],[-81.8463,32.6476],[-82.0015,32.6069],[-82.0268,32.5552],[-82.0302,32.5388],[-81.9716,32.5135],[-81.9796,32.5015],[-81.9741,32.47],[-81.9621,32.4525],[-81.9187,32.4154],[-81.9634,32.2717],[-81.9541,32.2669],[-81.8927,32.2748],[-81.8417,32.2409],[-81.8163,32.2375],[-81.8067,32.2051],[-81.7809,32.1753],[-81.7809,32.1529],[-81.6249,32.1897],[-81.4358,32.2413],[-81.4643,32.3247],[-81.4878,32.3339],[-81.5077,32.3579],[-81.5223,32.39],[-81.5349,32.3936],[-81.5352,32.4224],[-81.5257,32.4498],[-81.5359,32.4808],[-81.548,32.4893]]]},"properties":{"GEOID":"44340","NAME":"Statesboro, GA","LSAD":"M2"}},
{"type":"Feature","geometry":{"type":"Polygon","coordinates":[[[-90.4298,43.2009],[-90.4299,43.1184],[-90.4269,42.8129],[-90.2496,42.8147],[-90.0352,42.8137],[-89.8384,42.8138],[-89.8372,42.6832],[-89.8376,42.5055],[-89.6676,42.505],[-89.4014,42.5004],[-89.3658,42.5003],[-89.3691,42.845],[-89.0136,42.8476],[-89.0121,43.1107],[-89.0088,43.1977],[-89.0095,43.3235],[-89.0047,43.3717],[-89.0068,43.633],[-89.1272,43.6317],[-89.1269,43.6437],[-89.3694,43.6426],[-89.7187,43.6432],[-89.7858,43.641],[-89.7633,43.6039],[-89.7179,43.5952],[-89.7278,43.5695],[-89.6732,43.5694],[-89.5994,43.5579],[-89.6007,43.3807],[-89.627,43.3667],[-89.6793,43.3602],[-89.7197,43.3197],[-89.727,43.3003],[-89.7133,43.2821],[-89.7332,43.2513],[-89.7544,43.243],[-89.8021,43.2394],[-89.842,43.2025],[-89.9039,43.1881],[-90.0001,43.1946],[-90.0486,43.1669],[-90.0621,43.146],[-90.0824,43.1611],[-90.159,43.1668],[-90.1938,43.1645],[-90.2607,43.1978],[-90.2925,43.2069],[-90.3527,43.2096],[-90.4298,43.2009]]]},"properties":{"GEOID":"31540","NAME":"Madison, WI","LSAD":"M1"}},
{"type":"Feature","geometry":{"type":"Polygon","coordinates":[[[-88.5163,36.5014],[-88.5257,36.2434],[-88.5303,36.152],[-88.4732,36.1499],[-88.2117,36.146],[-88.2126,36.1203],[-88.1765,36.1477],[-88.1727,36.1675],[-88.1406,36.1988],[-88.1358,36.2187],[-88.1134,36.2233],[-88.0829,36.2601],[-88.1027,36.3109],[-88.0877,36.3592],[-87.9909,36.3601],[-88.036,36.4203],[-88.0585,36.4392],[-88.0533,36.4971],[-88.3308,36.5005],[-88.4891,36.5011],[-88.5163,36.5014]]]},"properties":{"GEOID":"37540","NAME":"Paris, TN","LSAD":"M2"}},
{"type":"Feature","geometry":{"type":"Polygon","coordinates":[[[-124.0655,41.4647],[-124.0631,41.4396],[-124.0723,41.3748],[-124.107,41.2297],[-124.1438,41.1447],[-124.1585,41.143],[-124.1595,41.0736],[-124.1254,41.0485],[-124.1118,41.0269],[-124.1181,40.9893],[-124.1371,40.9257],[-124.1583,40.8761],[-124.2019,40.8051],[-124.2484,40.7352],[-124.2891,40.6796],[-124.3294,40.6164],[-124.387,40.505],[-124.3849,40.4898],[-124.4086,40.4432],[-124.4026,40.4221],[-124.3736,40.3929],[-124.3623,40.3428],[-124.3479,40.3146],[-124.3634,40.261],[-124.2893,40.2032],[-124.2149,40.1609],[-124.1879,40.1305],[-124.1105,40.1038],[-124.0807,40.0661],[-124.0804,40.0321],[-124.0564,40.0243],[-124.0233,40.0013],[-123.5445,40.0019],[-123.5439,40.2423],[-123.5443,40.5211],[-123.5441,40.7394],[-123.5572,40.7797],[-123.5598,40.8296],[-123.5869,40.8582],[-123.6158,40.9141],[-123.5993,40.9312],[-123.5724,40.9369],[-123.5602,40.9503],[-123.5118,40.9204],[-123.4815,40.915],[-123.4749,40.9317],[-123.448,40.9438],[-123.4533,40.9642],[-123.4366,40.9737],[-123.4277,41.0007],[-123.406,41.0129],[-123.4233,41.0582],[-123.464,41.0763],[-123.4463,41.0889],[-123.4293,41.118],[-123.4322,41.1625],[-123.4104,41.1707],[-123.4171,41.197],[-123.4376,41.2266],[-123.4468,41.276],[-123.4634,41.3177],[-123.4775,41.3278],[-123.4825,41.3537],[-123.4741,41.3662],[-123.5012,41.3826],[-123.6614,41.3821],[-123.7702,41.3808],[-123.7706,41.4642],[-123.8857,41.4658],[-124.0655,41.4647]]]},"properties":{"GEOID":"21700","NAME":"Eureka-Arcata, CA","LSAD":"M2"}},
{"type":"Feature","geometry":{"type":"Polygon","coordinates":[[[-83.1661,36.1809],[-83.1723,36.1594],[-83.1302,36.1232],[-83.0978,36.114],[-83.0552,36.0871],[-83.0522,36.0779],[-82.9572,36.0001],[-82.8985,35.9451],[-82.8526,35.9491],[-82.826,35.9297],[-82.7875,35.9522],[-82.7853,35.9879],[-82.6836,36.0461],[-82.6323,36.0657],[-82.6029,36.0398],[-82.5772,36.0784],[-82.6478,36.1464],[-82.6296,36.4115],[-82.6318,36.4188],[-82.7026,36.4104],[-82.7269,36.4045],[-82.7515,36.3858],[-82.7797,36.3882],[-82.815,36.3639],[-82.8408,36.3705],[-82.8851,36.3534],[-82.9161,36.3286],[-82.9423,36.3319],[-82.9676,36.3164],[-82.9919,36.2884],[-83.0215,36.2697],[-83.0317,36.2767],[-83.0735,36.2421],[-83.0823,36.2423],[-83.112,36.2208],[-83.1395,36.1889],[-83.1661,36.1809]]]},"properties":{"GEOID":"24620","NAME":"Greeneville, TN","LSAD":"M2"}},
{"type":"Feature","geometry":{"type":"Polygon","coordinates":[[[-76.2017,38.8481],[-76.1911,38.8297],[-76.2003,38.803],[-76.2421,38.8174],[-76.2658,38.8475],[-76.2978,38.8283],[-76.3101,38.7968],[-76.3346,38.7729],[-76.3425,38.749],[-76.334,38.7031],[-76.3128,38.7458],[-76.296,38.7242],[-76.2703,38.7244],[-76.2426,38.7598],[-76.2387,38.7128],[-76.2128,38.6819],[-76.1773,38.676],[-76.1134,38.6213],[-76.0885,38.6259],[-76.0534,38.6038],[-76.0285,38.5723],[-75.9916,38.5921],[-75.9835,38.6251],[-75.9579,38.648],[-75.9452,38.6741],[-76.015,38.7287],[-75.9964,38.7357],[-75.9994,38.7544],[-75.964,38.7797],[-75.8972,38.8152],[-75.9278,38.8389],[-75.9243,38.8604],[-75.9488,38.8784],[-75.9493,38.9183],[-76.097,38.9443],[-76.1155,38.9137],[-76.1035,38.8823],[-76.1637,38.8795],[-76.1931,38.8628],[-76.2017,38.8481]]]},"properties":{"GEOID":"20660","NAME":"Easton, MD","LSAD":"M2"}},
{"type":"Feature","geometry":{"type":"Polygon","coordinates":[[[-82.2159,35.196],[-82.2227,34.928],[-82.2261,34.8566],[-82.1958,34.835],[-82.1595,34.7903],[-82.1355,34.7782],[-82.1152,34.7489],[-82.0872,34.7452],[-82.0667,34.701],[-82.0046,34.6623],[-81.9519,34.6495],[-81.9105,34.6035],[-81.891,34.5925],[-81.8519,34.5948],[-81.8382,34.6462],[-81.8196,34.689],[-81.7828,34.8372],[-81.7591,34.8685],[-81.7141,34.9129],[-81.735,34.933],[-81.7552,34.9306],[-81.7857,35.0193],[-81.8076,35.0356],[-81.8061,35.0572],[-81.8747,35.1841],[-81.9693,35.1872],[-82.2159,35.196]]]},"properties":{"GEOID":"43900","NAME":"Spartanburg, SC","LSAD":"M1"}},
{"type":"Feature","geometry":{"type":"Polygon","coordinates":[[[-119.7121,39.251],[-119.6823,39.2092],[-119.6479,39.1951],[-119.5651,39.1949],[-119.5607,39.1785],[-119.5745,39.1546],[-119.5611,39.1364],[-119.5504,39.0863],[-119.3108,39.0847],[-119.3105,38.9909],[-119.3485,38.9829],[-119.4019,38.9837],[-119.4023,38.9547],[-119.4202,38.9547],[-119.4217,38.8822],[-119.4398,38.8821],[-119.4401,38.853],[-119.4218,38.8529],[-119.4216,38.8239],[-119.403,38.8093],[-119.406,38.7335],[-119.3499,38.7362],[-119.3478,38.6488],[-119.3299,38.6487],[-119.3301,38.5359],[-119.1556,38.4138],[-118.9062,38.4154],[-118.9075,38.7647],[-118.9021,38.7647],[-118.9021,38.8519],[-119.0145,38.852],[-119.0149,38.9441],[-119.001,38.9658],[-118.9187,39.0752],[-118.7551,39.0747],[-118.7551,39.1128],[-118.7922,39.1129],[-118.7922,39.1418],[-118.8668,39.1982],[-118.8908,39.1982],[-118.8907,39.2272],[-118.965,39.2855],[-118.9877,39.2855],[-119.0068,39.3],[-119.0068,39.3156],[-119.0442,39.3301],[-119.0623,39.3593],[-119.0997,39.3879],[-119.1177,39.3887],[-119.1176,39.5189],[-119.0905,39.5189],[-119.0891,39.6368],[-119.0771,39.6368],[-119.0771,39.7226],[-119.1129,39.6891],[-119.158,39.6581],[-119.1893,39.6514],[-119.2573,39.6513],[-119.2831,39.6223],[-119.4788,39.3379],[-119.6473,39.2668],[-119.7121,39.251]]]},"properties":{"GEOID":"22280","NAME":"Fernley, NV","LSAD":"M2"}},
{"type":"Feature","geometry":{"type":"MultiPolygon","coordinates":[[[[-82.0599,26.7704],[-82.0666,26.7427],[-82.085,26.7024],[-82.0914,26.6668],[-82.1258,26.6995],[-82.1738,26.7056],[-82.1816,26.6817],[-82.1426,26.6439],[-82.1477,26.6345],[-82.132,26.6102],[-82.1225,26.555],[-82.1006,26.5108],[-82.1065,26.4914],[-82.0569,26.4937],[-82.0685,26.5135],[-82.0693,26.5354],[-82.0581,26.5484],[-82.0387,26.5256],[-82.0059,26.5344],[-82.0127,26.4869],[-81.9695,26.4765],[-81.9562,26.4526],[-81.9128,26.4294],[-81.9017,26.4111],[-81.869,26.3786],[-81.8458,26.3304],[-81.8191,26.3304],[-81.819,26.3162],[-81.6579,26.3176],[-81.6595,26.4211],[-81.5622,26.4226],[-81.5638,26.5133],[-81.5665,26.7095],[-81.5657,26.7696],[-81.7607,26.7696],[-82.0599,26.7704]]],[[[-82.2241,26.6029],[-82.2209,26.5839],[-82.2053,26.5679],[-82.1864,26.4892],[-82.1729,26.4677],[-82.1267,26.4363],[-82.0981,26.425],[-82.0631,26.4255],[-82.0322,26.4527],[-82.0626,26.4701],[-82.0884,26.4552],[-82.1325,26.4791],[-82.1685,26.4877],[-82.1879,26.5235],[-82.2143,26.6029],[-82.2241,26.6029]]],[[[-82.201,26.7708],[-82.2215,26.7818],[-82.2721,26.7895],[-82.2598,26.728],[-82.2499,26.7629],[-82.2306,26.771],[-82.201,26.7708]]]]},"properties":{"GEOID":"15980","NAME":"Cape Coral-Fort Myers, FL","LSAD":"M1"}},
{"type":"Feature","geometry":{"type":"Polygon","coordinates":[[[-87.3751,37.57],[-87.4992,37.4869],[-87.5936,37.462],[-87.8338,37.3399],[-87.8476,37.3162],[-87.7971,37.3159],[-87.7935,37.2893],[-87.8039,37.2432],[-87.7879,37.2253],[-87.7601,37.2135],[-87.7634,37.1952],[-87.7137,37.1787],[-87.6806,37.1492],[-87.6501,37.1471],[-87.6223,37.1352],[-87.5216,37.1053],[-87.4852,37.1269],[-87.3747,37.1337],[-87.3337,37.1572],[-87.3125,37.1799],[-87.3116,37.1968],[-87.3439,37.2103],[-87.3559,37.2366],[-87.3873,37.2554],[-87.387,37.2736],[-87.372,37.2992],[-87.3452,37.3099],[-87.296,37.3918],[-87.3297,37.4082],[-87.3525,37.4266],[-87.3597,37.5031],[-87.35,37.5141],[-87.3751,37.57]]]},"properties":{"GEOID":"31580","NAME":"Madisonville, KY","LSAD":"M2"}},
{"type":"Feature","geometry":{"type":"Polygon","coordinates":[[[-96.3829,32.3289],[-96.6253,32.2066],[-96.8962,32.074],[-96.8385,31.9883],[-96.7191,31.8149],[-96.4967,31.7962],[-96.3357,31.876],[-96.0548,32.0125],[-96.0665,32.0378],[-96.066,32.0858],[-96.0995,32.0813],[-96.1178,32.095],[-96.1147,32.1265],[-96.1024,32.1423],[-96.1127,32.1568],[-96.1453,32.1528],[-96.1765,32.1814],[-96.1895,32.2023],[-96.2294,32.2362],[-96.2343,32.2504],[-96.2647,32.2522],[-96.2846,32.2636],[-96.2909,32.2892],[-96.331,32.3035],[-96.3829,32.3289]]]},"properties":{"GEOID":"18620","NAME":"Corsicana, TX","LSAD":"M2"}},
{"type":"Feature","geometry":{"type":"Polygon","coordinates":[[[-94.043,33.0192],[-94.0431,32.693],[-94.0429,32.3923],[-94.0427,31.9993],[-94.0173,31.9893],[-93.9739,31.9217],[-93.9535,31.9106],[-93.9292,31.9118],[-93.8974,31.8944],[-93.9019,31.8801],[-93.8825,31.8619],[-93.8791,31.8443],[-93.5989,31.8456],[-93.4412,31.8452],[-93.4406,31.9136],[-93.4239,31.9314],[-93.3988,31.9179],[-93.3779,31.9327],[-93.3555,31.9322],[-93.3728,31.962],[-93.4066,31.988],[-93.4418,31.9894],[-93.4655,32.0255],[-93.4812,32.032],[-93.4831,32.0594],[-93.5016,32.063],[-93.5142,32.0858],[-93.5413,32.1061],[-93.5109,32.1343],[-93.5206,32.1443],[-93.5234,32.177],[-93.5353,32.1928],[-93.5569,32.1921],[-93.5934,32.2057],[-93.6147,32.2375],[-93.4694,32.2372],[-93.4286,32.2353],[-93.4082,32.2504],[-93.4072,32.2844],[-93.4264,32.3033],[-93.4029,32.3687],[-93.4246,32.3773],[-93.4215,32.3996],[-93.3886,32.3964],[-93.3727,32.4102],[-93.4411,32.4105],[-93.4413,32.4978],[-93.4465,32.498],[-93.4449,32.7614],[-93.465,32.7717],[-93.4513,32.8559],[-93.4767,32.8857],[-93.4933,32.9215],[-93.5307,32.9786],[-93.521,33.0186],[-93.8071,33.0194],[-94.043,33.0192]]]},"properties":{"GEOID":"43340","NAME":"Shreveport-Bossier City, LA","LSAD":"M1"}},
{"type":"Feature","geometry":{"type":"Polygon","coordinates":[[[-86.1935,31.1922],[-86.1904,31.0031],[-86.1872,30.994],[-86.035,30.9933],[-85.8935,30.9935],[-85.4983,30.9969],[-85.2436,31.0009],[-85.0025,31.0007],[-84.9994,31.0138],[-85.0114,31.0535],[-85.0286,31.0746],[-85.0356,31.1082],[-85.0547,31.1208],[-85.0766,31.1569],[-85.1002,31.1655],[-85.107,31.2027],[-85.0968,31.2257],[-85.1133,31.2643],[-85.1103,31.2817],[-85.0898,31.295],[-85.0842,31.3283],[-85.0922,31.3646],[-85.0824,31.3845],[-85.0755,31.4248],[-85.0659,31.4306],[-85.0716,31.4684],[-85.0446,31.5209],[-85.0413,31.541],[-85.058,31.5708],[-85.0575,31.6186],[-85.0738,31.6296],[-85.0924,31.66],[-85.1255,31.695],[-85.1189,31.7327],[-85.127,31.7623],[-85.1484,31.7735],[-85.1755,31.7539],[-85.206,31.7418],[-85.2161,31.7024],[-85.416,31.7067],[-85.4164,31.6195],[-85.4153,31.5002],[-85.418,31.4408],[-85.4171,31.2862],[-85.4854,31.2871],[-85.4859,31.2461],[-85.5461,31.2539],[-85.603,31.2724],[-85.6353,31.2756],[-85.6661,31.2673],[-85.6711,31.2502],[-85.7103,31.1952],[-85.7914,31.1963],[-85.9383,31.1963],[-86.1935,31.1922]]]},"properties":{"GEOID":"20020","NAME":"Dothan, AL","LSAD":"M1"}},
{"type":"Feature","geometry":{"type":"Polygon","coordinates":[[[-123.0654,40.287],[-123.0512,40.2679],[-123.0186,40.2628],[-122.989,40.2501],[-122.9751,40.2326],[-122.98,40.2147],[-122.9701,40.1863],[-122.9839,40.172],[-122.9872,40.1452],[-122.9611,40.1],[-122.9732,40.0776],[-122.9528,40.0597],[-122.9517,39.9983],[-122.934,39.9781],[-122.9202,39.9172],[-122.9501,39.9077],[-122.9506,39.8691],[-122.9599,39.845],[-122.9467,39.8335],[-122.9377,39.7982],[-122.682,39.7999],[-122.2518,39.7993],[-122.1783,39.7975],[-122.0465,39.7976],[-122.0649,39.8115],[-122.0592,39.8495],[-122.0449,39.8838],[-121.804,39.8843],[-121.7771,39.8885],[-121.7506,39.9068],[-121.7463,39.9385],[-121.725,39.9676],[-121.7019,39.9844],[-121.646,39.9825],[-121.6354,39.9968],[-121.6362,40.0258],[-121.6086,40.0551],[-121.5956,40.0577],[-121.5956,40.0935],[-121.5864,40.1005],[-121.5106,40.1005],[-121.481,40.1224],[-121.4529,40.1221],[-121.4369,40.1519],[-121.4451,40.1777],[-121.4392,40.1951],[-121.4074,40.1914],[-121.3617,40.2256],[-121.3671,40.2456],[-121.349,40.2645],[-121.3566,40.2975],[-121.3456,40.3127],[-121.3818,40.3405],[-121.4286,40.3503],[-121.4704,40.3502],[-121.481,40.3666],[-121.4796,40.4195],[-121.4976,40.4456],[-121.5651,40.4458],[-121.5897,40.4313],[-121.6089,40.4383],[-121.6458,40.4348],[-121.6859,40.4531],[-121.7201,40.4485],[-121.7349,40.4357],[-121.8065,40.445],[-121.8384,40.4375],[-121.8772,40.4369],[-121.9019,40.421],[-121.9509,40.4189],[-122.0099,40.4268],[-122.1047,40.4101],[-122.1294,40.3988],[-122.1936,40.3923],[-122.1988,40.381],[-122.2524,40.3869],[-122.3104,40.3711],[-122.445,40.3734],[-122.4705,40.3839],[-122.5018,40.3834],[-122.52,40.3937],[-122.5649,40.3655],[-122.5786,40.368],[-122.6102,40.3464],[-122.6503,40.3286],[-122.6895,40.338],[-122.7494,40.3655],[-122.8544,40.3431],[-122.8714,40.3486],[-122.9217,40.3067],[-122.9765,40.3152],[-123.0239,40.3039],[-123.0654,40.287]]]},"properties":{"GEOID":"39780","NAME":"Red Bluff, CA","LSAD":"M2"}},
{"type":"Feature","geometry":{"type":"Polygon","coordinates":[[[-77.6801,34.7206],[-77.9215,34.7197],[-77.9389,34.7232],[-77.9807,34.714],[-78.0079,34.7262],[-78.0662,34.7279],[-78.114,34.7218],[-78.1135,34.7072],[-78.1565,34.6791],[-78.2607,34.5454],[-78.2722,34.5384],[-78.2553,34.5081],[-78.2356,34.4925],[-78.1766,34.4653],[-78.2561,34.3995],[-78.2362,34.3762],[-78.2116,34.3694],[-78.1929,34.3527],[-78.1623,34.357],[-78.1207,34.368],[-78.0785,34.3402],[-78.0143,34.323],[-78.0171,34.2928],[-77.9965,34.2844],[-77.9566,34.2344],[-77.9613,34.2049],[-77.9535,34.1535],[-77.9369,34.1228],[-77.9311,34.0589],[-77.9358,34.005],[-77.9485,33.9713],[-77.9372,33.9292],[-77.9155,33.9717],[-77.8752,34.0747],[-77.8294,34.1633],[-77.7753,34.2333],[-77.7401,34.2725],[-77.6891,34.3203],[-77.6488,34.3484],[-77.5827,34.4007],[-77.5184,34.4409],[-77.5525,34.4712],[-77.5749,34.4787],[-77.6139,34.576],[-77.6801,34.7206]]]},"properties":{"GEOID":"48900","NAME":"Wilmington, NC","LSAD":"M1"}},
{"type":"Feature","geometry":{"type":"Polygon","coordinates":[[[-110.0646,45.3488],[-110.0645,45.1721],[-109.7987,45.1721],[-109.7985,45.0023],[-109.5981,45.0029],[-109.1032,45.0058],[-109.0828,44.9996],[-108.515,44.9997],[-108.2714,45.0002],[-108.2569,45.0065],[-108.2498,45.0316],[-108.2202,45.0783],[-108.2175,45.0941],[-108.1891,45.0997],[-108.1699,45.1327],[-108.1741,45.1582],[-108.1517,45.1695],[-108.1364,45.2046],[-108.0981,45.2205],[-108.6996,45.2177],[-108.6996,45.3489],[-108.6857,45.3919],[-108.6822,45.4331],[-108.6453,45.4641],[-108.4453,45.4644],[-108.4452,45.4604],[-108.3164,45.4605],[-108.3162,45.4895],[-108.1932,45.4895],[-108.1932,45.5185],[-108.0698,45.5185],[-108.0696,45.7835],[-108.0476,45.7835],[-108.0474,45.8995],[-107.8818,45.8992],[-107.8819,45.9281],[-107.8404,45.928],[-107.8404,45.9568],[-107.7988,45.9567],[-107.7988,45.9857],[-107.6745,45.9858],[-107.6745,46.0436],[-107.5115,46.0434],[-107.5176,46.05],[-107.4745,46.103],[-107.467,46.13],[-107.4661,46.1778],[-107.5079,46.1923],[-107.508,46.2213],[-107.5287,46.2212],[-107.5286,46.2502],[-107.5705,46.2647],[-107.5705,46.2937],[-107.6124,46.3081],[-107.6124,46.3516],[-107.6542,46.366],[-107.6542,46.3949],[-107.6961,46.4095],[-107.6963,46.4385],[-107.7173,46.4385],[-107.7175,46.4675],[-107.7548,46.496],[-107.7812,46.496],[-107.7821,46.3952],[-107.9285,46.3953],[-107.9493,46.3661],[-107.9908,46.337],[-108.0119,46.3368],[-108.0116,46.3078],[-108.0293,46.3078],[-108.0294,46.2641],[-108.3208,46.264],[-108.321,46.2497],[-108.3629,46.25],[-108.3629,46.2356],[-108.4049,46.236],[-108.4048,46.133],[-108.9461,46.1319],[-109.4162,46.1324],[-109.4172,46.0448],[-109.423,46.033],[-109.423,45.96],[-109.5066,45.9591],[-109.506,45.8702],[-109.5488,45.8707],[-109.5466,45.7835],[-109.5639,45.7835],[-109.5621,45.6091],[-109.6854,45.609],[-109.6854,45.5656],[-109.8088,45.5659],[-109.8088,45.5225],[-109.932,45.5225],[-109.932,45.3488],[-110.0646,45.3488]]]},"properties":{"GEOID":"13740","NAME":"Billings, MT","LSAD":"M1"}},
{"type":"Feature","geometry":{"type":"Polygon","coordinates":[[[-82.0558,28.3128],[-82.0555,28.2589],[-82.1062,28.2592],[-82.1059,28.1717],[-82.0563,28.1716],[-82.0566,28.1088],[-82.054,27.8546],[-82.0543,27.6464],[-81.7892,27.6462],[-81.5635,27.6466],[-81.3119,27.6462],[-81.1422,27.6432],[-81.131,27.6593],[-81.1443,27.6697],[-81.146,27.7105],[-81.1688,27.7263],[-81.1808,27.7737],[-81.1963,27.7908],[-81.2144,27.8286],[-81.2465,27.8488],[-81.2608,27.847],[-81.2971,27.8596],[-81.3149,27.9012],[-81.3087,27.9219],[-81.3414,27.9325],[-81.3367,27.9496],[-81.3765,27.9783],[-81.387,28.0036],[-81.42,28.0018],[-81.4403,28.0339],[-81.4588,28.0401],[-81.4434,28.0592],[-81.428,28.0393],[-81.394,28.028],[-81.3637,28.0378],[-81.365,28.0682],[-81.3464,28.0847],[-81.4558,28.0849],[-81.4562,28.1432],[-81.5242,28.1428],[-81.5241,28.201],[-81.5575,28.2594],[-81.6572,28.2592],[-81.6573,28.3471],[-81.7907,28.3464],[-81.7909,28.3618],[-81.8576,28.3619],[-81.8575,28.346],[-81.9576,28.3452],[-81.9578,28.3089],[-81.9883,28.307],[-81.9957,28.3188],[-82.0255,28.3229],[-82.0558,28.3128]]]},"properties":{"GEOID":"29460","NAME":"Lakeland-Winter Haven, FL","LSAD":"M1"}},
{"type":"Feature","geometry":{"type":"Polygon","coordinates":[[[-120.0063,39.3165],[-120.0045,39.1656],[-119.8808,39.1655],[-119.8439,39.2008],[-119.7989,39.2152],[-119.7521,39.2444],[-119.7121,39.251],[-119.6473,39.2668],[-119.4788,39.3379],[-119.2831,39.6223],[-119.2573,39.6513],[-119.1893,39.6514],[-119.1893,39.6805],[-119.1706,39.6805],[-119.1709,39.7883],[-119.1898,39.81],[-119.2085,39.81],[-119.2086,39.8995],[-119.2261,39.8994],[-119.2252,39.9994],[-119.3393,39.9986],[-119.3382,40.3116],[-119.3385,40.5178],[-119.313,40.5183],[-119.3132,40.6249],[-119.3093,40.8831],[-119.3096,40.9604],[-119.3298,40.9604],[-119.3311,41.2351],[-119.3057,41.2345],[-119.3046,41.4147],[-119.324,41.4145],[-119.3211,41.5909],[-119.327,41.5906],[-119.327,41.8569],[-119.3242,41.9942],[-119.8761,41.9972],[-119.9992,41.9949],[-119.9983,41.6188],[-119.9995,41.4999],[-119.9999,41.184],[-119.9994,40.8731],[-119.9959,40.4999],[-119.9962,40.2625],[-119.9976,39.9565],[-120.0013,39.7224],[-120.0017,39.5389],[-120.0039,39.4451],[-120.0063,39.3165]]]},"properties":{"GEOID":"39900","NAME":"Reno, NV","LSAD":"M1"}},
{"type":"Feature","geometry":{"type":"Polygon","coordinates":[[[-81.7809,32.1529],[-81.757,32.1051],[-81.7187,32.0894],[-81.6927,32.0883],[-81.6728,32.0639],[-81.6512,32.0584],[-81.6195,32.0322],[-81.5914,31.9793],[-81.5526,31.9574],[-81.5028,31.9628],[-81.4714,31.9722],[-81.4638,31.95],[-81.4249,31.9382],[-81.4044,31.9197],[-81.3829,31.8761],[-81.3781,31.8487],[-81.351,31.8256],[-81.3325,31.834],[-81.311,31.7899],[-81.2774,31.7946],[-81.2609,31.7543],[-81.2191,31.7428],[-81.1984,31.7261],[-81.1928,31.7332],[-81.1306,31.7227],[-81.0704,31.7714],[-81.0359,31.8104],[-81.0758,31.829],[-81.0415,31.8762],[-80.9927,31.8576],[-80.9301,31.9081],[-80.9685,31.9158],[-80.9836,31.9317],[-80.9485,31.9572],[-80.9325,31.9619],[-80.9214,31.9387],[-80.8819,31.9567],[-80.8473,31.9875],[-80.8409,32.0116],[-80.8527,32.0288],[-80.876,32.0168],[-80.9077,32.0382],[-80.9251,32.0419],[-80.9539,32.0701],[-80.9835,32.0795],[-81.0043,32.1024],[-81.0381,32.0837],[-81.0883,32.0999],[-81.1154,32.1147],[-81.1143,32.152],[-81.1281,32.1691],[-81.1231,32.2013],[-81.1566,32.2439],[-81.1257,32.2837],[-81.1223,32.3054],[-81.1415,32.3503],[-81.1616,32.3504],[-81.1818,32.3793],[-81.1787,32.3936],[-81.2055,32.4236],[-81.2,32.468],[-81.2336,32.4985],[-81.2431,32.5202],[-81.2724,32.5304],[-81.2813,32.5564],[-81.3218,32.5595],[-81.3583,32.5736],[-81.3893,32.5954],[-81.5386,32.5091],[-81.548,32.4893],[-81.5359,32.4808],[-81.5257,32.4498],[-81.5352,32.4224],[-81.5349,32.3936],[-81.5223,32.39],[-81.5077,32.3579],[-81.4878,32.3339],[-81.4643,32.3247],[-81.4358,32.2413],[-81.6249,32.1897],[-81.7809,32.1529]]]},"properties":{"GEOID":"42340","NAME":"Savannah, GA","LSAD":"M1"}},
{"type":"Feature","geometry":{"type":"Polygon","coordinates":[[[-121.6965,45.2579],[-121.6863,45.2333],[-121.7156,45.2109],[-121.7482,45.2051],[-121.7486,45.1918],[-121.708,45.1341],[-121.667,45.1205],[-121.6526,45.102],[-121.6587,45.0664],[-121.6833,45.068],[-121.7108,45.0559],[-121.7378,45.0336],[-121.7707,45.0398],[-121.8057,45.0061],[-121.8001,44.9765],[-121.7798,44.9352],[-121.7626,44.9412],[-121.7473,44.9146],[-121.7156,44.9],[-121.7342,44.8857],[-121.7511,44.8567],[-121.753,44.8299],[-121.7251,44.8255],[-121.352,44.8247],[-121.0919,44.8251],[-121.0895,44.8233],[-120.7571,44.8225],[-120.3714,44.8218],[-120.4005,44.8301],[-120.4126,44.8522],[-120.4552,44.8656],[-120.4588,44.8812],[-120.4361,44.8941],[-120.4689,44.9134],[-120.4729,44.9355],[-120.4891,44.9513],[-120.4772,44.9819],[-120.4865,45.0062],[-120.4836,45.0535],[-120.5037,45.0835],[-120.7298,45.0839],[-120.7201,45.1066],[-120.7232,45.1305],[-120.7616,45.1447],[-120.7712,45.1625],[-120.8268,45.176],[-120.8583,45.1951],[-120.9068,45.2031],[-120.9532,45.1964],[-121.0191,45.2128],[-121.0249,45.2752],[-121.0157,45.3071],[-120.9731,45.3203],[-120.9565,45.3103],[-120.9204,45.3593],[-120.8686,45.4011],[-120.8591,45.4599],[-120.8356,45.4712],[-120.8388,45.5159],[-120.8827,45.5276],[-120.9085,45.5582],[-120.8954,45.5893],[-120.9117,45.6052],[-120.9048,45.6216],[-120.9158,45.6413],[-120.944,45.6564],[-120.9835,45.6483],[-121.0074,45.6532],[-121.0849,45.6479],[-121.132,45.6098],[-121.1838,45.6064],[-121.1966,45.6167],[-121.2004,45.6498],[-121.2158,45.6712],[-121.2873,45.687],[-121.3378,45.7049],[-121.3726,45.7031],[-121.4017,45.6929],[-121.4412,45.6973],[-121.4406,45.5194],[-121.4822,45.5196],[-121.4819,45.2581],[-121.6965,45.2579]]]},"properties":{"GEOID":"45520","NAME":"The Dalles, OR","LSAD":"M2"}},
{"type":"Feature","geometry":{"type":"Polygon","coordinates":[[[-77.6748,34.9739],[-77.6534,34.9405],[-77.6511,34.9235],[-77.6661,34.8397],[-77.677,34.7996],[-77.6801,34.7206],[-77.6139,34.576],[-77.5749,34.4787],[-77.5525,34.4712],[-77.5184,34.4409],[-77.4112,34.4964],[-77.307,34.5451],[-77.2337,34.593],[-77.24,34.6034],[-77.2047,34.6334],[-77.1793,34.6443],[-77.1134,34.6831],[-77.1066,34.7123],[-77.1218,34.7315],[-77.1249,34.7544],[-77.166,34.785],[-77.1961,34.8097],[-77.1794,34.8299],[-77.2009,34.8422],[-77.2253,34.8873],[-77.2506,34.9017],[-77.2674,34.9255],[-77.3316,34.9392],[-77.3652,34.9236],[-77.3668,34.9087],[-77.5028,34.9696],[-77.639,34.9845],[-77.6748,34.9739]]]},"properties":{"GEOID":"27340","NAME":"Jacksonville, NC","LSAD":"M1"}},
{"type":"Feature","geometry":{"type":"Polygon","coordinates":[[[-84.9463,35.2877],[-84.9808,35.2198],[-85.0087,35.1837],[-85.0124,35.1523],[-85.0236,35.1251],[-85.0103,35.1008],[-84.994,35.035],[-84.9611,35.0152],[-84.977,34.9877],[-84.6215,34.9883],[-84.3219,34.9884],[-84.2923,35.2067],[-84.3569,35.2337],[-84.4955,35.2855],[-84.5161,35.2665],[-84.667,35.2681],[-84.6854,35.2466],[-84.7161,35.2618],[-84.7404,35.2565],[-84.7498,35.2874],[-84.7826,35.3135],[-84.8249,35.3257],[-84.8602,35.3501],[-84.9258,35.2907],[-84.9463,35.2877]]]},"properties":{"GEOID":"17420","NAME":"Cleveland, TN","LSAD":"M1"}},
{"type":"Feature","geometry":{"type":"Polygon","coordinates":[[[-82.4066,36.8764],[-82.3697,36.8934],[-82.2986,36.9054],[-82.3278,36.971],[-82.3624,36.9557],[-82.3788,36.9808],[-82.4045,36.9863],[-82.4671,37.022],[-82.4916,37.0434],[-82.4966,37.0633],[-82.5461,37.1251],[-82.5538,37.2028],[-82.5925,37.1828],[-82.6335,37.1543],[-82.6516,37.1519],[-82.7221,37.1202],[-82.7223,37.0579],[-82.7821,37.0082],[-82.8227,37.0041],[-82.845,36.9838],[-82.8692,36.9742],[-82.8561,36.9525],[-82.86,36.9252],[-82.8782,36.8928],[-82.8354,36.8479],[-82.7716,36.8],[-82.7481,36.8326],[-82.7063,36.8229],[-82.657,36.8451],[-82.647,36.8673],[-82.6177,36.8808],[-82.4088,36.8851],[-82.4066,36.8764]]]},"properties":{"GEOID":"13720","NAME":"Big Stone Gap, VA","LSAD":"M2"}},
{"type":"Feature","geometry":{"type":"Polygon","coordinates":[[[-121.4369,40.1519],[-121.4529,40.1221],[-121.481,40.1224],[-121.5106,40.1005],[-121.5864,40.1005],[-121.5956,40.0935],[-121.5956,40.0577],[-121.6086,40.0551],[-121.6362,40.0258],[-121.6354,39.9968],[-121.646,39.9825],[-121.7019,39.9844],[-121.725,39.9676],[-121.7463,39.9385],[-121.7506,39.9068],[-121.7771,39.8885],[-121.804,39.8843],[-122.0449,39.8838],[-122.0592,39.8495],[-122.0649,39.8115],[-122.0465,39.7976],[-122.0246,39.7679],[-121.9952,39.7499],[-121.9416,39.6981],[-121.9921,39.6292],[-122.0031,39.5593],[-121.994,39.5339],[-121.974,39.5289],[-121.9452,39.5361],[-121.8565,39.5369],[-121.8773,39.5095],[-121.8694,39.4662],[-121.8835,39.4068],[-121.8944,39.3411],[-121.9083,39.3039],[-121.7984,39.3036],[-121.6301,39.3057],[-121.6112,39.3193],[-121.5942,39.3078],[-121.5631,39.305],[-121.5305,39.3183],[-121.4994,39.3164],[-121.475,39.3333],[-121.4433,39.3315],[-121.4075,39.3398],[-121.3729,39.3646],[-121.3591,39.4091],[-121.3418,39.4224],[-121.3462,39.4442],[-121.3383,39.465],[-121.3148,39.4759],[-121.3051,39.5196],[-121.2771,39.5128],[-121.2402,39.5131],[-121.2405,39.5266],[-121.1499,39.5264],[-121.1499,39.5553],[-121.107,39.5672],[-121.1075,39.5853],[-121.0767,39.5973],[-121.0975,39.6209],[-121.1367,39.6282],[-121.1364,39.6568],[-121.1551,39.6568],[-121.2087,39.7004],[-121.2109,39.7257],[-121.2294,39.7257],[-121.2506,39.754],[-121.2849,39.7816],[-121.3169,39.7967],[-121.3323,39.8257],[-121.3508,39.8257],[-121.3612,39.8555],[-121.3802,39.8554],[-121.4119,39.8714],[-121.411,39.9004],[-121.43,39.9003],[-121.4206,39.9296],[-121.4195,40.0158],[-121.3823,40.0518],[-121.3765,40.1086],[-121.4049,40.1155],[-121.4045,40.1516],[-121.4369,40.1519]]]},"properties":{"GEOID":"17020","NAME":"Chico, CA","LSAD":"M1"}},
{"type":"Feature","geometry":{"type":"Polygon","coordinates":[[[-123.5059,47.5177],[-123.7994,47.5177],[-124.0467,47.5185],[-124.0465,47.5337],[-124.3549,47.5335],[-124.3452,47.489],[-124.3364,47.4051],[-124.3194,47.3556],[-124.2999,47.3484],[-124.2781,47.3064],[-124.2363,47.2873],[-124.209,47.2182],[-124.1767,47.093],[-124.1691,46.9945],[-124.1739,46.9272],[-124.1274,46.9455],[-124.138,46.971],[-124.1374,46.9992],[-124.1513,47.0211],[-124.1221,47.0416],[-124.0659,47.0411],[-124.0263,47.0302],[-123.9916,46.9802],[-123.9592,46.9818],[-123.9216,46.9719],[-123.8591,46.9676],[-123.8702,46.9432],[-123.9575,46.9213],[-123.9851,46.9219],[-124.0137,46.9036],[-124.0493,46.8913],[-124.0551,46.8704],[-124.0893,46.8677],[-124.093,46.9017],[-124.1106,46.9125],[-124.1328,46.8964],[-124.1081,46.8364],[-124.0983,46.7941],[-123.8565,46.7916],[-123.5323,46.794],[-123.3709,46.7921],[-123.1606,46.7934],[-123.1584,46.9959],[-123.2031,46.997],[-123.2019,47.0851],[-123.3687,47.0824],[-123.4889,47.0826],[-123.4908,47.2582],[-123.505,47.2585],[-123.5059,47.5177]]]},"properties":{"GEOID":"10140","NAME":"Aberdeen, WA","LSAD":"M2"}},
{"type":"Feature","geometry":{"type":"Polygon","coordinates":[[[-83.7739,42.0824],[-83.7674,41.821],[-83.7631,41.7235],[-83.4554,41.7328],[-83.4799,41.7574],[-83.4404,41.759],[-83.4396,41.8132],[-83.4096,41.8303],[-83.3837,41.8696],[-83.3428,41.8794],[-83.3197,41.9335],[-83.3012,41.9441],[-83.2628,41.9395],[-83.2503,41.9738],[-83.2097,41.9961],[-83.2087,42.0149],[-83.1817,42.0192],[-83.213,42.0428],[-83.2576,42.0737],[-83.2771,42.0761],[-83.2953,42.0942],[-83.4208,42.0936],[-83.4206,42.0878],[-83.5394,42.0856],[-83.7739,42.0824]]]},"properties":{"GEOID":"33780","NAME":"Monroe, MI","LSAD":"M1"}},
{"type":"Feature","geometry":{"type":"Polygon","coordinates":[[[-87.0988,38.904],[-87.1358,38.872],[-87.1406,38.8435],[-87.1704,38.8469],[-87.2186,38.8191],[-87.2399,38.8193],[-87.2429,38.7792],[-87.2578,38.7686],[-87.2448,38.7485],[-87.257,38.7189],[-87.2791,38.6918],[-87.264,38.6844],[-87.253,38.6315],[-87.2418,38.6198],[-87.2473,38.5831],[-87.2378,38.5757],[-87.2421,38.5449],[-87.2209,38.5388],[-87.2071,38.5517],[-87.1755,38.544],[-87.1354,38.5192],[-87.1005,38.5344],[-87.0873,38.514],[-87.0254,38.5074],[-86.994,38.513],[-86.978,38.5024],[-86.9398,38.495],[-86.9242,38.5054],[-86.9229,38.8172],[-86.9042,38.8175],[-86.9043,38.9042],[-87.0354,38.9025],[-87.0988,38.904]]]},"properties":{"GEOID":"47780","NAME":"Washington, IN","LSAD":"M2"}},
{"type":"Feature","geometry":{"type":"Polygon","coordinates":[[[-121.4726,37.4822],[-121.4843,37.466],[-121.464,37.4538],[-121.4726,37.4233],[-121.4564,37.4067],[-121.4125,37.3894],[-121.4236,37.3588],[-121.4075,37.3131],[-121.454,37.2841],[-121.4557,37.2494],[-121.4222,37.2219],[-121.4046,37.156],[-121.3546,37.1839],[-121.3284,37.166],[-121.2986,37.166],[-121.2823,37.1837],[-121.2621,37.1593],[-121.2371,37.1572],[-121.2268,37.1348],[-120.9647,37.3454],[-120.9901,37.3956],[-120.8858,37.4404],[-120.841,37.4564],[-120.6274,37.5397],[-120.3877,37.6334],[-120.3876,37.6337],[-120.5419,37.7499],[-120.6533,37.8319],[-120.7446,37.9126],[-120.7527,37.9233],[-120.876,38.0289],[-120.9264,38.0774],[-120.9263,37.8867],[-120.9206,37.7383],[-120.9542,37.7384],[-120.9958,37.7602],[-121.0265,37.7418],[-121.0764,37.7376],[-121.1026,37.7413],[-121.1207,37.7223],[-121.1558,37.7198],[-121.1689,37.6991],[-121.2022,37.696],[-121.2185,37.6738],[-121.24,37.6649],[-121.4719,37.4818],[-121.4726,37.4822]]]},"properties":{"GEOID":"33700","NAME":"Modesto, CA","LSAD":"M1"}},
{"type":"Feature","geometry":{"type":"Polygon","coordinates":[[[-99.1695,26.5717],[-99.1667,26.5361],[-99.1278,26.5252],[-99.0916,26.477],[-99.1109,26.4263],[-99.082,26.3965],[-99.0621,26.3974],[-99.0372,26.4138],[-99.0116,26.3925],[-98.9752,26.4011],[-98.953,26.3917],[-98.9561,26.3776],[-98.9032,26.372],[-98.8967,26.3533],[-98.8647,26.3653],[-98.8416,26.3589],[-98.8274,26.3691],[-98.7982,26.3602],[-98.7898,26.3316],[-98.7566,26.331],[-98.7182,26.2873],[-98.7184,26.2714],[-98.6838,26.2644],[-98.679,26.2456],[-98.6542,26.236],[-98.6129,26.2527],[-98.5867,26.2576],[-98.4858,26.4578],[-98.3968,26.6253],[-98.3207,26.7831],[-98.6994,26.7843],[-98.9542,26.7857],[-99.0111,26.675],[-99.1695,26.5717]]]},"properties":{"GEOID":"40100","NAME":"Rio Grande City-Roma, TX","LSAD":"M2"}},
{"type":"Feature","geometry":{"type":"Polygon","coordinates":[[[-86.3744,40.5614],[-86.3758,40.4319],[-86.3092,40.4317],[-86.3093,40.3884],[-86.2808,40.3737],[-86.243,40.3737],[-86.2428,40.4029],[-85.8621,40.4069],[-85.8636,40.5655],[-86.165,40.5626],[-86.3744,40.5614]]]},"properties":{"GEOID":"29020","NAME":"Kokomo, IN","LSAD":"M1"}},
{"type":"Feature","geometry":{"type":"Polygon","coordinates":[[[-86.3181,39.0488],[-86.3175,38.9909],[-86.2804,38.991],[-86.2753,38.7638],[-86.2432,38.7656],[-86.2241,38.7791],[-86.1855,38.7829],[-86.1349,38.7624],[-86.0602,38.7771],[-86.0406,38.7609],[-86.0155,38.7654],[-85.9766,38.7524],[-85.9609,38.7642],[-85.9387,38.7624],[-85.8883,38.7344],[-85.8665,38.7293],[-85.8416,38.7411],[-85.7954,38.8075],[-85.7988,39.0685],[-85.8229,39.0697],[-85.8474,39.0595],[-85.8605,39.0409],[-86.0799,39.036],[-86.0803,39.0503],[-86.1724,39.0486],[-86.3181,39.0488]]]},"properties":{"GEOID":"42980","NAME":"Seymour, IN","LSAD":"M2"}},
{"type":"Feature","geometry":{"type":"Polygon","coordinates":[[[-101.7603,29.872],[-101.7609,29.7819],[-101.7121,29.7628],[-101.69,29.7712],[-101.6625,29.7713],[-101.6464,29.7543],[-101.6303,29.7687],[-101.608,29.7737],[-101.577,29.7691],[-101.5677,29.7987],[-101.5419,29.8108],[-101.535,29.7977],[-101.5392,29.7618],[-101.5032,29.7646],[-101.4616,29.7898],[-101.4504,29.7533],[-101.4356,29.7525],[-101.4098,29.7706],[-101.4002,29.7601],[-101.3984,29.717],[-101.3754,29.7018],[-101.3731,29.6802],[-101.3571,29.6493],[-101.3455,29.6622],[-101.315,29.6591],[-101.3001,29.6405],[-101.3131,29.611],[-101.3118,29.5855],[-101.291,29.5715],[-101.2779,29.5909],[-101.2805,29.6148],[-101.2692,29.63],[-101.2504,29.6242],[-101.2523,29.6042],[-101.2412,29.5654],[-101.2612,29.5368],[-101.2353,29.5249],[-101.1738,29.5146],[-101.1519,29.477],[-101.1153,29.4685],[-101.0871,29.4694],[-101.0602,29.4587],[-101.0366,29.4061],[-101.0042,29.3648],[-100.949,29.3472],[-100.9406,29.3331],[-100.9048,29.312],[-100.8868,29.3078],[-100.8781,29.2809],[-100.834,29.2614],[-100.8133,29.2622],[-100.7942,29.2418],[-100.7456,29.2548],[-100.7391,29.2904],[-100.7466,29.3257],[-100.7122,29.3379],[-100.7061,29.4015],[-100.6991,29.4197],[-100.7,29.6252],[-100.6999,29.8443],[-100.7004,30.2883],[-101.0052,30.2873],[-101.3754,30.288],[-101.7584,30.288],[-101.7603,29.872]]]},"properties":{"GEOID":"19620","NAME":"Del Rio, TX","LSAD":"M2"}},
{"type":"Feature","geometry":{"type":"Polygon","coordinates":[[[-78.0382,41.1536],[-78.0679,41.1325],[-78.1122,41.1142],[-78.0868,41.058],[-78.0569,41.0393],[-78.0732,41.0274],[-78.0562,41.0083],[-78.082,40.9846],[-78.0777,40.9588],[-78.1098,40.9499],[-78.1585,40.9609],[-78.1555,40.9421],[-78.1815,40.9223],[-78.2198,40.9127],[-78.2212,40.8888],[-78.2478,40.8796],[-78.2492,40.8554],[-78.2842,40.851],[-78.3139,40.8088],[-78.3392,40.7982],[-78.3527,40.7687],[-78.3765,40.7544],[-78.3599,40.7326],[-78.1318,40.743],[-78.1165,40.7391],[-77.9442,40.6916],[-77.8943,40.7162],[-77.8245,40.7437],[-77.7685,40.7195],[-77.7187,40.7274],[-77.7103,40.7146],[-77.6813,40.7298],[-77.6526,40.7449],[-77.5934,40.7612],[-77.4385,40.824],[-77.3642,40.8469],[-77.2792,40.9097],[-77.204,40.9927],[-77.1442,41.0443],[-77.3399,40.9872],[-77.4403,40.9744],[-77.5086,40.9629],[-77.58,41.047],[-77.5736,41.0687],[-77.6218,41.0912],[-77.7066,41.1139],[-77.7419,41.1075],[-77.7768,41.1451],[-77.7986,41.182],[-77.8927,41.1783],[-77.8982,41.2528],[-77.9236,41.2264],[-77.9594,41.2175],[-77.9731,41.2042],[-77.973,41.173],[-78.0173,41.1532],[-78.0382,41.1536]]]},"properties":{"GEOID":"44300","NAME":"State College, PA","LSAD":"M1"}},
{"type":"Feature","geometry":{"type":"Polygon","coordinates":[[[-91.855,29.7388],[-91.8783,29.7161],[-91.8518,29.7083],[-91.8337,29.7203],[-91.7729,29.7456],[-91.7371,29.7503],[-91.7138,29.7371],[-91.6729,29.7462],[-91.6279,29.7411],[-91.6168,29.7197],[-91.623,29.671],[-91.637,29.6414],[-91.6261,29.6288],[-91.5781,29.6396],[-91.5546,29.6358],[-91.5356,29.5848],[-91.5374,29.5659],[-91.5173,29.5297],[-91.4961,29.5389],[-91.449,29.5459],[-91.4273,29.5398],[-91.4245,29.5186],[-91.3521,29.5138],[-91.3396,29.4905],[-91.3129,29.4815],[-91.2734,29.4792],[-91.2656,29.5144],[-91.2723,29.5295],[-91.2607,29.5445],[-91.236,29.5504],[-91.2252,29.5763],[-91.1837,29.608],[-91.1637,29.5927],[-91.1365,29.6098],[-91.0826,29.6268],[-91.1041,29.642],[-91.1,29.6994],[-91.1341,29.7241],[-91.1809,29.7285],[-91.2152,29.7512],[-91.2294,29.7489],[-91.2986,29.765],[-91.352,29.7664],[-91.3865,29.7837],[-91.3736,29.8344],[-91.4011,29.8735],[-91.4105,29.901],[-91.472,29.948],[-91.472,29.9563],[-91.6243,29.9455],[-91.7113,29.8461],[-91.855,29.7388]]]},"properties":{"GEOID":"34020","NAME":"Morgan City, LA","LSAD":"M2"}},
{"type":"Feature","geometry":{"type":"Polygon","coordinates":[[[-156.0615,19.7281],[-156.048,19.6989],[-156.0268,19.6762],[-156.0324,19.656],[-156.0008,19.6372],[-155.9738,19.6039],[-155.9559,19.5326],[-155.9602,19.5202],[-155.9482,19.4955],[-155.9241,19.4814],[-155.9278,19.4588],[-155.9214,19.4359],[-155.9049,19.4103],[-155.9109,19.3965],[-155.8867,19.3456],[-155.8887,19.289],[-155.9006,19.2475],[-155.9103,19.1512],[-155.9183,19.1148],[-155.9068,19.0799],[-155.8833,19.0521],[-155.8796,19.0335],[-155.8504,19.0194],[-155.801,19.0101],[-155.7592,18.9773],[-155.7236,18.9664],[-155.684,18.9342],[-155.6828,18.9104],[-155.6548,18.9225],[-155.6274,18.9481],[-155.6196,18.9677],[-155.5992,18.9684],[-155.5937,18.9953],[-155.5518,19.0517],[-155.5549,19.0778],[-155.5013,19.1349],[-155.4501,19.1491],[-155.4147,19.1847],[-155.3992,19.1883],[-155.347,19.2145],[-155.3389,19.2311],[-155.2932,19.2639],[-155.2625,19.2712],[-155.1919,19.2561],[-155.1298,19.274],[-155.0712,19.3117],[-155.0486,19.3143],[-154.9719,19.3499],[-154.9091,19.4065],[-154.8892,19.4156],[-154.8352,19.4617],[-154.8203,19.4789],[-154.8068,19.516],[-154.8113,19.5268],[-154.9026,19.5684],[-154.9471,19.6049],[-154.9796,19.6379],[-154.9826,19.6731],[-154.9781,19.689],[-155.0035,19.7363],[-155.0411,19.7387],[-155.0608,19.7263],[-155.09,19.7346],[-155.0861,19.7835],[-155.0926,19.8093],[-155.0823,19.8359],[-155.0927,19.8647],[-155.119,19.8831],[-155.1254,19.9005],[-155.1773,19.9478],[-155.1961,19.9556],[-155.2135,19.9751],[-155.2803,20.019],[-155.3302,20.0385],[-155.4378,20.0927],[-155.5561,20.1292],[-155.5891,20.1192],[-155.6078,20.138],[-155.6343,20.1444],[-155.6517,20.1654],[-155.7249,20.2016],[-155.731,20.22],[-155.7713,20.2464],[-155.7788,20.242],[-155.837,20.267],[-155.8682,20.2651],[-155.8826,20.2568],[-155.8994,20.2301],[-155.9044,20.1961],[-155.8914,20.1255],[-155.8645,20.0764],[-155.8231,20.0276],[-155.8324,19.9739],[-155.859,19.9629],[-155.8907,19.9286],[-155.8908,19.912],[-155.9233,19.8705],[-155.9221,19.8572],[-155.973,19.848],[-156.001,19.8147],[-156.0383,19.7872],[-156.0492,19.7719],[-156.0531,19.7367],[-156.0615,19.7281]]]},"properties":{"GEOID":"25900","NAME":"Hilo, HI","LSAD":"M2"}},
{"type":"Feature","geometry":{"type":"Polygon","coordinates":[[[-81.7141,34.9129],[-81.7591,34.8685],[-81.7828,34.8372],[-81.8196,34.689],[-81.8382,34.6462],[-81.8519,34.5948],[-81.8136,34.5802],[-81.7162,34.5514],[-81.6609,34.5487],[-81.6436,34.5337],[-81.6178,34.5252],[-81.5884,34.4968],[-81.5529,34.4768],[-81.5404,34.445],[-81.4846,34.49],[-81.4587,34.487],[-81.4232,34.4944],[-81.4275,34.5295],[-81.4227,34.572],[-81.4159,34.6336],[-81.4419,34.6537],[-81.4542,34.6752],[-81.4541,34.7209],[-81.4793,34.7239],[-81.4824,34.7444],[-81.4531,34.7609],[-81.4592,34.7975],[-81.4871,34.8166],[-81.4573,34.8393],[-81.4848,34.8617],[-81.5149,34.8771],[-81.5429,34.8697],[-81.5867,34.8873],[-81.6267,34.8743],[-81.6467,34.9002],[-81.6636,34.8987],[-81.6846,34.913],[-81.7141,34.9129]]]},"properties":{"GEOID":"46420","NAME":"Union, SC","LSAD":"M2"}},
{"type":"Feature","geometry":{"type":"Polygon","coordinates":[[[-90.4298,43.2009],[-90.5454,43.2115],[-90.5889,43.2007],[-90.6086,43.1854],[-90.6604,43.1711],[-90.6899,43.173],[-90.7425,43.1236],[-90.7999,43.1084],[-90.8457,43.0776],[-90.9401,43.0619],[-90.9531,43.0438],[-91.0121,43.0132],[-91.0653,42.9921],[-91.1014,43.0001],[-91.1366,42.9989],[-91.1568,42.9882],[-91.1465,42.9633],[-91.1462,42.9099],[-91.1006,42.8831],[-91.0787,42.8277],[-91.0655,42.7571],[-91.0513,42.737],[-90.9955,42.7137],[-90.9524,42.6868],[-90.9212,42.6854],[-90.8969,42.6753],[-90.8525,42.6648],[-90.7202,42.6408],[-90.7027,42.6308],[-90.687,42.5918],[-90.6615,42.568],[-90.644,42.5399],[-90.6428,42.5085],[-90.4264,42.5071],[-90.4269,42.8129],[-90.4299,43.1184],[-90.4298,43.2009]]]},"properties":{"GEOID":"38420","NAME":"Platteville, WI","LSAD":"M2"}},
{"type":"Feature","geometry":{"type":"Polygon","coordinates":[[[-75.7601,39.2968],[-75.756,39.2461],[-75.7477,39.1433],[-75.7226,38.8299],[-75.5553,38.8356],[-75.5204,38.8557],[-75.5092,38.8758],[-75.4648,38.9112],[-75.4177,38.9143],[-75.3991,38.9269],[-75.4007,38.9477],[-75.361,38.9575],[-75.3528,38.9479],[-75.3119,38.9459],[-75.3184,38.9882],[-75.3409,39.02],[-75.3963,39.0579],[-75.3998,39.0991],[-75.4134,39.1533],[-75.3971,39.2045],[-75.407,39.2257],[-75.409,39.2641],[-75.4348,39.2906],[-75.439,39.3134],[-75.4941,39.3466],[-75.5124,39.3657],[-75.5358,39.3506],[-75.5574,39.3491],[-75.5746,39.3134],[-75.6196,39.3101],[-75.6513,39.2916],[-75.7149,39.2994],[-75.7601,39.2968]]]},"properties":{"GEOID":"20100","NAME":"Dover, DE","LSAD":"M1"}},
{"type":"Feature","geometry":{"type":"Polygon","coordinates":[[[-123.5059,47.5177],[-123.505,47.2585],[-123.4908,47.2582],[-123.4889,47.0826],[-123.3687,47.0824],[-123.2019,47.0851],[-123.0751,47.0848],[-123.0606,47.114],[-123.0154,47.1238],[-123.0024,47.1513],[-122.9528,47.1701],[-122.947,47.1856],[-122.9113,47.176],[-122.9035,47.1575],[-122.8584,47.1678],[-122.8392,47.2097],[-122.8684,47.2514],[-122.8684,47.2802],[-122.8315,47.3143],[-122.8216,47.3468],[-122.8011,47.3586],[-122.8012,47.4036],[-122.801,47.5204],[-122.9397,47.5225],[-123.0237,47.5203],[-123.0338,47.4941],[-123.0916,47.433],[-123.1202,47.3915],[-123.1058,47.3724],[-123.0856,47.3748],[-123.0243,47.3613],[-123.0132,47.3786],[-122.9775,47.3962],[-122.9411,47.4031],[-122.8884,47.424],[-122.9114,47.3891],[-122.9839,47.3746],[-123.0303,47.3509],[-123.0704,47.3497],[-123.1056,47.3567],[-123.1099,47.3424],[-123.1404,47.3418],[-123.1596,47.3544],[-123.1415,47.4036],[-123.1013,47.4634],[-123.0574,47.5008],[-123.0486,47.5292],[-122.9819,47.6067],[-123.367,47.6075],[-123.377,47.6046],[-123.5059,47.6046],[-123.5059,47.5177]]]},"properties":{"GEOID":"43220","NAME":"Shelton, WA","LSAD":"M2"}},
{"type":"Feature","geometry":{"type":"Polygon","coordinates":[[[-92.9785,33.3771],[-92.9888,33.0173],[-92.7247,33.0143],[-92.2228,33.0091],[-92.069,33.0082],[-92.0827,33.0312],[-92.1049,33.03],[-92.1174,33.072],[-92.1294,33.0705],[-92.1368,33.1068],[-92.1199,33.1195],[-92.1083,33.1458],[-92.1789,33.1864],[-92.1781,33.2066],[-92.2103,33.2022],[-92.2444,33.2502],[-92.2888,33.2633],[-92.3265,33.2627],[-92.327,33.2771],[-92.3593,33.2825],[-92.3503,33.2988],[-92.3801,33.2788],[-92.4453,33.2744],[-92.473,33.2937],[-92.4784,33.3274],[-92.5242,33.3169],[-92.5326,33.3531],[-92.5731,33.37],[-92.5972,33.3713],[-92.624,33.3592],[-92.6456,33.3686],[-92.6569,33.3579],[-92.7149,33.3705],[-92.7201,33.3822],[-92.7602,33.3877],[-92.7942,33.3726],[-92.9785,33.3771]]]},"properties":{"GEOID":"20980","NAME":"El Dorado, AR","LSAD":"M2"}},
{"type":"Feature","geometry":{"type":"Polygon","coordinates":[[[-100.2122,28.1968],[-100.1579,28.1675],[-100.1411,28.1681],[-100.0834,28.144],[-100.0556,28.1011],[-100.0531,28.0847],[-100.0179,28.0648],[-100.0074,28.0209],[-99.9898,27.9929],[-99.9318,27.981],[-99.9385,27.9541],[-99.9175,27.918],[-99.9001,27.9121],[-99.8941,27.893],[-99.9015,27.8642],[-99.882,27.8504],[-99.8742,27.8157],[-99.878,27.8007],[-99.8509,27.794],[-99.8351,27.7629],[-99.8131,27.774],[-99.8017,27.7418],[-99.7707,27.7321],[-99.7215,27.6662],[-99.7046,27.655],[-99.6689,27.66],[-99.6659,27.636],[-99.6389,27.6268],[-99.6035,27.642],[-99.5781,27.6192],[-99.5419,27.606],[-99.5301,27.5802],[-99.5111,27.5645],[-99.5219,27.5441],[-99.5283,27.4989],[-99.4968,27.5001],[-99.4793,27.4786],[-99.4951,27.4515],[-99.4875,27.4124],[-99.4921,27.3805],[-99.5078,27.3542],[-99.5044,27.3399],[-99.5378,27.3176],[-99.5297,27.3061],[-99.4946,27.3035],[-99.4966,27.2717],[-99.4807,27.26],[-99.4538,27.2651],[-99.3706,27.3192],[-99.3336,27.2732],[-98.9547,27.2694],[-98.7981,27.268],[-98.7983,27.354],[-98.7992,27.5043],[-98.802,27.7216],[-98.8033,28.0575],[-99.0288,28.0486],[-99.1288,28.0425],[-99.3889,28.0304],[-99.3942,28.2046],[-99.6955,28.2014],[-100.1137,28.1978],[-100.2122,28.1968]]]},"properties":{"GEOID":"29700","NAME":"Laredo, TX","LSAD":"M1"}},
{"type":"Feature","geometry":{"type":"Polygon","coordinates":[[[-86.3035,34.0991],[-86.3324,34.0465],[-86.3327,33.9861],[-86.3495,33.9573],[-86.3256,33.9401],[-86.29,33.9837],[-86.2744,33.9886],[-86.2513,33.9659],[-86.2302,33.9828],[-86.1988,33.9888],[-86.1926,33.9736],[-86.1681,33.9652],[-86.1667,33.9282],[-86.1461,33.9171],[-86.1418,33.9011],[-86.1191,33.9001],[-86.0974,33.8614],[-86.0731,33.8658],[-86.0653,33.8422],[-86.0488,33.8527],[-86.0213,33.8515],[-85.9952,33.8649],[-85.9865,33.8937],[-85.9692,33.9146],[-85.9345,33.921],[-85.9343,33.9064],[-85.8996,33.9064],[-85.8997,33.943],[-85.8818,33.9503],[-85.8114,33.9471],[-85.741,33.9353],[-85.739,33.9685],[-85.7371,33.9892],[-85.7971,34.1002],[-85.7905,34.1234],[-85.812,34.1251],[-85.8415,34.1111],[-85.8436,34.2],[-85.9839,34.1993],[-86.1061,34.2008],[-86.1056,34.1862],[-86.1672,34.1875],[-86.2005,34.177],[-86.3035,34.0991]]]},"properties":{"GEOID":"23460","NAME":"Gadsden, AL","LSAD":"M1"}},
{"type":"Feature","geometry":{"type":"Polygon","coordinates":[[[-82.9209,35.292],[-82.9192,35.2708],[-82.9354,35.2251],[-82.9596,35.2155],[-82.9688,35.1946],[-82.9869,35.1876],[-82.9966,35.1634],[-82.9839,35.1313],[-83.0449,35.0771],[-83.0551,35.054],[-83.0087,35.0276],[-82.8976,35.056],[-82.7833,35.0856],[-82.7774,35.0641],[-82.7577,35.068],[-82.6865,35.1082],[-82.6097,35.139],[-82.5742,35.1437],[-82.5907,35.162],[-82.604,35.2218],[-82.6102,35.2882],[-82.6474,35.3289],[-82.7451,35.423],[-82.7456,35.4073],[-82.7878,35.381],[-82.8051,35.348],[-82.832,35.3183],[-82.8764,35.3146],[-82.9209,35.292]]]},"properties":{"GEOID":"14820","NAME":"Brevard, NC","LSAD":"M2"}},
{"type":"Feature","geometry":{"type":"Polygon","coordinates":[[[-80.4403,36.5506],[-80.7048,36.5623],[-80.8376,36.5591],[-80.9017,36.5617],[-80.9269,36.5013],[-80.9736,36.4535],[-80.9472,36.4191],[-80.9672,36.402],[-80.9421,36.3736],[-80.9052,36.3605],[-80.8939,36.3418],[-80.8687,36.3264],[-80.8732,36.2363],[-80.8084,36.2543],[-80.7523,36.2633],[-80.6846,36.2688],[-80.6698,36.251],[-80.6533,36.2526],[-80.643,36.2726],[-80.6162,36.2804],[-80.5928,36.2699],[-80.548,36.2854],[-80.5318,36.258],[-80.4667,36.2598],[-80.4527,36.2417],[-80.4483,36.4059],[-80.4403,36.5506]]]},"properties":{"GEOID":"34340","NAME":"Mount Airy, NC","LSAD":"M2"}},
{"type":"Feature","geometry":{"type":"Polygon","coordinates":[[[-121.3797,47.0875],[-121.3741,47.057],[-121.3998,47.0335],[-121.4065,46.9987],[-121.4458,46.9802],[-121.4551,46.9648],[-121.4495,46.9344],[-121.4754,46.9133],[-121.497,46.9083],[-121.5231,46.8728],[-121.4973,46.8629],[-121.4744,46.8204],[-121.4425,46.793],[-121.4552,46.7838],[-121.408,46.7283],[-121.3688,46.7262],[-121.3767,46.6865],[-121.4132,46.6759],[-121.4137,46.6487],[-121.3864,46.636],[-121.3868,46.6208],[-121.4076,46.6015],[-121.4057,46.5823],[-121.4244,46.5706],[-121.4198,46.5447],[-121.451,46.5339],[-121.4501,46.5035],[-121.43,46.4984],[-121.4366,46.4782],[-121.4156,46.4598],[-121.4073,46.4299],[-121.3866,46.4106],[-121.3966,46.3882],[-121.5223,46.3882],[-121.5223,46.044],[-121.2557,46.0449],[-120.8221,46.0413],[-120.6143,46.041],[-120.1461,46.0415],[-119.8658,46.0409],[-119.8665,46.2146],[-119.8736,46.2146],[-119.874,46.6283],[-119.9015,46.6356],[-119.9464,46.6759],[-119.9727,46.7232],[-119.973,46.7371],[-120.1285,46.7362],[-120.51,46.7379],[-120.5086,46.8249],[-120.634,46.8258],[-120.6346,46.9121],[-120.8143,46.911],[-121.0266,46.9113],[-121.0424,46.9221],[-121.0688,46.9585],[-121.09,46.9693],[-121.0901,46.991],[-121.1208,46.9982],[-121.136,47.0174],[-121.2102,47.0535],[-121.2224,47.0669],[-121.281,47.0888],[-121.3113,47.0769],[-121.3797,47.0875]]]},"properties":{"GEOID":"49420","NAME":"Yakima, WA","LSAD":"M1"}},
{"type":"Feature","geometry":{"type":"Polygon","coordinates":[[[-87.5989,30.9975],[-87.5892,30.9645],[-87.6221,30.8854],[-87.6349,30.8659],[-87.6273,30.848],[-87.6005,30.8206],[-87.5819,30.8124],[-87.5521,30.7863],[-87.5326,30.7435],[-87.5023,30.7216],[-87.4514,30.6998],[-87.407,30.6752],[-87.3936,30.6309],[-87.3993,30.6056],[-87.4186,30.5618],[-87.4466,30.5271],[-87.4356,30.4805],[-87.4147,30.4573],[-87.3708,30.4469],[-87.3712,30.4305],[-87.4035,30.4102],[-87.4296,30.4065],[-87.4514,30.3672],[-87.451,30.3463],[-87.4649,30.3333],[-87.5047,30.324],[-87.5028,30.3073],[-87.4596,30.3083],[-87.4524,30.3002],[-87.5183,30.2804],[-87.4274,30.2963],[-87.3144,30.3215],[-87.3002,30.3281],[-87.2709,30.3168],[-87.1554,30.3277],[-86.953,30.3654],[-86.7995,30.3872],[-86.7956,30.6172],[-86.7939,30.6259],[-86.7857,30.997],[-87.1408,30.9995],[-87.2377,30.9964],[-87.255,30.9983],[-87.5989,30.9975]]]},"properties":{"GEOID":"37860","NAME":"Pensacola-Ferry Pass-Brent, FL","LSAD":"M1"}},
{"type":"Feature","geometry":{"type":"Polygon","coordinates":[[[-117.0182,41.9993],[-117.0186,41.7499],[-117.0183,41.4999],[-117.0187,41.2963],[-117.0184,41.0003],[-116.5868,41.0004],[-116.5871,40.947],[-116.5968,40.9465],[-116.5957,40.7069],[-116.5961,40.5629],[-116.5942,40.3203],[-116.5993,40.1563],[-116.6,40.0723],[-116.5904,40.0723],[-116.591,39.6337],[-116.5929,39.6337],[-116.5929,39.3749],[-116.5968,39.3728],[-116.5971,39.1762],[-116.6009,39.1615],[-116.3352,39.1618],[-116.0023,39.1612],[-115.9071,39.1618],[-115.9072,39.4643],[-115.8759,39.4657],[-115.8703,39.4871],[-115.8422,39.5112],[-115.8317,39.5367],[-115.8382,39.5562],[-115.8135,39.5935],[-115.8275,39.646],[-115.824,39.6859],[-115.8331,39.7294],[-115.8101,39.7619],[-115.8125,39.8245],[-115.7949,39.8531],[-115.8078,39.8992],[-115.8024,39.9128],[-115.8181,39.9328],[-115.8148,39.9489],[-115.8357,39.9947],[-115.8272,40.0234],[-115.8273,40.0626],[-115.8397,40.0986],[-115.8222,40.1281],[-115.5009,40.1279],[-115.2637,40.1225],[-114.8643,40.1224],[-114.3673,40.1175],[-114.0467,40.1169],[-114.0462,40.3983],[-114.0432,40.7717],[-114.0421,40.9999],[-114.0414,41.22],[-114.0402,41.4917],[-114.0396,41.8848],[-114.0415,41.9939],[-114.2818,41.9942],[-114.4676,41.9955],[-114.5983,41.9945],[-114.8064,42.0018],[-114.8759,42.0013],[-115.0382,41.996],[-115.3139,41.9961],[-115.6259,41.9974],[-115.9416,41.9965],[-116.3328,41.9973],[-116.3685,41.9963],[-116.6268,41.9978],[-117.0182,41.9993]]]},"properties":{"GEOID":"21220","NAME":"Elko, NV","LSAD":"M2"}},
{"type":"Feature","geometry":{"type":"Polygon","coordinates":[[[-87.151,33.9932],[-87.1341,33.9651],[-87.1124,33.9595],[-87.1052,33.936],[-87.0856,33.9192],[-87.0918,33.8901],[-87.0071,33.8889],[-87.0062,33.8672],[-86.9634,33.8582],[-86.9323,33.8673],[-86.9198,33.8846],[-86.9257,33.9074],[-86.8866,33.9169],[-86.8852,33.9341],[-86.8553,33.9397],[-86.8201,33.9575],[-86.764,33.9742],[-86.7613,33.9954],[-86.7097,34.029],[-86.7044,34.0813],[-86.6688,34.0838],[-86.6534,34.1072],[-86.6208,34.1222],[-86.5998,34.1217],[-86.574,34.1654],[-86.55,34.1813],[-86.5567,34.1931],[-86.5382,34.2242],[-86.524,34.2261],[-86.5196,34.2518],[-86.4871,34.2602],[-86.453,34.2593],[-86.4594,34.2891],[-86.4775,34.3028],[-86.5819,34.3047],[-86.8387,34.3082],[-86.9786,34.3116],[-87.0927,34.3123],[-87.1099,34.2993],[-87.1122,34.1251],[-87.112,33.9924],[-87.151,33.9932]]]},"properties":{"GEOID":"18980","NAME":"Cullman, AL","LSAD":"M2"}},
{"type":"Feature","geometry":{"type":"Polygon","coordinates":[[[-75.9976,40.9133],[-75.886,40.8163],[-75.7578,40.7354],[-75.8083,40.7073],[-75.8915,40.6773],[-75.8239,40.6328],[-75.5297,40.447],[-75.4841,40.4185],[-75.4097,40.488],[-75.2935,40.562],[-75.2582,40.582],[-75.1968,40.6086],[-75.1904,40.5916],[-75.1453,40.629],[-75.1088,40.6395],[-75.077,40.6635],[-75.0169,40.6946],[-74.9706,40.7098],[-74.9046,40.7806],[-74.8505,40.804],[-74.8238,40.8441],[-74.8024,40.8647],[-74.8038,40.8858],[-74.7694,40.9109],[-74.9671,41.0943],[-74.9826,41.0792],[-75.0131,41.0665],[-75.0271,41.0395],[-75.1091,41.0041],[-75.1306,40.9911],[-75.1292,40.9589],[-75.2182,40.9279],[-75.2411,40.9094],[-75.2325,40.8998],[-75.3006,40.8596],[-75.3833,40.831],[-75.4742,40.8147],[-75.4936,40.8464],[-75.5746,40.9513],[-75.496,40.9872],[-75.6008,41.0845],[-75.6261,41.1106],[-75.6494,41.1223],[-75.6675,41.134],[-75.6927,41.1313],[-75.7376,41.102],[-75.7675,41.0917],[-75.7703,41.0501],[-75.7427,41.0314],[-75.7322,41.0081],[-75.9976,40.9133]]]},"properties":{"GEOID":"10900","NAME":"Allentown-Bethlehem-Easton, PA-NJ","LSAD":"M1"}},
{"type":"Feature","geometry":{"type":"Polygon","coordinates":[[[-120.5417,37.0445],[-120.5954,37.0015],[-120.5906,36.9526],[-120.6559,36.9528],[-120.9187,36.7404],[-120.6037,36.4882],[-120.5972,36.4882],[-120.5966,36.3285],[-120.63,36.3169],[-120.6631,36.3144],[-120.6827,36.2944],[-120.6786,36.2673],[-120.6797,36.2467],[-120.6271,36.203],[-120.6546,36.1677],[-120.668,36.1606],[-120.6488,36.108],[-120.5923,36.0918],[-120.592,36.0713],[-120.5404,36.0367],[-120.4787,36.0102],[-120.4331,35.9689],[-120.4072,35.9744],[-120.3604,35.9644],[-120.3565,35.9481],[-120.3151,35.9072],[-120.1821,36.0106],[-119.9589,36.1814],[-119.9592,36.401],[-119.7539,36.402],[-119.747,36.4164],[-119.7123,36.4194],[-119.6813,36.4296],[-119.6663,36.419],[-119.5732,36.4888],[-119.4663,36.5752],[-119.3051,36.5737],[-119.3046,36.6606],[-119.0883,36.6575],[-118.9848,36.6571],[-118.9824,36.7416],[-118.751,36.7397],[-118.555,36.7391],[-118.5555,36.7447],[-118.3606,36.7448],[-118.3802,36.7822],[-118.3742,36.8005],[-118.3898,36.8345],[-118.3615,36.8453],[-118.3699,36.8701],[-118.3608,36.8877],[-118.4091,36.9805],[-118.4226,37.0244],[-118.4417,37.045],[-118.4479,37.0687],[-118.4673,37.0667],[-118.5031,37.0952],[-118.538,37.1136],[-118.5684,37.1153],[-118.5927,37.1381],[-118.6546,37.1418],[-118.6723,37.1685],[-118.6668,37.19],[-118.6816,37.2052],[-118.6846,37.2428],[-118.6652,37.261],[-118.716,37.3282],[-118.74,37.3152],[-118.7867,37.3434],[-118.7697,37.3688],[-118.79,37.394],[-118.7798,37.4217],[-118.7596,37.4356],[-118.7958,37.4884],[-118.8505,37.4758],[-118.8608,37.5015],[-118.8817,37.5103],[-118.9172,37.5503],[-118.9527,37.5658],[-118.9641,37.5581],[-119.0023,37.5711],[-119.0224,37.5857],[-119.2867,37.3749],[-119.3122,37.3527],[-119.3156,37.3258],[-119.3353,37.3118],[-119.3306,37.2058],[-119.3606,37.1805],[-119.3865,37.1495],[-119.4087,37.1612],[-119.4349,37.147],[-119.4626,37.1442],[-119.4706,37.1106],[-119.4931,37.1238],[-119.4901,37.1386],[-119.517,37.1471],[-119.5235,37.1293],[-119.5594,37.1436],[-119.5672,37.1159],[-119.5376,37.1051],[-119.559,37.0881],[-119.5684,37.0636],[-119.6049,37.071],[-119.6207,37.0271],[-119.6393,37.0433],[-119.6594,37.0389],[-119.6586,37.0133],[-119.6908,37.012],[-119.7405,36.9702],[-119.7416,36.9439],[-119.7527,36.9244],[-119.7727,36.9186],[-119.7852,36.8856],[-119.8187,36.8481],[-119.8348,36.8525],[-119.9278,36.8485],[-119.9435,36.834],[-119.9899,36.8382],[-120.0281,36.8145],[-120.0795,36.8253],[-120.1043,36.8134],[-120.1687,36.8035],[-120.1888,36.7764],[-120.2175,36.7887],[-120.2292,36.7697],[-120.2727,36.7741],[-120.2897,36.7696],[-120.3242,36.7863],[-120.3691,36.7848],[-120.3791,36.8172],[-120.4007,36.8224],[-120.4562,36.8629],[-120.4668,36.8922],[-120.4503,36.9112],[-120.4752,36.9393],[-120.4838,36.971],[-120.4995,36.982],[-120.5138,37.011],[-120.5281,37.0126],[-120.5417,37.0445]]]},"properties":{"GEOID":"23420","NAME":"Fresno, CA","LSAD":"M1"}},
{"type":"Feature","geometry":{"type":"Polygon","coordinates":[[[-101.1669,44.2696],[-101.1668,44.1681],[-100.9038,44.1682],[-100.5163,44.1684],[-100.3672,44.1687],[-100.3672,44.1946],[-99.9382,44.1952],[-99.9103,44.1546],[-99.8845,44.1296],[-99.8603,44.1236],[-99.7687,44.1357],[-99.7504,44.1328],[-99.6545,44.1017],[-99.6122,44.1037],[-99.5988,44.1238],[-99.6103,44.1489],[-99.658,44.1686],[-99.6958,44.1724],[-99.7107,44.1846],[-99.7014,44.2034],[-99.6635,44.2175],[-99.6637,44.5481],[-100.0408,44.5483],[-100.5265,44.5474],[-100.593,44.5566],[-100.6209,44.5667],[-100.6401,44.5837],[-100.6424,44.6218],[-100.6248,44.6516],[-100.6138,44.7071],[-100.6301,44.7372],[-100.6803,44.7474],[-100.7176,44.7709],[-100.7436,44.7761],[-100.7697,44.7582],[-100.812,44.768],[-100.8298,44.7832],[-100.888,44.7697],[-100.9172,44.7696],[-100.9754,44.7514],[-100.9877,44.732],[-101.0226,44.7242],[-101.0555,44.7401],[-101.0832,44.7384],[-101.1368,44.7471],[-101.1372,44.69],[-101.1545,44.6899],[-101.1552,44.3431],[-101.1668,44.3431],[-101.1669,44.2696]]]},"properties":{"GEOID":"38180","NAME":"Pierre, SD","LSAD":"M2"}},
{"type":"Feature","geometry":{"type":"Polygon","coordinates":[[[-78.0066,36.2026],[-78.1822,35.9388],[-78.256,35.8181],[-78.2458,35.7892],[-78.2491,35.7724],[-78.204,35.7279],[-78.1921,35.7305],[-78.1471,35.7458],[-78.0198,35.7945],[-77.8974,35.8439],[-77.874,35.8497],[-77.8447,35.8376],[-77.8284,35.8672],[-77.7513,35.8278],[-77.7184,35.7288],[-77.6651,35.6749],[-77.5155,35.762],[-77.4723,35.8011],[-77.4255,35.8054],[-77.4096,35.8264],[-77.3902,35.8331],[-77.3504,35.8192],[-77.3493,35.8676],[-77.3424,35.9053],[-77.4092,35.9987],[-77.4026,36.005],[-77.4279,36.0053],[-77.4378,36.0191],[-77.4749,36.0378],[-77.5176,36.0368],[-77.5401,36.0608],[-77.5266,36.0713],[-77.5332,36.0907],[-77.552,36.0989],[-77.6259,36.1116],[-77.644,36.1381],[-77.6995,36.1529],[-77.7372,36.1537],[-77.7837,36.1415],[-77.8007,36.145],[-77.8883,36.1453],[-77.918,36.1815],[-77.9831,36.1799],[-78.0066,36.2026]]]},"properties":{"GEOID":"40580","NAME":"Rocky Mount, NC","LSAD":"M1"}},
{"type":"Feature","geometry":{"type":"Polygon","coordinates":[[[-107.4209,37],[-107.4306,36.9701],[-107.4567,36.9532],[-107.4514,36.904],[-107.5304,36.8609],[-107.556,36.8571],[-107.5998,36.8153],[-107.6182,36.8043],[-107.6194,36.6753],[-107.6234,36.6753],[-107.6265,36.4363],[-107.6243,36.2198],[-107.4111,36.218],[-107.3046,36.2146],[-107.254,36.2166],[-106.8851,36.2166],[-106.8853,35.999],[-106.5293,36.0004],[-106.2472,36.0014],[-106.2482,35.9663],[-106.2456,35.9307],[-106.0543,35.9308],[-106.0542,35.9859],[-106.0631,36.002],[-105.7168,36.0023],[-105.7175,35.9787],[-105.7076,35.9687],[-105.6452,35.9622],[-105.6321,35.9796],[-105.5724,35.9725],[-105.5371,35.9909],[-105.5304,36.013],[-105.7359,36.1001],[-105.7614,36.1298],[-105.8569,36.2304],[-106.0584,36.297],[-106.036,36.3267],[-105.9986,36.3337],[-105.9603,36.3536],[-105.9519,36.3745],[-105.9555,36.4191],[-105.9388,36.4624],[-105.9418,36.4966],[-105.9524,36.5196],[-105.9557,36.5756],[-105.9718,36.6324],[-105.9709,36.6831],[-105.981,36.7137],[-105.9799,36.7673],[-105.9845,36.8114],[-105.9746,36.8375],[-105.9719,36.8862],[-105.988,36.9405],[-106.0047,36.9765],[-106.0063,36.9953],[-106.2015,36.9941],[-106.6172,36.993],[-106.8698,36.9924],[-106.8773,37.0001],[-107.1969,37.0001],[-107.4209,37]]]},"properties":{"GEOID":"21580","NAME":"Española, NM","LSAD":"M2"}},
{"type":"Feature","geometry":{"type":"Polygon","coordinates":[[[-83.9779,38.1921],[-83.9902,38.1751],[-84.0805,38.1151],[-83.9997,37.9885],[-83.9663,37.9308],[-83.9599,37.9338],[-83.8787,37.9051],[-83.8125,37.9033],[-83.77,37.9178],[-83.7487,37.8951],[-83.6774,37.8565],[-83.6566,37.8322],[-83.5903,37.8183],[-83.5514,37.8216],[-83.5262,37.8335],[-83.517,37.8517],[-83.492,37.864],[-83.496,37.8906],[-83.4443,37.9425],[-83.4339,38.034],[-83.4634,38.017],[-83.4986,38.0541],[-83.4633,38.0797],[-83.5196,38.0889],[-83.5199,38.1159],[-83.5723,38.1474],[-83.5985,38.1277],[-83.6137,38.1332],[-83.6203,38.1756],[-83.6465,38.171],[-83.6586,38.201],[-83.6858,38.2141],[-83.7097,38.2679],[-83.7382,38.2681],[-83.7684,38.2935],[-83.823,38.3008],[-83.8499,38.2966],[-83.9779,38.1921]]]},"properties":{"GEOID":"34460","NAME":"Mount Sterling, KY","LSAD":"M2"}},
{"type":"Feature","geometry":{"type":"Polygon","coordinates":[[[-86.9608,35.417],[-86.9257,35.4025],[-86.9201,35.3522],[-86.9018,35.3385],[-86.9022,35.3163],[-86.8641,35.3049],[-86.8552,35.3155],[-86.8285,35.2934],[-86.8283,35.2637],[-86.7469,35.2529],[-86.698,35.2953],[-86.6375,35.321],[-86.6026,35.327],[-86.5995,35.365],[-86.6182,35.3668],[-86.6582,35.4353],[-86.6656,35.4562],[-86.6642,35.4918],[-86.6392,35.6763],[-86.6394,35.6859],[-86.6969,35.7054],[-86.7823,35.7034],[-86.8119,35.6964],[-86.8274,35.5821],[-86.8496,35.5255],[-86.8955,35.4811],[-86.955,35.4515],[-86.9608,35.417]]]},"properties":{"GEOID":"30280","NAME":"Lewisburg, TN","LSAD":"M2"}},
{"type":"Feature","geometry":{"type":"MultiPolygon","coordinates":[[[[-88.9912,46.479],[-88.9912,46.4197],[-88.6794,46.4201],[-88.6784,46.7227],[-88.679,46.8517],[-88.5519,46.8518],[-88.5522,46.9385],[-88.4508,46.939],[-88.4465,46.9702],[-88.4035,46.9849],[-88.3676,47.0192],[-88.35,47.0764],[-88.2976,47.0985],[-88.2817,47.1382],[-88.2322,47.146],[-88.2427,47.1584],[-88.239,47.1862],[-88.2124,47.2094],[-88.1664,47.2155],[-88.1175,47.2552],[-88.0969,47.2614],[-88.0548,47.2982],[-88.0165,47.3063],[-87.9686,47.3326],[-87.9382,47.3423],[-87.9626,47.3625],[-87.9571,47.3873],[-87.8567,47.3954],[-87.8154,47.3848],[-87.7674,47.394],[-87.7424,47.4058],[-87.7124,47.4014],[-87.7159,47.4398],[-87.7567,47.4607],[-87.8012,47.4733],[-87.8472,47.4738],[-87.8792,47.4678],[-87.9383,47.4798],[-88.0403,47.476],[-88.1818,47.4577],[-88.2137,47.4499],[-88.2457,47.428],[-88.2852,47.4224],[-88.3241,47.4035],[-88.3729,47.392],[-88.4259,47.3683],[-88.4593,47.3399],[-88.5008,47.2935],[-88.577,47.244],[-88.6537,47.2258],[-88.7297,47.1858],[-88.7613,47.1568],[-88.8219,47.1372],[-88.8458,47.1147],[-88.8891,47.1006],[-88.9117,47.0738],[-88.9333,47.0312],[-88.9325,46.7648],[-88.8639,46.765],[-88.8645,46.6793],[-88.9895,46.6801],[-88.9912,46.479]]],[[[-89.2628,47.8699],[-89.2255,47.8769],[-89.2345,47.8517],[-89.1984,47.8482],[-89.1927,47.8334],[-89.162,47.8236],[-89.1241,47.8286],[-89.0445,47.8558],[-88.9766,47.8735],[-88.9774,47.8952],[-89.0031,47.9085],[-88.9245,47.9367],[-88.9246,47.9433],[-88.8529,47.9653],[-88.8344,47.9642],[-88.792,47.9789],[-88.7186,47.9951],[-88.6701,48.0114],[-88.5747,48.0629],[-88.5669,48.0937],[-88.4199,48.1707],[-88.4226,48.191],[-88.482,48.1799],[-88.5248,48.1653],[-88.547,48.1749],[-88.6665,48.1356],[-88.6756,48.1204],[-88.7643,48.0852],[-88.7777,48.0679],[-88.8358,48.0571],[-88.8951,48.0291],[-88.9942,48.0023],[-89.0952,47.9679],[-89.1792,47.935],[-89.2207,47.911],[-89.2241,47.8802],[-89.2628,47.8699]]]]},"properties":{"GEOID":"26340","NAME":"Houghton, MI","LSAD":"M2"}},
{"type":"Feature","geometry":{"type":"Polygon","coordinates":[[[-85.0742,42.7708],[-85.0756,42.6836],[-85.0716,42.4214],[-84.7185,42.4215],[-84.3648,42.4221],[-84.3648,42.4247],[-84.1407,42.4246],[-84.1422,42.5544],[-84.1512,42.699],[-84.1582,42.7766],[-83.9225,42.7808],[-83.9296,42.9413],[-83.9291,43.1328],[-84.1684,43.1286],[-84.3679,43.1285],[-84.3678,43.1179],[-84.7094,43.1181],[-84.8369,43.1189],[-84.8371,42.7705],[-85.0742,42.7708]]]},"properties":{"GEOID":"29620","NAME":"Lansing-East Lansing, MI","LSAD":"M1"}},
{"type":"Feature","geometry":{"type":"Polygon","coordinates":[[[-92.9815,31.3469],[-92.9643,31.3324],[-92.9305,31.3322],[-92.8797,31.3174],[-92.8796,31.2885],[-92.8464,31.2741],[-92.8295,31.2521],[-92.8278,31.0112],[-92.8241,31.011],[-92.8239,30.8921],[-92.721,30.8914],[-92.7209,30.8987],[-92.5977,30.8989],[-92.5673,30.8962],[-92.5481,30.9031],[-92.5194,30.894],[-92.4872,30.9091],[-92.4789,30.9251],[-92.4803,30.9523],[-92.4606,30.9556],[-92.4136,30.9792],[-92.3882,31.0016],[-92.3145,30.9652],[-92.2088,30.9647],[-92.2167,30.9914],[-92.2343,31.1315],[-92.2332,31.3215],[-92.22,31.3326],[-92.18,31.3273],[-92.1767,31.3112],[-92.1471,31.3019],[-92.1261,31.306],[-92.0784,31.3472],[-92.0833,31.3649],[-92.1205,31.3795],[-92.1491,31.4051],[-92.1675,31.4556],[-92.2385,31.4994],[-92.2662,31.4928],[-92.2821,31.5035],[-92.2725,31.534],[-92.2978,31.5353],[-92.3069,31.5895],[-92.343,31.5958],[-92.3675,31.6185],[-92.352,31.6272],[-92.3666,31.6506],[-92.3503,31.6793],[-92.349,31.6978],[-92.3731,31.7024],[-92.3587,31.723],[-92.3576,31.7444],[-92.3369,31.76],[-92.3626,31.7966],[-92.6193,31.7973],[-92.6209,31.7096],[-92.8481,31.7083],[-92.9735,31.7089],[-92.9599,31.7013],[-92.9642,31.6802],[-92.9294,31.6779],[-92.9048,31.6607],[-92.91,31.6286],[-92.8691,31.6172],[-92.8409,31.6012],[-92.8062,31.5985],[-92.7874,31.5787],[-92.7571,31.5588],[-92.7613,31.5474],[-92.7189,31.5175],[-92.7616,31.4862],[-92.7617,31.4764],[-92.8131,31.4409],[-92.8468,31.4335],[-92.9135,31.3897],[-92.9133,31.3682],[-92.9473,31.3677],[-92.9472,31.3468],[-92.9815,31.3469]]]},"properties":{"GEOID":"10780","NAME":"Alexandria, LA","LSAD":"M1"}},
{"type":"Feature","geometry":{"type":"Polygon","coordinates":[[[-78.0066,36.2026],[-77.9831,36.1799],[-77.918,36.1815],[-77.8883,36.1453],[-77.8007,36.145],[-77.7837,36.1415],[-77.7372,36.1537],[-77.6995,36.1529],[-77.644,36.1381],[-77.6259,36.1116],[-77.552,36.0989],[-77.5332,36.0907],[-77.5266,36.0713],[-77.5401,36.0608],[-77.5176,36.0368],[-77.4749,36.0378],[-77.4378,36.0191],[-77.4279,36.0053],[-77.4026,36.005],[-77.3132,36.0892],[-77.2667,36.1001],[-77.2495,36.1138],[-77.2515,36.1355],[-77.2997,36.1814],[-77.2982,36.2077],[-77.2641,36.2172],[-77.2282,36.2182],[-77.2086,36.2468],[-77.1786,36.3169],[-77.1313,36.4378],[-77.1372,36.4554],[-77.1124,36.4777],[-77.0915,36.4718],[-77.0704,36.4799],[-77.0932,36.5182],[-77.1484,36.525],[-77.1644,36.5463],[-77.2969,36.5447],[-77.7497,36.5455],[-77.8998,36.5447],[-77.8995,36.5043],[-77.9092,36.4739],[-77.912,36.3824],[-77.9424,36.2985],[-78.0066,36.2026]]]},"properties":{"GEOID":"40260","NAME":"Roanoke Rapids, NC","LSAD":"M2"}},
{"type":"Feature","geometry":{"type":"Polygon","coordinates":[[[-102.0959,46.9813],[-102.0972,46.9805],[-102.0962,46.7178],[-101.7182,46.7178],[-101.7181,46.631],[-101.2993,46.6305],[-101.299,46.3714],[-101.0485,46.3715],[-101.0485,46.2847],[-101.0257,46.2844],[-101.0047,46.3234],[-100.9415,46.35],[-100.9427,46.3683],[-100.9189,46.395],[-100.88,46.409],[-100.8149,46.3847],[-100.7707,46.3975],[-100.7213,46.3901],[-100.6002,46.4293],[-100.5866,46.4927],[-100.5446,46.5338],[-100.587,46.5734],[-100.5681,46.594],[-100.6254,46.6122],[-100.662,46.6346],[-100.0812,46.6334],[-100.0752,46.9813],[-100.1146,46.9817],[-100.1133,47.3273],[-100.4949,47.3274],[-100.7493,47.3277],[-100.7494,47.1572],[-100.9654,47.1571],[-100.9832,47.1737],[-100.9928,47.204],[-100.9762,47.2343],[-100.9776,47.25],[-101.0028,47.2715],[-101.0372,47.2873],[-101.0879,47.2965],[-101.1806,47.2806],[-101.1953,47.2488],[-101.2154,47.2485],[-101.257,47.2649],[-101.2576,47.2413],[-101.7646,47.2412],[-101.7644,46.9813],[-102.0959,46.9813]]]},"properties":{"GEOID":"13900","NAME":"Bismarck, ND","LSAD":"M1"}},
{"type":"Feature","geometry":{"type":"Polygon","coordinates":[[[-123.6026,44.7212],[-123.5969,44.6511],[-123.596,44.4983],[-123.5977,44.4331],[-123.7201,44.4334],[-123.7155,44.3605],[-123.735,44.3458],[-123.8167,44.3446],[-123.8165,44.3153],[-123.7758,44.3162],[-123.7756,44.2835],[-123.5935,44.2767],[-123.5933,44.2819],[-123.3714,44.281],[-123.3714,44.2837],[-123.1804,44.2837],[-123.1974,44.3086],[-123.2173,44.3137],[-123.2393,44.3749],[-123.2236,44.3935],[-123.2277,44.43],[-123.2053,44.443],[-123.2165,44.4685],[-123.2126,44.505],[-123.2602,44.5551],[-123.2512,44.5746],[-123.2218,44.5846],[-123.1854,44.5873],[-123.1952,44.605],[-123.1644,44.6375],[-123.1053,44.6392],[-123.0736,44.6573],[-123.1213,44.6914],[-123.149,44.7202],[-123.3019,44.7198],[-123.6026,44.7212]]]},"properties":{"GEOID":"18700","NAME":"Corvallis, OR","LSAD":"M1"}},
{"type":"Feature","geometry":{"type":"Polygon","coordinates":[[[-79.2153,40.9113],[-79.2152,40.776],[-79.4597,40.5167],[-79.4538,40.4843],[-79.4295,40.4886],[-79.3945,40.456],[-79.3539,40.4517],[-79.3031,40.4616],[-79.3013,40.4352],[-79.2726,40.4391],[-79.1912,40.4152],[-79.1558,40.4118],[-79.1022,40.3689],[-79.083,40.3896],[-79.0585,40.3809],[-79.0166,40.4203],[-78.9871,40.411],[-78.9738,40.3954],[-78.9216,40.4842],[-78.8506,40.6265],[-78.8089,40.721],[-78.8017,40.7246],[-78.8063,40.7297],[-78.8052,40.906],[-79.2153,40.9113]]]},"properties":{"GEOID":"26860","NAME":"Indiana, PA","LSAD":"M2"}},
{"type":"Feature","geometry":{"type":"Polygon","coordinates":[[[-85.8139,36.4995],[-85.8465,36.2882],[-85.8239,36.2513],[-85.8037,36.2557],[-85.7801,36.238],[-85.7862,36.2107],[-85.8031,36.1747],[-85.8074,36.1316],[-85.776,36.0783],[-85.7226,36.082],[-85.6867,36.0648],[-85.6554,36.0175],[-85.6096,36.0461],[-85.5902,36.0415],[-85.5605,36.0735],[-85.5077,36.082],[-85.3566,36.0459],[-85.3263,36.0302],[-85.3094,36.0316],[-85.3113,35.993],[-85.2642,35.9792],[-85.2514,36.0405],[-85.2433,36.0549],[-85.2464,36.1007],[-85.2358,36.1058],[-85.1527,36.0995],[-85.1317,36.1282],[-85.1002,36.1386],[-85.1196,36.1447],[-85.0825,36.1962],[-85.1222,36.3046],[-85.1204,36.4072],[-85.1351,36.407],[-85.1512,36.4613],[-85.1854,36.4904],[-85.2233,36.515],[-85.25,36.5231],[-85.2692,36.5403],[-85.2996,36.5271],[-85.3379,36.5278],[-85.3926,36.5045],[-85.4388,36.5011],[-85.4817,36.4543],[-85.5053,36.4081],[-85.53,36.4377],[-85.576,36.4716],[-85.6674,36.496],[-85.6961,36.496],[-85.7041,36.5224],[-85.7364,36.5189],[-85.7158,36.4975],[-85.7536,36.4991],[-85.7671,36.5172],[-85.8139,36.4995]]]},"properties":{"GEOID":"18260","NAME":"Cookeville, TN","LSAD":"M2"}},
{"type":"Feature","geometry":{"type":"Polygon","coordinates":[[[-95.1809,39.4192],[-95.1799,39.4047],[-95.1801,39.1289],[-95.188,39.1289],[-95.1871,39.0441],[-95.1862,38.9645],[-95.1649,38.9715],[-95.1109,38.9693],[-95.0852,38.9538],[-95.0563,38.9821],[-95.0564,38.7386],[-95.0658,38.6949],[-95.0649,38.625],[-95.0658,38.3899],[-95.0651,38.2586],[-95.0755,38.2587],[-95.0779,38.0377],[-94.614,38.0371],[-94.6141,38.0601],[-94.2406,38.0508],[-94.2443,38.0277],[-94.1352,38.0581],[-94.0852,38.0325],[-94.0583,38.0366],[-94.0499,38.214],[-94.0752,38.2145],[-94.065,38.4658],[-94.0643,38.5674],[-94.1197,38.5687],[-94.1164,38.6555],[-94.1294,38.6559],[-94.1251,38.7443],[-94.116,38.871],[-94.1102,38.9176],[-93.8363,38.9087],[-93.8347,38.9379],[-93.4973,38.9284],[-93.4964,38.9428],[-93.4772,39.2928],[-93.4962,39.2649],[-93.4879,39.2289],[-93.5002,39.218],[-93.5632,39.22],[-93.585,39.2404],[-93.6505,39.2482],[-93.6816,39.2312],[-93.7001,39.2097],[-93.7585,39.207],[-93.7592,39.5246],[-93.759,39.7847],[-93.8705,39.7868],[-94.0932,39.7859],[-94.2058,39.789],[-94.206,39.7458],[-94.3232,39.7472],[-94.6023,39.7472],[-94.6012,39.5302],[-95.1029,39.5333],[-95.0498,39.4944],[-95.0334,39.4609],[-94.9902,39.4462],[-94.9713,39.4188],[-95.1809,39.4192]]]},"properties":{"GEOID":"28140","NAME":"Kansas City, MO-KS","LSAD":"M1"}},
{"type":"Feature","geometry":{"type":"Polygon","coordinates":[[[-74.3671,41.591],[-74.4169,41.5698],[-74.4756,41.504],[-74.7524,41.4937],[-74.7508,41.4637],[-74.7625,41.4495],[-74.7547,41.425],[-74.7361,41.3984],[-74.7134,41.3898],[-74.6911,41.3673],[-74.6949,41.3574],[-74.4576,41.2482],[-74.3449,41.1921],[-74.2342,41.1431],[-73.9814,41.3247],[-73.9613,41.3485],[-73.9475,41.3933],[-73.9591,41.4004],[-73.9815,41.4389],[-73.9338,41.4883],[-73.6861,41.513],[-73.5802,41.5264],[-73.5301,41.5272],[-73.5182,41.6667],[-73.4896,42.0001],[-73.4873,42.0496],[-73.4969,42.0497],[-73.5214,42.05],[-73.5271,41.978],[-73.7109,42.0055],[-73.9078,42.0796],[-73.9296,42.0788],[-73.9333,42.0185],[-73.9528,41.9571],[-73.9622,41.901],[-73.9394,41.8659],[-73.9489,41.8486],[-73.9516,41.7706],[-73.9408,41.7543],[-73.9467,41.6994],[-73.9425,41.6841],[-73.9526,41.6252],[-73.9533,41.59],[-74.0537,41.5806],[-74.0681,41.606],[-74.1345,41.6157],[-74.1264,41.5825],[-74.1875,41.5908],[-74.2516,41.6054],[-74.2641,41.6327],[-74.3407,41.5944],[-74.3671,41.591]]]},"properties":{"GEOID":"39100","NAME":"Poughkeepsie-Newburgh-Middletown, NY","LSAD":"M1"}},
{"type":"Feature","geometry":{"type":"Polygon","coordinates":[[[-75.2959,42.7441],[-75.2965,42.7187],[-75.3311,42.6611],[-75.3231,42.6229],[-75.3369,42.6136],[-75.3254,42.5888],[-75.3329,42.5663],[-75.3674,42.5525],[-75.3988,42.4995],[-75.4045,42.4791],[-75.3749,42.4108],[-75.4067,42.3808],[-75.3942,42.3535],[-75.3982,42.315],[-75.3791,42.3209],[-75.3414,42.3148],[-75.3055,42.3224],[-75.2695,42.351],[-75.2616,42.3667],[-75.2361,42.3643],[-75.1935,42.3777],[-75.1972,42.3583],[-75.1471,42.3857],[-75.0934,42.4206],[-75.0591,42.4306],[-75.0198,42.4292],[-74.9938,42.4399],[-74.9749,42.4675],[-74.9579,42.4628],[-74.8441,42.5126],[-74.7778,42.5063],[-74.7116,42.5178],[-74.6724,42.5645],[-74.6307,42.6268],[-74.6346,42.6478],[-74.6675,42.7507],[-74.6652,42.7922],[-74.6483,42.8296],[-74.7633,42.8632],[-74.8788,42.8983],[-74.8947,42.8321],[-74.9067,42.8249],[-75.101,42.9084],[-75.1399,42.8598],[-75.2096,42.8566],[-75.2122,42.88],[-75.248,42.8716],[-75.2395,42.8342],[-75.2519,42.784],[-75.2959,42.7441]]]},"properties":{"GEOID":"36580","NAME":"Oneonta, NY","LSAD":"M2"}},
{"type":"Feature","geometry":{"type":"Polygon","coordinates":[[[-114.0415,41.9939],[-114.0396,41.8848],[-114.0402,41.4917],[-114.0414,41.22],[-114.0421,40.9999],[-113.6119,40.9999],[-112.9165,40.9999],[-112.7994,40.9999],[-112.4935,41.0769],[-112.2602,40.7691],[-112.1483,40.8461],[-112.0066,40.9218],[-111.9587,40.9218],[-111.9692,40.8857],[-111.966,40.855],[-111.9459,40.8218],[-111.8709,40.8217],[-111.844,40.8322],[-111.7817,40.8439],[-111.7387,40.861],[-111.7067,40.8528],[-111.6741,40.8553],[-111.6661,40.8321],[-111.6456,40.8241],[-111.6411,40.7989],[-111.611,40.8111],[-111.5879,40.7937],[-111.5545,40.7799],[-111.5194,40.7917],[-111.4862,40.8731],[-111.5288,40.919],[-111.5236,40.9459],[-111.588,40.9659],[-111.5937,40.9863],[-111.5587,41.011],[-111.5551,41.0322],[-111.5081,41.0631],[-111.4721,41.0651],[-111.4461,41.0821],[-111.417,41.074],[-111.3807,41.087],[-111.3643,41.1283],[-111.3324,41.1381],[-111.3102,41.1305],[-111.2907,41.1432],[-111.265,41.144],[-111.2257,41.1913],[-111.2336,41.2183],[-111.2774,41.2458],[-111.2773,41.2774],[-111.2618,41.2967],[-111.2946,41.3128],[-111.2949,41.33],[-111.3536,41.3628],[-111.3841,41.374],[-111.4046,41.3622],[-111.4341,41.3622],[-111.4776,41.3843],[-111.4755,41.3999],[-111.5108,41.4231],[-111.5434,41.4054],[-111.554,41.4234],[-111.5839,41.4184],[-111.619,41.4221],[-111.6526,41.4078],[-111.6669,41.4288],[-111.7068,41.4131],[-111.7262,41.376],[-111.7665,41.37],[-111.7974,41.3923],[-111.8364,41.3879],[-111.8685,41.3985],[-111.8816,41.4412],[-111.9166,41.4604],[-111.8784,41.4759],[-111.8756,41.4897],[-111.9042,41.4973],[-111.9165,41.5386],[-111.9461,41.553],[-111.9818,41.5341],[-112.0063,41.5925],[-112.0127,41.6481],[-112.0309,41.6818],[-112.0519,41.7002],[-112.0332,41.7668],[-112.0086,41.7946],[-112.0274,41.8069],[-112.0527,41.863],[-112.0875,41.9046],[-112.1219,41.9282],[-112.1387,41.9643],[-112.1622,41.9991],[-112.186,42.0012],[-112.6477,42.0003],[-113,41.9982],[-113.5261,41.9927],[-113.7647,41.9895],[-113.9016,41.9886],[-114.0415,41.9939]]]},"properties":{"GEOID":"36260","NAME":"Ogden-Clearfield, UT","LSAD":"M1"}},
{"type":"Feature","geometry":{"type":"Polygon","coordinates":[[[-92.3367,34.0595],[-92.4716,34.0571],[-92.4756,33.9727],[-92.4213,33.9404],[-92.4005,33.9134],[-92.3959,33.8866],[-92.3801,33.8675],[-92.3533,33.8531],[-92.3383,33.8326],[-92.3342,33.7951],[-92.3271,33.7778],[-92.3416,33.7459],[-92.3309,33.7077],[-92.2854,33.7056],[-91.9759,33.7044],[-91.9759,33.7917],[-91.6641,33.7922],[-91.5577,33.7833],[-91.5487,33.9768],[-91.4657,33.9758],[-91.4652,34.0047],[-91.4223,33.9985],[-91.4387,34.0302],[-91.4336,34.0474],[-91.4406,34.106],[-91.4519,34.1339],[-91.4968,34.1306],[-91.513,34.142],[-91.5274,34.1833],[-91.5284,34.2154],[-91.5402,34.2246],[-91.5768,34.2231],[-91.6075,34.2304],[-91.7117,34.2339],[-91.7053,34.4827],[-91.8141,34.4842],[-91.9219,34.488],[-92.208,34.4929],[-92.2128,34.2304],[-92.2325,34.2309],[-92.2333,34.0624],[-92.3367,34.0595]]]},"properties":{"GEOID":"38220","NAME":"Pine Bluff, AR","LSAD":"M1"}},
{"type":"Feature","geometry":{"type":"Polygon","coordinates":[[[-114.9714,43.9383],[-114.9967,43.9144],[-114.9884,43.8858],[-114.9728,43.8716],[-115.0005,43.8512],[-115.0042,43.8288],[-115.0198,43.823],[-115.0423,43.7456],[-115.0099,43.716],[-115.0088,43.6969],[-115.0344,43.6777],[-115.0331,43.6348],[-115.0675,43.6019],[-115.0831,43.6044],[-115.0836,43.3705],[-115.0866,43.3703],[-115.0862,43.1981],[-114.545,43.1982],[-114.4949,43.1997],[-114.0107,43.2001],[-113.7146,43.1998],[-113.4139,43.1999],[-113.4131,42.8492],[-113.4722,42.8492],[-113.4722,42.6694],[-113.4116,42.6744],[-113.3751,42.6878],[-113.3607,42.6721],[-113.3044,42.6287],[-113.237,42.6253],[-113.2368,42.6753],[-113.1786,42.6755],[-113.1789,42.7624],[-113.2369,42.7622],[-113.237,42.8482],[-113.2437,42.8482],[-113.2435,43.1109],[-113.0077,43.1109],[-113.0073,43.2848],[-113.362,43.2847],[-113.3619,43.3672],[-113.6352,43.3675],[-113.6343,43.4975],[-113.6536,43.4937],[-113.6853,43.5323],[-113.7012,43.5846],[-113.7277,43.5901],[-113.7771,43.5669],[-113.7984,43.5692],[-113.8134,43.6001],[-113.8356,43.6049],[-113.8439,43.625],[-113.8753,43.6505],[-113.9049,43.6497],[-113.9119,43.6717],[-113.9335,43.6794],[-113.9742,43.7078],[-114.0042,43.765],[-114.0535,43.7608],[-114.07,43.7347],[-114.117,43.7403],[-114.1601,43.7745],[-114.2757,43.8311],[-114.2925,43.8871],[-114.3416,43.8896],[-114.3593,43.8742],[-114.41,43.8957],[-114.4275,43.8915],[-114.5078,43.8991],[-114.5284,43.8457],[-114.582,43.8515],[-114.5835,43.8751],[-114.6444,43.9143],[-114.6812,43.9277],[-114.8138,43.9278],[-114.8139,43.9929],[-114.8734,43.9929],[-114.9215,43.9744],[-114.9424,43.9507],[-114.9714,43.9383]]]},"properties":{"GEOID":"25200","NAME":"Hailey, ID","LSAD":"M2"}},
{"type":"Feature","geometry":{"type":"Polygon","coordinates":[[[-114.9908,43.9497],[-115.0313,43.954],[-115.0745,43.944],[-115.0926,43.9606],[-115.1362,43.9839],[-115.1478,44.0028],[-115.1491,44.0412],[-115.1644,44.0759],[-115.1819,44.0905],[-115.2342,44.0068],[-115.2519,43.9957],[-115.286,43.9364],[-115.3558,43.9194],[-115.3735,43.9244],[-115.471,43.894],[-115.5004,43.8899],[-115.5371,43.8541],[-115.5297,43.8165],[-115.5475,43.7927],[-115.5789,43.7972],[-115.6155,43.7807],[-115.628,43.7337],[-115.6538,43.7015],[-115.7112,43.6618],[-115.7445,43.6465],[-115.782,43.6484],[-115.8293,43.6056],[-115.8472,43.608],[-115.8759,43.5913],[-115.8972,43.5988],[-115.9299,43.5956],[-115.9351,43.6082],[-115.9757,43.5914],[-115.9749,43.2858],[-115.9786,43.2004],[-115.9787,43.1134],[-116.2662,43.1123],[-116.2374,43.0945],[-116.206,43.0932],[-116.2017,43.0489],[-116.1416,43.0341],[-116.1458,43.0134],[-116.1155,43.0108],[-116.0907,42.9879],[-116.0501,42.9853],[-116.0128,42.9502],[-115.9778,42.9473],[-115.9617,42.9889],[-115.926,43.0013],[-115.9067,42.9823],[-115.8792,42.9891],[-115.8647,42.9748],[-115.7945,42.973],[-115.7968,42.9516],[-115.7715,42.9387],[-115.6945,42.9394],[-115.6229,42.9557],[-115.6044,42.9377],[-115.5606,42.9347],[-115.5304,42.9427],[-115.4949,42.9264],[-115.4415,42.9311],[-115.4414,42.8511],[-115.4542,42.8511],[-115.4542,42.7679],[-115.0377,42.7684],[-115.0378,42.9119],[-115.0868,42.9147],[-115.0862,43.1981],[-115.0866,43.3703],[-115.0836,43.3705],[-115.0831,43.6044],[-115.0675,43.6019],[-115.0331,43.6348],[-115.0344,43.6777],[-115.0088,43.6969],[-115.0099,43.716],[-115.0423,43.7456],[-115.0198,43.823],[-115.0042,43.8288],[-115.0005,43.8512],[-114.9728,43.8716],[-114.9884,43.8858],[-114.9967,43.9144],[-114.9714,43.9383],[-114.9908,43.9497]]]},"properties":{"GEOID":"34300","NAME":"Mountain Home, ID","LSAD":"M2"}},
{"type":"Feature","geometry":{"type":"Polygon","coordinates":[[[-72.2396,41.7142],[-72.2787,41.672],[-72.3036,41.654],[-72.3342,41.6436],[-72.3281,41.6055],[-72.3856,41.5896],[-72.4172,41.5906],[-72.4667,41.5839],[-72.4308,41.5246],[-72.3234,41.5343],[-72.3055,41.4363],[-72.4276,41.4233],[-72.4235,41.3919],[-72.3848,41.3852],[-72.3749,41.3733],[-72.3794,41.3497],[-72.3491,41.3245],[-72.349,41.3116],[-72.3339,41.2829],[-72.3178,41.2778],[-72.2615,41.2829],[-72.2357,41.3008],[-72.2037,41.2872],[-72.203,41.3132],[-72.1776,41.3225],[-72.1342,41.2994],[-72.1118,41.2991],[-72.0944,41.3142],[-72.0491,41.3191],[-72.0108,41.307],[-71.9794,41.33],[-71.9624,41.3215],[-71.9457,41.3378],[-71.9212,41.3279],[-71.8775,41.336],[-71.8605,41.3202],[-71.8294,41.3424],[-71.8376,41.3655],[-71.8327,41.3872],[-71.8435,41.4058],[-71.8203,41.4194],[-71.7977,41.4167],[-71.7876,41.6399],[-71.8579,41.6442],[-71.9519,41.6343],[-72.1517,41.6675],[-72.1575,41.6576],[-72.2396,41.7142]]]},"properties":{"GEOID":"35980","NAME":"Norwich-New London, CT","LSAD":"M1"}},
{"type":"Feature","geometry":{"type":"Polygon","coordinates":[[[-88.5358,43.196],[-88.5416,43.0194],[-88.5415,42.843],[-88.3064,42.8421],[-87.9519,42.8435],[-87.8271,42.8422],[-87.8478,42.8964],[-87.8397,42.9146],[-87.85,42.9707],[-87.8787,42.9924],[-87.8987,43.0257],[-87.895,43.0425],[-87.8638,43.0706],[-87.8761,43.099],[-87.9014,43.1332],[-87.8811,43.1706],[-87.8963,43.1971],[-87.9118,43.2504],[-87.8892,43.3077],[-87.8824,43.3521],[-87.8696,43.3872],[-87.804,43.4634],[-87.7917,43.4922],[-87.7919,43.543],[-88.0405,43.5424],[-88.1609,43.5429],[-88.4004,43.5435],[-88.4015,43.3701],[-88.4184,43.3702],[-88.418,43.1947],[-88.5358,43.196]]]},"properties":{"GEOID":"33340","NAME":"Milwaukee-Waukesha, WI","LSAD":"M1"}},
{"type":"Feature","geometry":{"type":"Polygon","coordinates":[[[-79.9307,34.8066],[-79.9252,34.7653],[-79.8918,34.7399],[-79.8729,34.6956],[-79.8594,34.6778],[-79.8006,34.6377],[-79.7782,34.6149],[-79.8031,34.6097],[-79.83,34.5319],[-79.8334,34.5103],[-79.8095,34.4861],[-79.7544,34.5041],[-79.7219,34.488],[-79.7493,34.468],[-79.7506,34.4368],[-79.717,34.4034],[-79.6737,34.3744],[-79.6866,34.3541],[-79.6616,34.3237],[-79.6578,34.3052],[-79.6334,34.298],[-79.45,34.621],[-79.4616,34.6303],[-79.6753,34.8047],[-79.6929,34.805],[-79.9274,34.8066],[-79.9307,34.8066]]]},"properties":{"GEOID":"13500","NAME":"Bennettsville, SC","LSAD":"M2"}},
{"type":"Feature","geometry":{"type":"MultiPolygon","coordinates":[[[[-76.3301,34.8479],[-76.2426,34.9078],[-76.1856,34.9559],[-76.0741,35.039],[-76.0375,35.057],[-76.054,35.0714],[-76.0759,35.0699],[-76.0888,35.0452],[-76.1359,35.0103],[-76.1959,34.959],[-76.227,34.9257],[-76.2762,34.8859],[-76.3301,34.8479]]],[[[-76.5536,34.6232],[-76.5355,34.5916],[-76.5245,34.6157],[-76.4881,34.671],[-76.4345,34.7341],[-76.474,34.7114],[-76.5322,34.6105],[-76.5536,34.6232]]],[[[-77.0985,34.6469],[-77.093,34.6446],[-77.0143,34.6648],[-76.8961,34.6846],[-76.8152,34.6942],[-76.7432,34.6977],[-76.6936,34.6938],[-76.6969,34.7113],[-76.7306,34.7008],[-76.8276,34.7035],[-76.8443,34.6953],[-77.0024,34.672],[-77.0146,34.676],[-77.0883,34.656],[-77.0985,34.6469]]],[[[-76.6772,34.9577],[-76.6526,34.9376],[-76.6606,34.9156],[-76.683,34.8993],[-76.693,34.8692],[-76.758,34.8463],[-76.8831,34.8449],[-76.8823,34.8367],[-76.9548,34.8245],[-76.9544,34.8091],[-77.0783,34.8113],[-77.1615,34.7934],[-77.166,34.785],[-77.1249,34.7544],[-77.1218,34.7315],[-77.1066,34.7123],[-77.1134,34.6831],[-77.0927,34.6729],[-77.0403,34.6895],[-77.0052,34.6925],[-76.9676,34.7068],[-76.892,34.7254],[-76.8419,34.7294],[-76.7344,34.7212],[-76.6194,34.7042],[-76.627,34.7194],[-76.6177,34.7531],[-76.6173,34.7879],[-76.6044,34.7899],[-76.5752,34.7397],[-76.5531,34.7258],[-76.5127,34.7203],[-76.4984,34.7321],[-76.5141,34.7543],[-76.4731,34.7694],[-76.4514,34.808],[-76.4314,34.8289],[-76.4121,34.8322],[-76.41,34.8615],[-76.3822,34.857],[-76.3683,34.8729],[-76.3468,34.8734],[-76.3141,34.9063],[-76.3368,34.9098],[-76.3408,34.9334],[-76.3135,34.9268],[-76.2795,34.9414],[-76.2779,34.9607],[-76.3057,34.9914],[-76.2881,34.9963],[-76.2624,34.9753],[-76.2493,35.0007],[-76.2937,35.0096],[-76.3641,35.0366],[-76.3404,34.9973],[-76.3206,34.9755],[-76.3803,34.9702],[-76.4228,34.9507],[-76.4255,35.0015],[-76.4404,35.0146],[-76.4304,35.0282],[-76.4358,35.0579],[-76.4635,35.0764],[-76.4858,35.0406],[-76.4975,35.0082],[-76.5647,34.9983],[-76.5785,34.9762],[-76.6311,34.9887],[-76.6574,34.9825],[-76.6772,34.9577]]]]},"properties":{"GEOID":"33980","NAME":"Morehead City, NC","LSAD":"M2"}},
{"type":"Feature","geometry":{"type":"Polygon","coordinates":[[[-97.5623,34.507],[-97.5625,34.2892],[-97.5623,34.0712],[-97.5609,33.8996],[-97.5515,33.8979],[-97.501,33.9196],[-97.484,33.9158],[-97.451,33.8914],[-97.4629,33.8418],[-97.4531,33.8285],[-97.4265,33.8194],[-97.3729,33.8195],[-97.3585,33.83],[-97.3392,33.8621],[-97.3144,33.867],[-97.3056,33.8864],[-97.2703,33.8582],[-97.2492,33.8751],[-97.2462,33.9003],[-97.2109,33.9161],[-97.1796,33.8923],[-97.1666,33.8473],[-97.2035,33.8218],[-97.2057,33.8029],[-97.1908,33.7818],[-97.1722,33.7375],[-97.1494,33.722],[-97.1261,33.7169],[-97.0972,33.7278],[-97.0852,33.7655],[-97.0948,33.7985],[-97.0786,33.8128],[-97.0481,33.8175],[-97.0583,33.8368],[-97.0834,33.8405],[-97.0681,33.8605],[-97.0461,33.8396],[-97.0214,33.8464],[-96.9838,33.8909],[-96.995,33.932],[-96.9446,33.9492],[-96.9348,33.9544],[-96.9348,34.0129],[-96.9697,34.013],[-96.9684,34.1727],[-96.9335,34.1727],[-96.9333,34.3326],[-97.0292,34.3322],[-97.0426,34.3446],[-97.0382,34.3757],[-97.3521,34.3762],[-97.3522,34.5068],[-97.5623,34.507]]]},"properties":{"GEOID":"11620","NAME":"Ardmore, OK","LSAD":"M2"}},
{"type":"Feature","geometry":{"type":"Polygon","coordinates":[[[-90.9556,34.1189],[-90.9213,34.0935],[-90.8935,34.0978],[-90.8711,34.0812],[-90.8864,34.0586],[-90.8963,34.0252],[-90.9195,34.0213],[-90.9582,34.0267],[-90.9882,34.0192],[-90.9615,33.9799],[-90.9709,33.9619],[-91.0001,33.9664],[-91.0189,34.0032],[-91.0487,33.9927],[-91.0833,34.0089],[-91.0897,33.9645],[-91.0785,33.9541],[-91.0231,33.9432],[-91.0102,33.9316],[-91.0346,33.8983],[-91.0698,33.8727],[-91.0702,33.8453],[-91.0491,33.816],[-90.9917,33.7926],[-91.0013,33.7686],[-91.0259,33.7648],[-91.0534,33.7783],[-91.1084,33.7717],[-91.1341,33.7829],[-91.1488,33.7314],[-91.1174,33.7053],[-91.0605,33.7151],[-91.031,33.6794],[-91.0368,33.6713],[-91.0914,33.6578],[-91.1334,33.6768],[-91.1604,33.7066],[-91.2107,33.7004],[-91.2299,33.6843],[-91.2122,33.657],[-91.1825,33.6535],[-91.1374,33.6269],[-91.1287,33.6085],[-91.1369,33.5902],[-91.1715,33.5683],[-91.2251,33.568],[-91.2346,33.5588],[-91.2187,33.5294],[-90.8842,33.5304],[-90.7635,33.5294],[-90.7635,33.6162],[-90.6587,33.6163],[-90.6591,33.7237],[-90.657,33.9876],[-90.6604,33.9876],[-90.6595,34.1189],[-90.7816,34.1207],[-90.9566,34.1201],[-90.9556,34.1189]]]},"properties":{"GEOID":"17380","NAME":"Cleveland, MS","LSAD":"M2"}},
{"type":"Feature","geometry":{"type":"Polygon","coordinates":[[[-122.6274,38.6675],[-122.6283,38.623],[-122.6464,38.5986],[-122.6208,38.5603],[-122.5797,38.5465],[-122.5695,38.5297],[-122.5439,38.52],[-122.5449,38.4963],[-122.5073,38.4573],[-122.48,38.443],[-122.4975,38.4243],[-122.4706,38.4049],[-122.4479,38.3793],[-122.4577,38.3675],[-122.4273,38.3491],[-122.3949,38.3045],[-122.4046,38.2814],[-122.3599,38.2305],[-122.3586,38.182],[-122.3711,38.1577],[-122.4068,38.1556],[-122.1954,38.155],[-122.2151,38.1797],[-122.196,38.2304],[-122.213,38.2591],[-122.1884,38.2716],[-122.2038,38.2939],[-122.206,38.3157],[-122.0648,38.3159],[-122.0614,38.3296],[-122.0734,38.3609],[-122.1264,38.4289],[-122.1049,38.4908],[-122.1033,38.5133],[-122.1394,38.6092],[-122.1625,38.6327],[-122.1683,38.6553],[-122.198,38.6691],[-122.2082,38.6955],[-122.2216,38.696],[-122.2351,38.7402],[-122.2501,38.7553],[-122.2596,38.7899],[-122.288,38.8399],[-122.3262,38.8459],[-122.3486,38.8361],[-122.3852,38.8525],[-122.3951,38.8642],[-122.4039,38.8556],[-122.3735,38.817],[-122.398,38.804],[-122.409,38.7763],[-122.4639,38.7052],[-122.6274,38.6675]]]},"properties":{"GEOID":"34900","NAME":"Napa, CA","LSAD":"M1"}},
{"type":"Feature","geometry":{"type":"Polygon","coordinates":[[[-76.7138,43.024],[-76.7276,42.9781],[-76.7367,42.9703],[-76.7375,42.9021],[-76.7212,42.8696],[-76.7195,42.8254],[-76.7401,42.7894],[-76.7335,42.7279],[-76.7197,42.7004],[-76.6853,42.6703],[-76.6665,42.6235],[-76.6143,42.6221],[-76.4589,42.6274],[-76.4584,42.6186],[-76.2656,42.6236],[-76.2747,42.7713],[-76.3058,42.8133],[-76.357,42.8494],[-76.4507,42.8458],[-76.463,43.0063],[-76.4919,43.005],[-76.4993,43.0972],[-76.4718,43.105],[-76.4811,43.2566],[-76.605,43.2536],[-76.6169,43.418],[-76.6308,43.4134],[-76.6696,43.3665],[-76.694,43.3465],[-76.7225,43.3437],[-76.7112,43.221],[-76.7023,43.0804],[-76.7178,43.0626],[-76.7138,43.024]]]},"properties":{"GEOID":"12180","NAME":"Auburn, NY","LSAD":"M2"}},
{"type":"Feature","geometry":{"type":"Polygon","coordinates":[[[-96.1754,29.6338],[-96.3077,29.5145],[-96.3486,29.4068],[-96.3758,29.3933],[-96.6043,29.2658],[-96.6403,29.2478],[-96.6134,29.2256],[-96.3092,28.9633],[-96.0386,29.1066],[-95.9652,29.1469],[-95.874,29.2297],[-95.8419,29.2587],[-95.8796,29.2668],[-95.893,29.3104],[-95.9506,29.3366],[-95.9475,29.3729],[-95.9674,29.382],[-95.9733,29.4114],[-95.992,29.4338],[-96.0084,29.4295],[-96.0366,29.4457],[-96.0603,29.4874],[-96.0263,29.495],[-96.0471,29.5097],[-96.0546,29.5352],[-96.0413,29.5467],[-96.06,29.5687],[-96.0623,29.5915],[-96.0937,29.604],[-96.1162,29.6233],[-96.1418,29.6196],[-96.1754,29.6338]]]},"properties":{"GEOID":"20900","NAME":"El Campo, TX","LSAD":"M2"}},
{"type":"Feature","geometry":{"type":"MultiPolygon","coordinates":[[[[-134.7773,58.1025],[-134.7706,58.0856],[-134.7234,58.0571],[-134.6978,58.032],[-134.6731,58.0296],[-134.6285,58.061],[-134.555,58.0568],[-134.5384,58.0982],[-134.472,58.0943],[-134.4178,58.1149],[-134.1779,58.1581],[-134.2051,58.1667],[-134.2315,58.1576],[-134.3204,58.144],[-134.3738,58.1508],[-134.4204,58.17],[-134.5008,58.1723],[-134.5364,58.1826],[-134.6367,58.1632],[-134.6959,58.1609],[-134.709,58.1918],[-134.743,58.1891],[-134.7727,58.1665],[-134.7684,58.1398],[-134.7773,58.1025]]],[[[-134.9238,58.4773],[-134.8959,58.4364],[-134.8423,58.3763],[-134.8166,58.3814],[-134.8462,58.4223],[-134.9142,58.4864],[-134.9238,58.4773]]],[[[-135.0305,58.5167],[-134.9969,58.4802],[-134.9689,58.4868],[-135.0305,58.5167]]],[[[-135.1767,58.947],[-135.1406,58.8741],[-135.1541,58.856],[-135.1374,58.8298],[-135.0809,58.7897],[-135.0657,58.7631],[-135.017,58.7612],[-134.988,58.8128],[-134.9357,58.7813],[-134.93,58.7527],[-134.9453,58.7019],[-134.9205,58.6805],[-134.9905,58.6763],[-134.9453,58.6169],[-134.9265,58.6078],[-134.8554,58.5421],[-134.8399,58.5188],[-134.797,58.5006],[-134.7634,58.419],[-134.7681,58.4086],[-134.7302,58.3741],[-134.6887,58.3816],[-134.643,58.3772],[-134.644,58.3475],[-134.6083,58.341],[-134.6036,58.3257],[-134.6513,58.3187],[-134.6898,58.3011],[-134.6704,58.2794],[-134.5896,58.2302],[-134.5069,58.2165],[-134.4824,58.2298],[-134.4049,58.2191],[-134.3524,58.2005],[-134.2794,58.191],[-134.185,58.2084],[-134.1475,58.2007],[-134.1313,58.2323],[-134.1014,58.2449],[-134.1496,58.2819],[-134.1289,58.3056],[-134.0579,58.3332],[-134.0405,58.402],[-133.9949,58.3632],[-134.0044,58.3437],[-133.9668,58.3178],[-134.0032,58.2952],[-134.0811,58.2797],[-134.0588,58.2626],[-134.056,58.2257],[-134.0854,58.2136],[-134.0885,58.1869],[-134.0759,58.1434],[-134.0643,58.135],[-134.0688,58.0962],[-134.0522,58.0728],[-133.9269,57.9846],[-133.8877,57.9735],[-133.8508,57.9913],[-133.7971,58.0037],[-133.805,58.0386],[-133.7622,58.0513],[-133.7553,58.024],[-133.7301,58.0146],[-133.7016,57.9842],[-133.6911,57.9581],[-133.7258,57.949],[-133.7605,57.9957],[-133.8329,57.9675],[-133.8531,57.9525],[-133.8492,57.9338],[-133.7821,57.8792],[-133.7251,57.8048],[-133.6967,57.7927],[-133.6262,57.8412],[-133.6498,57.8648],[-133.6003,57.8643],[-133.5712,57.8791],[-133.1723,58.1537],[-133.27,58.2271],[-133.3454,58.2763],[-133.4615,58.3877],[-133.3773,58.4305],[-133.5578,58.5231],[-133.7071,58.6123],[-133.8405,58.7294],[-133.9722,58.7673],[-134.2581,58.861],[-134.3365,58.9234],[-134.3143,58.9608],[-134.3346,58.9623],[-134.9424,58.9661],[-134.9577,58.972],[-135.174,58.9739],[-135.1767,58.947]]]]},"properties":{"GEOID":"27940","NAME":"Juneau, AK","LSAD":"M2"}},
{"type":"Feature","geometry":{"type":"Polygon","coordinates":[[[-87.2108,34.999],[-87.2149,34.8163],[-87.2783,34.7736],[-87.2607,34.7586],[-87.2297,34.764],[-87.1716,34.7429],[-87.1389,34.7241],[-87.125,34.7016],[-87.0855,34.6695],[-87.0498,34.6497],[-87.0353,34.652],[-86.9727,34.6131],[-86.9076,34.5799],[-86.8386,34.5566],[-86.7783,34.5501],[-86.7531,34.5557],[-86.7205,34.5836],[-86.6815,34.583],[-86.6651,34.5521],[-86.6464,34.5489],[-86.6142,34.5772],[-86.5789,34.5814],[-86.5535,34.5617],[-86.5502,34.546],[-86.5281,34.4983],[-86.5,34.4823],[-86.4688,34.4757],[-86.454,34.4838],[-86.4239,34.4796],[-86.4124,34.4942],[-86.389,34.4997],[-86.3555,34.5235],[-86.3298,34.5131],[-86.3112,34.5393],[-86.3066,34.5607],[-86.3303,34.5661],[-86.3031,34.5926],[-86.3269,34.5994],[-86.3258,34.6096],[-86.359,34.6326],[-86.3581,34.735],[-86.3397,34.7532],[-86.3435,34.8171],[-86.3265,34.8313],[-86.347,34.8577],[-86.3387,34.8947],[-86.3188,34.9021],[-86.3224,34.9258],[-86.2933,34.945],[-86.2718,34.924],[-86.2611,34.9454],[-86.3052,34.9721],[-86.3113,34.9911],[-86.3188,34.9911],[-86.5285,34.9907],[-86.6767,34.9921],[-86.8621,34.992],[-87.2108,34.999]]]},"properties":{"GEOID":"26620","NAME":"Huntsville, AL","LSAD":"M1"}},
{"type":"Feature","geometry":{"type":"Polygon","coordinates":[[[-92.8398,38.684],[-92.8419,38.5968],[-92.6252,38.4308],[-92.4035,38.4253],[-92.4084,38.3413],[-92.3026,38.3366],[-92.2888,38.3388],[-92.2502,38.3227],[-92.2247,38.3357],[-92.1945,38.3355],[-92.1957,38.2922],[-92.0008,38.2883],[-91.884,38.2899],[-91.8631,38.2936],[-91.7753,38.292],[-91.7573,38.2887],[-91.6447,38.2885],[-91.6404,38.7038],[-91.6472,38.7034],[-91.634,39.0591],[-91.9765,39.062],[-92.1104,39.0642],[-92.1315,39.0645],[-92.1306,39.0253],[-92.1533,38.9432],[-92.1579,38.8646],[-92.1404,38.8455],[-92.145,38.7981],[-92.186,38.7456],[-92.1924,38.7261],[-92.2119,38.7203],[-92.2207,38.6432],[-92.2622,38.6464],[-92.2934,38.6666],[-92.3578,38.6795],[-92.3433,38.7051],[-92.3602,38.7301],[-92.3999,38.7422],[-92.4094,38.7643],[-92.3796,38.8001],[-92.3844,38.8155],[-92.4189,38.8192],[-92.4449,38.8383],[-92.4567,38.8603],[-92.4778,38.8741],[-92.4743,38.9016],[-92.4984,38.9221],[-92.5885,38.7513],[-92.6167,38.6945],[-92.6171,38.68],[-92.7267,38.6831],[-92.8398,38.684]]]},"properties":{"GEOID":"27620","NAME":"Jefferson City, MO","LSAD":"M1"}},
{"type":"Feature","geometry":{"type":"Polygon","coordinates":[[[-107.6265,36.0003],[-107.3087,35.9986],[-107.3083,35.5835],[-107.3061,35.4191],[-107.3103,35.4195],[-107.3094,35.3057],[-107.2389,35.3055],[-107.1972,35.2195],[-107.0666,34.9572],[-107.2029,34.9576],[-107.2044,34.6088],[-107.2017,34.5788],[-106.9044,34.5805],[-106.8826,34.5795],[-106.7683,34.5313],[-106.5046,34.457],[-106.4563,34.4371],[-106.4169,34.4397],[-106.416,34.2598],[-105.926,34.26],[-105.4918,34.2598],[-105.3132,34.26],[-105.3131,34.3472],[-105.3128,34.607],[-105.2904,34.6068],[-105.2908,35.042],[-105.7144,35.0416],[-106.0214,35.0407],[-106.2439,35.04],[-106.2437,35.1702],[-106.2456,35.3043],[-106.2489,35.3046],[-106.2487,35.6529],[-106.2505,35.7558],[-106.2826,35.7919],[-106.357,35.8164],[-106.4007,35.8076],[-106.3995,35.9601],[-106.3861,35.9527],[-106.3154,35.9524],[-106.3004,35.9734],[-106.2482,35.9663],[-106.2472,36.0014],[-106.5293,36.0004],[-106.8853,35.999],[-106.8851,36.2166],[-107.254,36.2166],[-107.3046,36.2146],[-107.4111,36.218],[-107.6243,36.2198],[-107.6265,36.0003]]]},"properties":{"GEOID":"10740","NAME":"Albuquerque, NM","LSAD":"M1"}},
{"type":"Feature","geometry":{"type":"Polygon","coordinates":[[[-123.149,44.7202],[-123.1213,44.6914],[-123.0736,44.6573],[-123.1053,44.6392],[-123.1644,44.6375],[-123.1952,44.605],[-123.1854,44.5873],[-123.2218,44.5846],[-123.2512,44.5746],[-123.2602,44.5551],[-123.2126,44.505],[-123.2165,44.4685],[-123.2053,44.443],[-123.2277,44.43],[-123.2236,44.3935],[-123.2393,44.3749],[-123.2173,44.3137],[-123.1974,44.3086],[-123.1804,44.2837],[-123.1788,44.2516],[-123.1503,44.2266],[-123.1654,44.2001],[-122.9058,44.2007],[-122.904,44.2591],[-122.8655,44.259],[-122.8655,44.2873],[-122.7768,44.2837],[-122.7627,44.2905],[-122.6468,44.2666],[-122.6397,44.2493],[-122.5935,44.2444],[-122.5673,44.2293],[-122.5354,44.2349],[-122.5032,44.2217],[-122.4656,44.223],[-122.3846,44.2171],[-122.3672,44.2094],[-122.3273,44.2312],[-122.3271,44.2528],[-122.028,44.2538],[-121.9601,44.2573],[-121.7994,44.2583],[-121.8192,44.262],[-121.8372,44.303],[-121.8374,44.3583],[-121.8431,44.3926],[-121.8495,44.4684],[-121.8469,44.4911],[-121.8099,44.5138],[-121.8161,44.5346],[-121.8033,44.5553],[-121.7939,44.5941],[-121.8107,44.6144],[-121.8001,44.6392],[-121.8,44.6834],[-121.9595,44.6836],[-121.9802,44.6936],[-122.033,44.6857],[-122.1003,44.7072],[-122.1387,44.7252],[-122.1993,44.6962],[-122.2306,44.6979],[-122.2498,44.7219],[-122.2867,44.7524],[-122.3181,44.7592],[-122.4194,44.7535],[-122.4801,44.7558],[-122.5045,44.7498],[-122.531,44.7668],[-122.5644,44.7681],[-122.6152,44.7883],[-122.6909,44.7754],[-122.7196,44.7893],[-122.8007,44.7916],[-122.8252,44.7716],[-122.8471,44.7675],[-122.8976,44.745],[-122.9341,44.7158],[-122.9573,44.7211],[-122.9759,44.6976],[-123.0076,44.6879],[-123.0139,44.7149],[-123.042,44.7377],[-123.1338,44.7521],[-123.149,44.7202]]]},"properties":{"GEOID":"10540","NAME":"Albany-Lebanon, OR","LSAD":"M1"}},
{"type":"Feature","geometry":{"type":"Polygon","coordinates":[[[-83.9806,34.4184],[-83.9718,34.4051],[-83.9843,34.383],[-83.9669,34.3396],[-83.9273,34.2794],[-83.9541,34.2675],[-83.9498,34.2398],[-83.9712,34.2286],[-83.9899,34.1951],[-84.0413,34.1936],[-84.0628,34.1679],[-83.8677,34.0985],[-83.8177,34.1275],[-83.6199,34.2954],[-83.6491,34.3204],[-83.6511,34.3477],[-83.6668,34.368],[-83.6602,34.3908],[-83.6418,34.4143],[-83.6152,34.4317],[-83.6664,34.5036],[-83.8434,34.5055],[-83.8433,34.497],[-83.8876,34.4688],[-83.9319,34.4693],[-83.9313,34.4512],[-83.9737,34.4311],[-83.9806,34.4184]]]},"properties":{"GEOID":"23580","NAME":"Gainesville, GA","LSAD":"M1"}},
{"type":"Feature","geometry":{"type":"Polygon","coordinates":[[[-66.9809,17.9529],[-66.9551,17.9369],[-66.893,17.9514],[-66.8406,17.95],[-66.8074,17.966],[-66.8059,17.9851],[-66.7644,18.0063],[-66.7553,17.9871],[-66.7253,17.9921],[-66.6991,17.9775],[-66.6868,17.9915],[-66.6878,18.053],[-66.6768,18.0911],[-66.6941,18.1305],[-66.7177,18.1283],[-66.7275,18.113],[-66.7496,18.1137],[-66.7665,18.1349],[-66.7976,18.1334],[-66.8181,18.1505],[-66.8273,18.1712],[-66.8368,18.1706],[-66.8501,18.1629],[-66.8562,18.1393],[-66.8879,18.1534],[-66.9038,18.1464],[-66.9265,18.1513],[-66.9137,18.1233],[-66.9159,18.0999],[-66.9091,18.0649],[-66.8847,18.0248],[-66.9109,18.0239],[-66.9587,18.0325],[-66.9619,17.9916],[-66.9809,17.9529]]]},"properties":{"GEOID":"49500","NAME":"Yauco, PR","LSAD":"M1"}},
{"type":"Feature","geometry":{"type":"Polygon","coordinates":[[[-76.7327,41.172],[-76.7349,41.0917],[-76.7758,41.0085],[-76.7929,40.9466],[-76.6613,40.968],[-76.6264,40.9611],[-76.6014,40.9422],[-76.557,40.9386],[-76.5674,40.9179],[-76.5505,40.8826],[-76.5066,40.8829],[-76.5081,40.8466],[-76.5016,40.8248],[-76.4115,40.8335],[-76.3803,40.7754],[-76.3072,40.8018],[-76.2846,40.8836],[-76.2078,40.9497],[-76.2312,41.0503],[-76.229,41.1385],[-76.2776,41.1318],[-76.32,41.2113],[-76.3103,41.3102],[-76.4079,41.3084],[-76.4476,41.2756],[-76.5925,41.1578],[-76.6788,41.1542],[-76.7327,41.172]]]},"properties":{"GEOID":"14100","NAME":"Bloomsburg-Berwick, PA","LSAD":"M1"}},
{"type":"Feature","geometry":{"type":"Polygon","coordinates":[[[-86.5253,35.3547],[-86.5395,35.3354],[-86.527,35.3115],[-86.4613,35.2928],[-86.4371,35.2752],[-86.416,35.2454],[-86.3922,35.2354],[-86.3704,35.1791],[-86.3701,35.136],[-86.3182,35.127],[-86.3188,34.9911],[-86.3113,34.9911],[-85.8639,34.9884],[-85.8633,35.2203],[-85.873,35.2234],[-85.9136,35.2886],[-85.9049,35.3304],[-85.8811,35.3488],[-85.8695,35.3804],[-85.8845,35.393],[-85.8892,35.444],[-85.8856,35.4895],[-85.877,35.5241],[-85.8825,35.539],[-85.9045,35.5413],[-85.9344,35.563],[-85.9583,35.6191],[-85.9851,35.6601],[-86.0153,35.6494],[-86.0532,35.644],[-86.0889,35.6468],[-86.1203,35.6609],[-86.1434,35.6617],[-86.1919,35.7019],[-86.2196,35.7062],[-86.2468,35.6854],[-86.2408,35.658],[-86.2452,35.6319],[-86.2416,35.5042],[-86.2505,35.4132],[-86.288,35.4073],[-86.2943,35.392],[-86.3295,35.377],[-86.3712,35.3479],[-86.4093,35.3466],[-86.4223,35.3188],[-86.4442,35.3207],[-86.4753,35.3381],[-86.4851,35.3605],[-86.5253,35.3547]]]},"properties":{"GEOID":"46100","NAME":"Tullahoma-Manchester, TN","LSAD":"M2"}},
{"type":"Feature","geometry":{"type":"Polygon","coordinates":[[[-82.8976,35.056],[-82.9183,35.0361],[-82.9386,34.9809],[-82.9033,34.935],[-82.9093,34.8947],[-82.8961,34.8369],[-82.8972,34.8052],[-82.8873,34.7753],[-82.8959,34.7364],[-82.8603,34.7314],[-82.8599,34.698],[-82.8512,34.6685],[-82.8389,34.6572],[-82.8451,34.6185],[-82.9922,34.4792],[-82.9016,34.4868],[-82.8653,34.4603],[-82.836,34.3809],[-82.8348,34.3663],[-82.7947,34.3406],[-82.7818,34.2979],[-82.7539,34.2755],[-82.743,34.2514],[-82.742,34.2117],[-82.5383,34.3389],[-82.3139,34.4843],[-82.3145,34.4696],[-82.2879,34.4536],[-82.2463,34.4097],[-82.2092,34.3758],[-82.1969,34.375],[-82.1732,34.3508],[-82.1693,34.3312],[-82.134,34.3238],[-82.0837,34.2992],[-82.0072,34.2415],[-81.9784,34.2381],[-81.9711,34.2222],[-81.945,34.2031],[-81.9267,34.2197],[-81.9032,34.2633],[-81.8953,34.3005],[-81.8613,34.3155],[-81.8363,34.3432],[-81.8149,34.347],[-81.7826,34.3651],[-81.7475,34.4196],[-81.7225,34.4497],[-81.7022,34.456],[-81.6436,34.5337],[-81.6609,34.5487],[-81.7162,34.5514],[-81.8136,34.5802],[-81.8519,34.5948],[-81.891,34.5925],[-81.9105,34.6035],[-81.9519,34.6495],[-82.0046,34.6623],[-82.0667,34.701],[-82.0872,34.7452],[-82.1152,34.7489],[-82.1355,34.7782],[-82.1595,34.7903],[-82.1958,34.835],[-82.2261,34.8566],[-82.2227,34.928],[-82.2159,35.196],[-82.2749,35.2001],[-82.3233,35.1848],[-82.3537,35.1922],[-82.3713,35.1814],[-82.3904,35.2154],[-82.4197,35.1986],[-82.4396,35.1659],[-82.4601,35.1781],[-82.495,35.1645],[-82.5416,35.1621],[-82.5742,35.1437],[-82.6097,35.139],[-82.6865,35.1082],[-82.7577,35.068],[-82.7774,35.0641],[-82.7833,35.0856],[-82.8976,35.056]]]},"properties":{"GEOID":"24860","NAME":"Greenville-Anderson, SC","LSAD":"M1"}},
{"type":"Feature","geometry":{"type":"Polygon","coordinates":[[[-88.4281,45.377],[-88.6778,45.3789],[-88.6801,45.205],[-88.6382,45.2048],[-88.6412,45.1173],[-88.4837,45.1169],[-88.4891,44.8554],[-88.2482,44.8527],[-88.2524,44.7668],[-88.2427,44.6796],[-88.2452,44.5847],[-88.1905,44.5868],[-88.1909,44.2888],[-88.1926,44.2419],[-88.0432,44.241],[-87.8881,44.2405],[-87.8875,44.3276],[-87.543,44.3275],[-87.5176,44.3757],[-87.518,44.3944],[-87.5019,44.4355],[-87.4837,44.5114],[-87.4681,44.5519],[-87.4375,44.6051],[-87.4054,44.6272],[-87.3751,44.6754],[-87.5193,44.6752],[-87.7361,44.677],[-87.7658,44.642],[-87.8088,44.6363],[-87.8407,44.6187],[-87.8566,44.6197],[-87.8875,44.5923],[-87.929,44.536],[-87.9707,44.5303],[-88.0024,44.5387],[-88.033,44.5589],[-88.0381,44.5761],[-88.0149,44.5855],[-88.0081,44.6458],[-87.9903,44.6876],[-87.9826,44.7218],[-87.9343,44.7657],[-87.8956,44.8295],[-87.8666,44.8427],[-87.8311,44.8954],[-87.8443,44.9185],[-87.813,44.954],[-87.7624,44.9666],[-87.7601,44.9905],[-87.8834,44.9905],[-87.9444,44.9931],[-87.943,45.0204],[-88.1212,45.0236],[-88.1189,45.1102],[-88.1892,45.1118],[-88.1864,45.198],[-88.3091,45.2016],[-88.3058,45.3745],[-88.4281,45.377]]]},"properties":{"GEOID":"24580","NAME":"Green Bay, WI","LSAD":"M1"}},
{"type":"Feature","geometry":{"type":"Polygon","coordinates":[[[-116.4521,44.1515],[-116.772,44.1518],[-116.8978,44.1527],[-116.8958,44.1713],[-116.9254,44.1915],[-116.9717,44.1973],[-116.9759,44.2428],[-117.0319,44.2486],[-117.0565,44.2309],[-117.0895,44.2582],[-117.1042,44.2799],[-117.1385,44.2594],[-117.1703,44.2589],[-117.217,44.2884],[-117.2201,44.3014],[-117.487,44.3003],[-117.4867,44.3872],[-117.5092,44.3871],[-117.5294,44.4157],[-117.5697,44.4157],[-117.5908,44.4446],[-117.9718,44.4438],[-117.9719,44.4293],[-118.0114,44.4296],[-118.0317,44.4152],[-118.0318,44.39],[-118.052,44.39],[-118.087,44.3576],[-118.0921,44.3287],[-118.1321,44.2995],[-118.1525,44.2995],[-118.1529,44.2707],[-118.1934,44.2707],[-118.1933,44.2562],[-118.2322,44.2561],[-118.2288,44.2126],[-118.2276,44.0399],[-118.2281,43.7792],[-118.2317,43.7792],[-118.232,43.349],[-118.2281,43.349],[-118.2288,42.9146],[-118.2168,42.9147],[-118.2164,42.8059],[-118.2147,42.2759],[-118.1953,42.2758],[-118.1974,41.997],[-117.8735,41.9983],[-117.626,41.9981],[-117.1978,42.0004],[-117.0262,41.9999],[-117.0266,42.3786],[-117.0267,42.6249],[-117.0267,43.0249],[-117.0267,43.2862],[-117.0267,43.4958],[-117.0266,43.8081],[-117.0329,43.83],[-116.9842,43.8668],[-116.9544,43.8802],[-116.9545,43.8365],[-116.914,43.8362],[-116.8938,43.8077],[-116.8531,43.8074],[-116.8532,43.7927],[-116.7932,43.7927],[-116.7127,43.8072],[-116.7125,43.9813],[-116.5722,43.9805],[-116.5721,44.0092],[-116.5322,44.0088],[-116.5321,44.066],[-116.4526,44.0654],[-116.4521,44.1515]]]},"properties":{"GEOID":"36620","NAME":"Ontario, OR-ID","LSAD":"M2"}},
{"type":"Feature","geometry":{"type":"MultiPolygon","coordinates":[[[[-71.3538,41.6475],[-71.3507,41.6339],[-71.3256,41.6241],[-71.3359,41.5859],[-71.3167,41.5831],[-71.3026,41.6055],[-71.3081,41.6262],[-71.3538,41.6475]]],[[[-71.4006,41.4609],[-71.3768,41.4749],[-71.3665,41.4948],[-71.3599,41.5563],[-71.3845,41.5567],[-71.3994,41.493],[-71.4006,41.4609]]],[[[-71.6131,41.1603],[-71.6,41.1469],[-71.5471,41.1537],[-71.5444,41.1649],[-71.5664,41.1882],[-71.5541,41.213],[-71.5625,41.2242],[-71.5975,41.1852],[-71.6131,41.1603]]],[[[-71.8605,41.3202],[-71.8574,41.3063],[-71.7737,41.328],[-71.716,41.3311],[-71.6881,41.3428],[-71.6165,41.363],[-71.5315,41.3765],[-71.4842,41.3718],[-71.453,41.4097],[-71.4558,41.433],[-71.4311,41.4473],[-71.4184,41.4727],[-71.4177,41.5363],[-71.4422,41.5638],[-71.4388,41.5814],[-71.4038,41.5893],[-71.4086,41.6632],[-71.4462,41.6663],[-71.4502,41.6865],[-71.3906,41.6841],[-71.3644,41.7047],[-71.381,41.7273],[-71.381,41.7557],[-71.3917,41.7811],[-71.3715,41.7834],[-71.3599,41.7451],[-71.3395,41.7248],[-71.3071,41.7216],[-71.2912,41.7027],[-71.305,41.6594],[-71.2534,41.6606],[-71.2346,41.6775],[-71.241,41.6977],[-71.2248,41.7105],[-71.1956,41.6751],[-71.208,41.6531],[-71.2719,41.624],[-71.2734,41.607],[-71.3105,41.5469],[-71.3113,41.5226],[-71.328,41.5188],[-71.3165,41.4776],[-71.3612,41.4646],[-71.3562,41.4505],[-71.3044,41.4545],[-71.2974,41.4848],[-71.2521,41.4859],[-71.228,41.5283],[-71.2366,41.5359],[-71.2361,41.5748],[-71.2436,41.5875],[-71.2407,41.6192],[-71.2153,41.6255],[-71.2054,41.5943],[-71.216,41.5472],[-71.2008,41.5144],[-71.2064,41.4992],[-71.1902,41.4843],[-71.194,41.4564],[-71.1391,41.4834],[-71.1369,41.4939],[-71.0857,41.5093],[-71.041,41.4975],[-70.9801,41.5276],[-70.9479,41.5298],[-70.9346,41.5487],[-70.9376,41.5775],[-70.9305,41.6133],[-70.8727,41.6278],[-70.8432,41.6285],[-70.8452,41.6447],[-70.8864,41.7602],[-70.9044,41.758],[-70.9218,41.7912],[-71.0263,41.7789],[-71.0146,41.7996],[-71.0366,41.8165],[-70.9737,41.8609],[-70.9956,41.9256],[-71.0495,41.9631],[-71.0805,42.0955],[-71.3643,41.9853],[-71.3815,41.9851],[-71.3814,42.0188],[-71.4983,42.0172],[-71.5276,42.015],[-71.7992,42.0081],[-71.7979,41.9354],[-71.787,41.656],[-71.7876,41.6399],[-71.7977,41.4167],[-71.8203,41.4194],[-71.8435,41.4058],[-71.8327,41.3872],[-71.8376,41.3655],[-71.8294,41.3424],[-71.8605,41.3202]]]]},"properties":{"GEOID":"39300","NAME":"Providence-Warwick, RI-MA","LSAD":"M1"}},
{"type":"Feature","geometry":{"type":"Polygon","coordinates":[[[-107.2996,32.6054],[-107.298,32.4934],[-107.2987,32.0823],[-107.2976,32.0796],[-107.2968,31.7838],[-107.033,31.7835],[-106.7505,31.7839],[-106.5282,31.7831],[-106.5471,31.8073],[-106.5772,31.8104],[-106.6053,31.8279],[-106.6019,31.8396],[-106.6359,31.8662],[-106.6292,31.8837],[-106.6453,31.8949],[-106.6239,31.9253],[-106.6243,31.9611],[-106.6395,31.9803],[-106.6185,32.0005],[-106.3772,32.0012],[-106.377,32.3436],[-106.3766,32.6643],[-106.3766,32.9581],[-106.3407,32.9584],[-106.3405,33.0528],[-106.5276,32.9742],[-106.8879,32.8228],[-106.8877,32.7793],[-107.0887,32.7789],[-107.2995,32.7801],[-107.2996,32.6054]]]},"properties":{"GEOID":"29740","NAME":"Las Cruces, NM","LSAD":"M1"}},
{"type":"Feature","geometry":{"type":"Polygon","coordinates":[[[-78.4686,39.5168],[-78.5214,39.5248],[-78.5659,39.5194],[-78.623,39.5395],[-78.6574,39.5351],[-78.7036,39.4975],[-78.7298,39.4632],[-78.7666,39.4475],[-78.784,39.4279],[-78.8107,39.3766],[-78.8507,39.3311],[-78.888,39.325],[-78.9223,39.2929],[-78.9266,39.2789],[-78.9592,39.2606],[-78.9799,39.2376],[-78.8995,39.1991],[-78.8427,39.1844],[-78.733,39.1499],[-78.6914,39.1466],[-78.6569,39.1257],[-78.6236,39.1185],[-78.6023,39.1404],[-78.5613,39.1314],[-78.5081,39.0886],[-78.5442,39.0566],[-78.4541,39.0278],[-78.4482,39.056],[-78.3916,39.1019],[-78.376,39.092],[-78.336,39.1018],[-78.3357,39.0739],[-78.3472,39.0597],[-78.3206,39.0412],[-78.3141,39.008],[-78.1642,39.0179],[-78.137,39.0744],[-78.1037,39.1047],[-78.107,39.1208],[-78.073,39.1783],[-78.0679,39.2118],[-78.0501,39.2287],[-78.0332,39.2646],[-78.1582,39.3434],[-78.2628,39.4143],[-78.3471,39.466],[-78.4377,39.5001],[-78.4686,39.5168]]]},"properties":{"GEOID":"49020","NAME":"Winchester, VA-WV","LSAD":"M1"}},
{"type":"Feature","geometry":{"type":"Polygon","coordinates":[[[-86.1456,33.6791],[-86.1709,33.6793],[-86.1761,33.6961],[-86.2006,33.6947],[-86.2008,33.6768],[-86.1724,33.6598],[-86.1695,33.6192],[-86.1988,33.6128],[-86.2198,33.5828],[-86.2086,33.5599],[-86.1898,33.5472],[-86.2266,33.5206],[-86.2353,33.4945],[-86.2533,33.4888],[-86.2809,33.5108],[-86.3085,33.4536],[-86.3231,33.4445],[-86.3478,33.4097],[-86.3785,33.3872],[-86.3529,33.3725],[-86.3435,33.3492],[-86.3681,33.3417],[-86.3576,33.2985],[-86.3933,33.2754],[-86.4341,33.2755],[-86.4244,33.2606],[-86.4326,33.2443],[-86.458,33.2414],[-86.4665,33.2245],[-86.461,33.2029],[-86.4861,33.2019],[-86.5031,33.1791],[-86.483,33.1483],[-86.4599,33.1251],[-86.491,33.1029],[-86.1744,33.1044],[-86.1728,33.1957],[-86.1206,33.1945],[-86.1182,33.2963],[-85.9803,33.2942],[-85.9765,33.3819],[-85.9413,33.3817],[-85.9238,33.3962],[-85.9228,33.4546],[-85.9053,33.4547],[-85.9049,33.4987],[-85.8509,33.4987],[-85.7969,33.5418],[-85.7961,33.5562],[-85.7946,33.5856],[-85.9949,33.5865],[-86.0216,33.6012],[-86.0258,33.6463],[-86.0507,33.6746],[-86.1456,33.6791]]]},"properties":{"GEOID":"45180","NAME":"Talladega-Sylacauga, AL","LSAD":"M2"}},
{"type":"Feature","geometry":{"type":"Polygon","coordinates":[[[-72.9832,41.6396],[-73.0215,41.6271],[-73.058,41.6067],[-73.058,41.5886],[-73.083,41.5856],[-73.0924,41.5705],[-73.1647,41.5571],[-73.1555,41.5143],[-73.2042,41.5085],[-73.2428,41.513],[-73.3189,41.5052],[-73.3265,41.4838],[-73.3105,41.4688],[-73.2939,41.4474],[-73.2737,41.4516],[-73.2182,41.4291],[-73.1734,41.3836],[-73.1587,41.3834],[-73.1158,41.3322],[-73.0679,41.301],[-73.0887,41.2717],[-73.0873,41.2518],[-73.11,41.2294],[-73.1093,41.2041],[-73.1225,41.1829],[-73.108,41.1688],[-73.0888,41.1874],[-73.0496,41.2108],[-73.0145,41.2047],[-73.0025,41.2228],[-72.972,41.2372],[-72.9621,41.2519],[-72.931,41.2627],[-72.9297,41.2809],[-72.9076,41.2962],[-72.8967,41.2453],[-72.8815,41.2431],[-72.7621,41.2677],[-72.737,41.2573],[-72.6851,41.258],[-72.6172,41.272],[-72.5711,41.2681],[-72.5363,41.2548],[-72.5918,41.3228],[-72.6144,41.33],[-72.6123,41.3862],[-72.6323,41.4123],[-72.6505,41.4191],[-72.6537,41.4381],[-72.7461,41.4233],[-72.7391,41.4383],[-72.7522,41.5789],[-72.8485,41.5673],[-72.8678,41.549],[-72.8839,41.5638],[-72.9463,41.5568],[-72.9336,41.6078],[-72.9385,41.6443],[-72.9832,41.6396]]]},"properties":{"GEOID":"35300","NAME":"New Haven-Milford, CT","LSAD":"M1"}},
{"type":"Feature","geometry":{"type":"Polygon","coordinates":[[[-81.2813,32.5564],[-81.2724,32.5304],[-81.2431,32.5202],[-81.2336,32.4985],[-81.2,32.468],[-81.2055,32.4236],[-81.1787,32.3936],[-81.1818,32.3793],[-81.1616,32.3504],[-81.1415,32.3503],[-81.1223,32.3054],[-81.1257,32.2837],[-81.1566,32.2439],[-81.1231,32.2013],[-81.1281,32.1691],[-81.1143,32.152],[-81.1154,32.1147],[-81.0883,32.0999],[-81.0381,32.0837],[-81.0043,32.1024],[-80.9835,32.0795],[-80.9539,32.0701],[-80.9251,32.0419],[-80.9077,32.0382],[-80.908,32.0483],[-80.8721,32.0829],[-80.8424,32.1178],[-80.8215,32.1086],[-80.7468,32.1418],[-80.7137,32.1679],[-80.6863,32.2032],[-80.6717,32.2134],[-80.6865,32.2442],[-80.7271,32.2706],[-80.7424,32.2638],[-80.7654,32.286],[-80.7534,32.3068],[-80.7336,32.3195],[-80.7081,32.3237],[-80.6885,32.3028],[-80.6448,32.2915],[-80.6454,32.2609],[-80.6237,32.2581],[-80.5885,32.2827],[-80.5762,32.2753],[-80.5039,32.3075],[-80.4533,32.3219],[-80.4627,32.3334],[-80.4442,32.3549],[-80.4293,32.3897],[-80.4356,32.4125],[-80.4575,32.4103],[-80.4846,32.461],[-80.477,32.4854],[-80.5029,32.4957],[-80.5178,32.5191],[-80.5365,32.5292],[-80.5515,32.5658],[-80.5828,32.5662],[-80.6117,32.5899],[-80.6478,32.5964],[-80.6685,32.6228],[-80.6849,32.6561],[-80.7065,32.6732],[-80.7392,32.6823],[-80.7712,32.6769],[-80.7864,32.6875],[-80.8372,32.6998],[-80.9024,32.6216],[-80.9584,32.6444],[-80.9462,32.6881],[-80.9642,32.6947],[-80.9761,32.7202],[-81.0149,32.7529],[-81.0988,32.6887],[-81.2072,32.6105],[-81.2226,32.6038],[-81.2813,32.5564]]]},"properties":{"GEOID":"25940","NAME":"Hilton Head Island-Bluffton, SC","LSAD":"M1"}},
{"type":"Feature","geometry":{"type":"Polygon","coordinates":[[[-124.1147,44.2762],[-124.1089,44.2655],[-124.117,44.1719],[-124.1278,44.122],[-124.124,44.1058],[-124.1383,43.9953],[-124.1587,43.8637],[-123.9463,43.8627],[-123.9255,43.8659],[-123.9259,43.8985],[-123.9024,43.8963],[-123.8724,43.9167],[-123.8526,43.9206],[-123.827,43.9448],[-123.7038,43.9443],[-123.6588,43.9365],[-123.6589,43.9217],[-123.619,43.9211],[-123.6196,43.8917],[-123.5796,43.8911],[-123.5797,43.8683],[-123.529,43.8683],[-123.5292,43.8301],[-123.4703,43.8312],[-123.4704,43.8101],[-123.3482,43.8092],[-123.3482,43.7802],[-123.1373,43.7797],[-123.1372,43.6059],[-123.1073,43.6059],[-123.1075,43.54],[-122.9876,43.539],[-122.9325,43.5444],[-122.7418,43.5447],[-122.7417,43.4374],[-122.5084,43.4413],[-122.2707,43.4416],[-122.132,43.4402],[-122.1386,43.4551],[-122.1287,43.4969],[-122.1495,43.5207],[-122.131,43.5573],[-122.0826,43.5776],[-122.039,43.6016],[-122.0024,43.6155],[-121.9805,43.6397],[-121.9863,43.6617],[-121.9672,43.7043],[-121.9812,43.743],[-121.9621,43.7635],[-121.9778,43.8285],[-121.9729,43.8612],[-121.9324,43.8942],[-121.9282,43.9092],[-121.8694,43.9119],[-121.8571,43.9652],[-121.8271,43.9976],[-121.822,44.0124],[-121.8352,44.037],[-121.8022,44.0527],[-121.7725,44.091],[-121.7716,44.1676],[-121.7856,44.2078],[-121.7779,44.2189],[-121.7994,44.2583],[-121.9601,44.2573],[-122.028,44.2538],[-122.3271,44.2528],[-122.3273,44.2312],[-122.3672,44.2094],[-122.3846,44.2171],[-122.4656,44.223],[-122.5032,44.2217],[-122.5354,44.2349],[-122.5673,44.2293],[-122.5935,44.2444],[-122.6397,44.2493],[-122.6468,44.2666],[-122.7627,44.2905],[-122.7768,44.2837],[-122.8655,44.2873],[-122.8655,44.259],[-122.904,44.2591],[-122.9058,44.2007],[-123.1654,44.2001],[-123.1503,44.2266],[-123.1788,44.2516],[-123.1804,44.2837],[-123.3714,44.2837],[-123.3714,44.281],[-123.5933,44.2819],[-123.5935,44.2767],[-123.7756,44.2835],[-123.9411,44.283],[-123.9411,44.2774],[-124.1147,44.2762]]]},"properties":{"GEOID":"21660","NAME":"Eugene-Springfield, OR","LSAD":"M1"}},
{"type":"Feature","geometry":{"type":"Polygon","coordinates":[[[-76.9399,40.6381],[-76.9491,40.6282],[-76.9255,40.6089],[-76.8643,40.6276],[-76.7016,40.6581],[-76.6925,40.6638],[-76.5708,40.706],[-76.3803,40.7754],[-76.4115,40.8335],[-76.5016,40.8248],[-76.5081,40.8466],[-76.5066,40.8829],[-76.5505,40.8826],[-76.5674,40.9179],[-76.557,40.9386],[-76.6014,40.9422],[-76.6264,40.9611],[-76.6613,40.968],[-76.7929,40.9466],[-76.7758,41.0085],[-76.7349,41.0917],[-76.7327,41.172],[-76.7908,41.1757],[-76.8842,41.1571],[-76.8961,41.1391],[-76.8844,41.0938],[-76.8579,41.0721],[-76.8564,41.0474],[-76.8676,40.9985],[-76.8824,40.9714],[-76.8541,40.9154],[-76.8228,40.8898],[-76.8002,40.882],[-76.813,40.8471],[-76.8493,40.8097],[-76.8593,40.777],[-76.8565,40.7226],[-76.8798,40.6872],[-76.912,40.6676],[-76.9399,40.6381]]]},"properties":{"GEOID":"44980","NAME":"Sunbury, PA","LSAD":"M2"}},
{"type":"Feature","geometry":{"type":"Polygon","coordinates":[[[-121.1136,47.5973],[-121.1722,47.5901],[-121.1822,47.5652],[-121.217,47.5698],[-121.2356,47.5446],[-121.2855,47.517],[-121.3031,47.486],[-121.3791,47.4544],[-121.3851,47.4345],[-121.4274,47.4206],[-121.4231,47.4056],[-121.4401,47.3749],[-121.4642,47.3544],[-121.4306,47.3346],[-121.4444,47.3082],[-121.4221,47.2879],[-121.3412,47.2813],[-121.3398,47.2472],[-121.3651,47.2246],[-121.3176,47.2121],[-121.3063,47.1877],[-121.3178,47.173],[-121.2978,47.1489],[-121.3349,47.1327],[-121.3647,47.1418],[-121.394,47.1328],[-121.4081,47.1181],[-121.3797,47.0875],[-121.3113,47.0769],[-121.281,47.0888],[-121.2224,47.0669],[-121.2102,47.0535],[-121.136,47.0174],[-121.1208,46.9982],[-121.0901,46.991],[-121.09,46.9693],[-121.0688,46.9585],[-121.0424,46.9221],[-121.0266,46.9113],[-120.8143,46.911],[-120.6346,46.9121],[-120.634,46.8258],[-120.5086,46.8249],[-120.51,46.7379],[-120.1285,46.7362],[-119.973,46.7371],[-119.97,46.755],[-119.9431,46.7747],[-119.9274,46.7984],[-119.9275,46.8171],[-119.9646,46.8572],[-119.9661,46.9437],[-120.0011,46.9936],[-120.0112,47.0394],[-120.0429,47.0735],[-120.0276,47.1053],[-120.0021,47.1262],[-120.0106,47.1613],[-120.0037,47.1844],[-120.0071,47.2201],[-120.0191,47.2266],[-120.0776,47.227],[-120.0945,47.2622],[-120.3892,47.2609],[-120.4268,47.2744],[-120.4493,47.2941],[-120.5153,47.3201],[-120.5573,47.3066],[-120.579,47.3374],[-120.6191,47.3454],[-120.6644,47.3433],[-120.7229,47.3724],[-120.7264,47.3874],[-120.7822,47.3994],[-120.8025,47.4226],[-120.8436,47.4117],[-120.9242,47.4336],[-120.9226,47.4483],[-120.9582,47.4833],[-120.9832,47.4929],[-120.9966,47.5185],[-121.0235,47.5238],[-121.0752,47.5511],[-121.0962,47.5894],[-121.1136,47.5973]]]},"properties":{"GEOID":"21260","NAME":"Ellensburg, WA","LSAD":"M2"}},
{"type":"Feature","geometry":{"type":"Polygon","coordinates":[[[-77.391,35.3395],[-77.4313,35.3298],[-77.4406,35.3035],[-77.4335,35.2496],[-77.4737,35.229],[-77.5272,35.243],[-77.5075,35.1728],[-77.6013,35.0714],[-77.731,35.0081],[-77.6748,34.9739],[-77.639,34.9845],[-77.5028,34.9696],[-77.3668,34.9087],[-77.3652,34.9236],[-77.3316,34.9392],[-77.2674,34.9255],[-77.2506,34.9017],[-77.2253,34.8873],[-77.2009,34.8422],[-77.1794,34.8299],[-77.1961,34.8097],[-77.166,34.785],[-77.1615,34.7934],[-77.0783,34.8113],[-76.9544,34.8091],[-76.9548,34.8245],[-76.8823,34.8367],[-76.8831,34.8449],[-76.758,34.8463],[-76.693,34.8692],[-76.683,34.8993],[-76.6606,34.9156],[-76.6526,34.9376],[-76.6772,34.9577],[-76.7076,34.9542],[-76.7266,34.9279],[-76.7608,34.9159],[-76.8112,34.9392],[-76.8478,34.9363],[-76.8683,34.9476],[-76.9358,34.9731],[-76.98,35.0092],[-76.9893,35.0438],[-77.0377,35.0992],[-77.0304,35.1331],[-76.9978,35.0767],[-76.9726,35.0564],[-76.9529,35.0572],[-76.9248,35.0292],[-76.9011,35.0251],[-76.8205,34.971],[-76.7712,34.9767],[-76.7575,34.9924],[-76.7116,35.0045],[-76.7025,35.0189],[-76.6746,35.03],[-76.6299,35.0613],[-76.5973,35.074],[-76.5887,35.0959],[-76.5695,35.0985],[-76.5422,35.1453],[-76.58,35.1741],[-76.5866,35.1544],[-76.6137,35.163],[-76.6013,35.1974],[-76.5747,35.2009],[-76.5267,35.1848],[-76.5186,35.2022],[-76.5559,35.2339],[-76.5053,35.2226],[-76.5034,35.2407],[-76.4835,35.2498],[-76.4799,35.2791],[-76.4989,35.3059],[-76.5445,35.3262],[-76.6112,35.3355],[-76.6189,35.3001],[-76.6122,35.2793],[-76.6326,35.2353],[-76.8453,35.2161],[-76.9588,35.301],[-77.1891,35.4184],[-77.1993,35.4004],[-77.221,35.4018],[-77.2396,35.3814],[-77.2379,35.3615],[-77.2589,35.3517],[-77.2693,35.3692],[-77.2943,35.3791],[-77.3504,35.3284],[-77.391,35.3395]]]},"properties":{"GEOID":"35100","NAME":"New Bern, NC","LSAD":"M1"}},
{"type":"Feature","geometry":{"type":"Polygon","coordinates":[[[-96.6247,35.4627],[-97.1415,35.464],[-97.1417,35.203],[-97.1423,34.9282],[-97.1168,34.9352],[-97.0876,34.9315],[-97.0159,34.9073],[-96.9673,34.9347],[-96.957,34.951],[-96.9306,34.9644],[-96.9106,34.9587],[-96.8854,34.9263],[-96.8531,34.9288],[-96.8215,34.9461],[-96.7982,34.93],[-96.7986,34.9059],[-96.7757,34.9],[-96.7754,35.0432],[-96.7771,35.2899],[-96.7767,35.4054],[-96.7443,35.4066],[-96.7248,35.425],[-96.6886,35.4036],[-96.6524,35.3916],[-96.6243,35.4047],[-96.6247,35.4627]]]},"properties":{"GEOID":"43060","NAME":"Shawnee, OK","LSAD":"M2"}},
{"type":"Feature","geometry":{"type":"MultiPolygon","coordinates":[[[[-122.526,47.3589],[-122.5189,47.3333],[-122.4931,47.3303],[-122.4842,47.3801],[-122.4638,47.3751],[-122.4771,47.3511],[-122.454,47.3433],[-122.4378,47.3656],[-122.3736,47.3887],[-122.4273,47.4021],[-122.4431,47.4535],[-122.4334,47.4664],[-122.46,47.4869],[-122.4524,47.5035],[-122.4766,47.5111],[-122.4827,47.4831],[-122.514,47.4489],[-122.5147,47.414],[-122.5277,47.3923],[-122.5163,47.3773],[-122.526,47.3589]]],[[[-122.6696,47.2765],[-122.6686,47.2704],[-122.6025,47.2175],[-122.5889,47.2371],[-122.6495,47.2752],[-122.6696,47.2765]]],[[[-122.6927,47.1013],[-122.7075,47.0853],[-122.6773,47.0433],[-122.6716,47.0149],[-122.6303,46.9983],[-122.6374,46.9771],[-122.5845,46.9743],[-122.5662,46.9398],[-122.4978,46.9088],[-122.4907,46.8673],[-122.406,46.8425],[-122.3712,46.8454],[-122.3186,46.8284],[-122.3027,46.8087],[-122.3125,46.796],[-122.2696,46.7668],[-122.2361,46.7729],[-122.2031,46.7631],[-122.1779,46.7552],[-122.0825,46.7522],[-122.0239,46.7423],[-122.0081,46.7526],[-121.974,46.7458],[-121.9529,46.7547],[-121.9315,46.7407],[-121.8714,46.7302],[-121.8333,46.7296],[-121.8174,46.7473],[-121.7588,46.7836],[-121.4552,46.7838],[-121.4425,46.793],[-121.4744,46.8204],[-121.4973,46.8629],[-121.5231,46.8728],[-121.497,46.9083],[-121.4754,46.9133],[-121.4495,46.9344],[-121.4551,46.9648],[-121.4458,46.9802],[-121.4065,46.9987],[-121.3998,47.0335],[-121.3741,47.057],[-121.3797,47.0875],[-121.4081,47.1181],[-121.394,47.1328],[-121.3647,47.1418],[-121.3349,47.1327],[-121.2978,47.1489],[-121.3178,47.173],[-121.3063,47.1877],[-121.3176,47.2121],[-121.3651,47.2246],[-121.3398,47.2472],[-121.3412,47.2813],[-121.4221,47.2879],[-121.4444,47.3082],[-121.4306,47.3346],[-121.4642,47.3544],[-121.4401,47.3749],[-121.4231,47.4056],[-121.4274,47.4206],[-121.3851,47.4345],[-121.3791,47.4544],[-121.3031,47.486],[-121.2855,47.517],[-121.2356,47.5446],[-121.217,47.5698],[-121.1822,47.5652],[-121.1722,47.5901],[-121.1136,47.5973],[-121.1137,47.618],[-121.1337,47.6456],[-121.1288,47.6762],[-121.0883,47.7031],[-121.079,47.7392],[-121.1203,47.7843],[-121.0926,47.8007],[-121.0707,47.8266],[-121.1069,47.829],[-121.1343,47.843],[-121.1808,47.8988],[-121.1714,47.9133],[-121.165,47.9545],[-121.1182,47.9971],[-121.1292,48.0198],[-121.1533,48.0397],[-121.116,48.058],[-121.0362,48.0768],[-121.0159,48.0748],[-120.9526,48.1172],[-120.9656,48.1403],[-120.9484,48.155],[-120.9074,48.1632],[-120.9206,48.1873],[-120.9648,48.2113],[-120.9598,48.2278],[-121.0113,48.2782],[-121.0017,48.296],[-121.4155,48.296],[-121.5799,48.2988],[-121.858,48.2975],[-122.3729,48.2977],[-122.3676,48.2917],[-122.4055,48.252],[-122.3947,48.2299],[-122.3683,48.2146],[-122.3678,48.1349],[-122.3432,48.0976],[-122.3214,48.081],[-122.28,48.0631],[-122.2744,48.0482],[-122.219,48.0203],[-122.2311,48.0087],[-122.23,47.9709],[-122.249,47.9595],[-122.307,47.9491],[-122.3219,47.9131],[-122.3399,47.8467],[-122.3956,47.8068],[-122.3944,47.7722],[-122.3802,47.7585],[-122.3731,47.7292],[-122.3857,47.7045],[-122.4034,47.6977],[-122.4097,47.6762],[-122.4298,47.6589],[-122.4146,47.6398],[-122.3702,47.6252],[-122.3449,47.6091],[-122.3621,47.5838],[-122.3871,47.5957],[-122.4211,47.576],[-122.3983,47.5501],[-122.3988,47.5174],[-122.3613,47.4814],[-122.368,47.4592],[-122.348,47.4159],[-122.3272,47.3877],[-122.3248,47.3485],[-122.3369,47.3414],[-122.43,47.3197],[-122.4346,47.3075],[-122.4092,47.2886],[-122.4403,47.262],[-122.5333,47.3166],[-122.533,47.2764],[-122.5639,47.2435],[-122.5929,47.1758],[-122.6138,47.1696],[-122.6262,47.1419],[-122.658,47.1272],[-122.6765,47.1021],[-122.6927,47.1013]]],[[[-122.7269,47.2074],[-122.6777,47.1911],[-122.6424,47.2008],[-122.6487,47.2156],[-122.6799,47.2312],[-122.7046,47.231],[-122.7269,47.2074]]],[[[-122.7417,47.155],[-122.712,47.1277],[-122.6755,47.142],[-122.6739,47.1747],[-122.6958,47.189],[-122.7239,47.1765],[-122.7417,47.155]]],[[[-122.8011,47.3586],[-122.789,47.3384],[-122.7871,47.2997],[-122.8153,47.2751],[-122.8328,47.2434],[-122.7716,47.1671],[-122.7522,47.1724],[-122.7498,47.1992],[-122.7198,47.2209],[-122.7222,47.2446],[-122.7574,47.2767],[-122.7302,47.3333],[-122.6839,47.3652],[-122.6278,47.3824],[-122.6381,47.3626],[-122.6713,47.3413],[-122.6974,47.284],[-122.6713,47.2862],[-122.6307,47.2772],[-122.5858,47.2539],[-122.5475,47.2853],[-122.5737,47.3184],[-122.5385,47.3759],[-122.5509,47.4034],[-122.8012,47.4036],[-122.8011,47.3586]]]]},"properties":{"GEOID":"42660","NAME":"Seattle-Tacoma-Bellevue, WA","LSAD":"M1"}},
{"type":"Feature","geometry":{"type":"Polygon","coordinates":[[[-81.4431,31.0167],[-81.4569,31.0372],[-81.4863,31.0346],[-81.4925,31.0545],[-81.5266,31.0632],[-81.5398,31.0838],[-81.5567,31.0808],[-81.5719,31.0993],[-81.5578,31.1219],[-81.6295,31.11],[-81.6653,31.1251],[-81.6862,31.1224],[-81.7217,31.1486],[-81.7641,31.1545],[-81.8016,31.1513],[-81.8191,31.1365],[-81.8407,31.0977],[-81.9112,31.0971],[-81.924,31.088],[-81.936,31.048],[-81.906,31.0397],[-81.9079,30.9948],[-81.9162,30.9793],[-81.8989,30.9627],[-81.8992,30.9456],[-81.9151,30.916],[-81.8921,30.9099],[-81.9047,30.8284],[-81.8815,30.7999],[-81.8392,30.7866],[-81.8074,30.7901],[-81.7837,30.7729],[-81.7696,30.7771],[-81.7404,30.7636],[-81.7199,30.7446],[-81.6948,30.7484],[-81.6728,30.7389],[-81.6515,30.7407],[-81.6058,30.7197],[-81.5965,30.7273],[-81.5607,30.7117],[-81.5312,30.7242],[-81.4895,30.7261],[-81.4758,30.7148],[-81.4441,30.7097],[-81.4595,30.742],[-81.4601,30.7699],[-81.4469,30.8104],[-81.4286,30.8363],[-81.4041,30.9037],[-81.4034,30.9579],[-81.4269,30.9566],[-81.4906,30.985],[-81.461,30.9991],[-81.4431,31.0167]]]},"properties":{"GEOID":"41220","NAME":"St. Marys, GA","LSAD":"M2"}},
{"type":"Feature","geometry":{"type":"Polygon","coordinates":[[[-86.0564,37.1672],[-86.0743,37.0533],[-86.1135,37.0611],[-86.1667,36.934],[-86.1578,36.9065],[-86.1419,36.9135],[-86.1079,36.8876],[-86.0778,36.8923],[-86.078,36.8547],[-86.0589,36.8352],[-86.0562,36.8092],[-86.0353,36.7797],[-85.9829,36.7416],[-85.9769,36.7227],[-85.807,36.8216],[-85.7488,36.8421],[-85.6132,36.8327],[-85.5962,36.818],[-85.5747,36.8381],[-85.5942,36.8575],[-85.5805,36.869],[-85.5607,36.8509],[-85.5074,36.8675],[-85.4743,36.8938],[-85.4418,36.9541],[-85.5035,37.0075],[-85.5227,37.0673],[-85.5269,37.1095],[-85.591,37.1163],[-85.6324,37.1251],[-85.6609,37.143],[-85.6865,37.1824],[-85.7442,37.1698],[-85.8022,37.1631],[-85.8571,37.1511],[-85.9065,37.1484],[-85.9922,37.1571],[-86.0564,37.1672]]]},"properties":{"GEOID":"23980","NAME":"Glasgow, KY","LSAD":"M2"}},
{"type":"Feature","geometry":{"type":"Polygon","coordinates":[[[-94.7806,44.4567],[-94.8105,44.4789],[-94.8658,44.4982],[-94.8663,44.2824],[-95.1075,44.2818],[-95.1088,44.195],[-95.101,44.1949],[-95.1002,44.108],[-94.9014,44.1078],[-94.7383,44.1089],[-94.3688,44.1087],[-94.3717,44.2644],[-94.4121,44.2736],[-94.4614,44.3324],[-94.4917,44.3523],[-94.547,44.3647],[-94.6007,44.386],[-94.6266,44.3845],[-94.6447,44.3976],[-94.6688,44.3943],[-94.6943,44.4259],[-94.7262,44.4338],[-94.7492,44.4498],[-94.7806,44.4567]]]},"properties":{"GEOID":"35580","NAME":"New Ulm, MN","LSAD":"M2"}},
{"type":"Feature","geometry":{"type":"Polygon","coordinates":[[[-122.8854,39.5801],[-122.8903,39.529],[-122.9367,39.5307],[-122.9367,39.5164],[-123.0252,39.5187],[-123.0632,39.5035],[-123.063,39.4525],[-123.0731,39.4527],[-123.0751,39.4077],[-123.0563,39.4076],[-123.0571,39.3787],[-123.0379,39.3639],[-123.0377,39.3362],[-123.0197,39.3218],[-123.0196,39.278],[-123.0045,39.2782],[-122.9948,39.2359],[-123.0127,39.2362],[-123.0458,39.1735],[-123.0778,39.1738],[-123.0781,39.1387],[-123.0942,39.0953],[-123.093,39.072],[-123.0651,39.0644],[-123.0561,39.0499],[-123.0562,39.0211],[-123.028,38.9966],[-122.9866,38.9973],[-122.9774,38.9829],[-122.9777,38.9467],[-122.9489,38.9002],[-122.9114,38.9015],[-122.84,38.866],[-122.8216,38.8501],[-122.7958,38.8368],[-122.7462,38.7992],[-122.7104,38.7321],[-122.6918,38.7109],[-122.6466,38.7062],[-122.6274,38.6675],[-122.4639,38.7052],[-122.409,38.7763],[-122.398,38.804],[-122.3735,38.817],[-122.4039,38.8556],[-122.3951,38.8642],[-122.422,38.9009],[-122.4039,38.9253],[-122.3402,38.9242],[-122.4092,38.963],[-122.4193,38.9892],[-122.4134,39.0202],[-122.4428,39.0254],[-122.4713,39.0492],[-122.4913,39.053],[-122.486,39.0855],[-122.5009,39.1211],[-122.4745,39.1447],[-122.4985,39.1911],[-122.5153,39.2092],[-122.5734,39.2043],[-122.6225,39.2232],[-122.6654,39.2175],[-122.6914,39.2474],[-122.7297,39.2735],[-122.7571,39.2843],[-122.7753,39.3126],[-122.7648,39.335],[-122.7417,39.3589],[-122.7417,39.4352],[-122.7326,39.4508],[-122.7365,39.5085],[-122.7356,39.5807],[-122.8854,39.5801]]]},"properties":{"GEOID":"17340","NAME":"Clearlake, CA","LSAD":"M2"}},
{"type":"Feature","geometry":{"type":"Polygon","coordinates":[[[-99.4751,34.396],[-99.4753,34.0856],[-99.4756,33.834],[-99.2721,33.8339],[-98.9532,33.834],[-98.9524,34.2126],[-98.9741,34.2036],[-99.0008,34.2176],[-99.0131,34.2032],[-99.0435,34.1982],[-99.0795,34.2115],[-99.1192,34.2017],[-99.1895,34.2143],[-99.1972,34.2443],[-99.1963,34.2815],[-99.2135,34.3107],[-99.2069,34.3383],[-99.2343,34.3535],[-99.2376,34.3667],[-99.2946,34.4154],[-99.3196,34.4089],[-99.3287,34.4224],[-99.381,34.4569],[-99.395,34.4421],[-99.3877,34.412],[-99.3968,34.3794],[-99.4072,34.3726],[-99.4751,34.396]]]},"properties":{"GEOID":"46900","NAME":"Vernon, TX","LSAD":"M2"}},
{"type":"Feature","geometry":{"type":"Polygon","coordinates":[[[-83.8177,34.1275],[-83.7922,34.1003],[-83.7905,34.0866],[-83.7514,34.0642],[-83.7208,34.0555],[-83.6565,34.0528],[-83.5844,34.041],[-83.5632,34.0317],[-83.5374,33.9659],[-83.4982,33.9875],[-83.36,34.0406],[-83.3869,34.0502],[-83.374,34.0898],[-83.3571,34.1162],[-83.3638,34.1641],[-83.3794,34.1713],[-83.4024,34.1975],[-83.4792,34.2607],[-83.4887,34.2564],[-83.5615,34.2527],[-83.6199,34.2954],[-83.8177,34.1275]]]},"properties":{"GEOID":"27600","NAME":"Jefferson, GA","LSAD":"M2"}},
{"type":"Feature","geometry":{"type":"MultiPolygon","coordinates":[[[[-122.5908,47.6633],[-122.5778,47.6437],[-122.5768,47.6004],[-122.5384,47.5961],[-122.5228,47.5754],[-122.4983,47.5979],[-122.4891,47.6332],[-122.5082,47.6437],[-122.5038,47.6944],[-122.5528,47.7208],[-122.5646,47.6819],[-122.5908,47.6633]]],[[[-122.5509,47.4034],[-122.5318,47.4303],[-122.5323,47.4692],[-122.4953,47.511],[-122.545,47.5229],[-122.5384,47.5631],[-122.5694,47.5828],[-122.6063,47.5469],[-122.6723,47.5466],[-122.6026,47.5744],[-122.5911,47.6355],[-122.6178,47.6498],[-122.6132,47.6636],[-122.6187,47.7121],[-122.5931,47.6943],[-122.5373,47.7471],[-122.4885,47.7436],[-122.4714,47.766],[-122.5019,47.7907],[-122.4825,47.8155],[-122.5061,47.8317],[-122.5126,47.8818],[-122.5253,47.9123],[-122.5962,47.9202],[-122.5731,47.8741],[-122.5737,47.8576],[-122.6081,47.8567],[-122.6232,47.8362],[-122.6841,47.7986],[-122.6896,47.7791],[-122.7148,47.7675],[-122.7483,47.7179],[-122.745,47.6828],[-122.7525,47.6678],[-122.8081,47.6504],[-122.8311,47.6553],[-122.8596,47.6388],[-122.9171,47.6207],[-122.9228,47.5979],[-122.9651,47.5852],[-122.9713,47.5711],[-123.0237,47.5203],[-122.9397,47.5225],[-122.801,47.5204],[-122.8012,47.4036],[-122.5509,47.4034]]]]},"properties":{"GEOID":"14740","NAME":"Bremerton-Silverdale-Port Orchard, WA","LSAD":"M1"}},
{"type":"Feature","geometry":{"type":"Polygon","coordinates":[[[-109.0508,39.3667],[-109.0515,39.1261],[-109.0542,38.875],[-109.0595,38.7199],[-109.06,38.5],[-108.7931,38.5],[-108.3791,38.5],[-108.3787,38.6681],[-108.379,38.8291],[-108.177,38.8953],[-108.1403,38.9088],[-108.0869,38.9678],[-108.0948,38.9797],[-108.0538,39.0141],[-107.9872,39.0529],[-107.8756,39.0708],[-107.8589,39.0801],[-107.8021,39.0648],[-107.7651,39.0447],[-107.7221,39.0686],[-107.6808,39.1003],[-107.6379,39.142],[-107.6075,39.1616],[-107.5435,39.1944],[-107.5098,39.2166],[-107.4292,39.2422],[-107.4305,39.2565],[-107.3945,39.2563],[-107.3798,39.2757],[-107.4565,39.3069],[-107.466,39.3221],[-107.4305,39.3482],[-107.4309,39.3662],[-107.8841,39.3662],[-108.4096,39.366],[-108.875,39.3663],[-109.0508,39.3667]]]},"properties":{"GEOID":"24300","NAME":"Grand Junction, CO","LSAD":"M1"}},
{"type":"Feature","geometry":{"type":"Polygon","coordinates":[[[-113.6341,47.6],[-113.9031,47.6002],[-113.9303,47.5985],[-113.9317,47.575],[-113.9195,47.5494],[-113.9277,47.5206],[-113.9142,47.5011],[-113.9425,47.4928],[-113.9324,47.4576],[-113.9037,47.4476],[-113.8913,47.4168],[-113.8711,47.392],[-113.889,47.355],[-113.8827,47.3081],[-113.8708,47.2882],[-113.8212,47.2687],[-113.8214,47.1817],[-113.9336,47.1817],[-113.9335,47.1383],[-114.1872,47.1382],[-114.2121,47.1277],[-114.2358,47.1344],[-114.2542,47.1207],[-114.2927,47.1281],[-114.354,47.1606],[-114.3542,47.1892],[-114.3813,47.188],[-114.4239,47.2101],[-114.4522,47.2081],[-114.4913,47.2202],[-114.5637,47.2546],[-114.6314,47.2685],[-114.6872,47.2743],[-114.7088,47.2547],[-114.7972,47.2689],[-114.7971,47.24],[-114.7758,47.2256],[-114.7123,47.2256],[-114.7123,47.1822],[-114.6914,47.1672],[-114.6502,47.1672],[-114.6505,47.1382],[-114.6292,47.1237],[-114.5867,47.1238],[-114.5867,47.0949],[-114.5657,47.0949],[-114.5661,47.0674],[-114.4837,47.0675],[-114.4832,47.0234],[-114.4514,47.0089],[-114.4513,46.9932],[-114.5254,47.0093],[-114.5472,46.9924],[-114.5464,46.9634],[-114.5661,46.9634],[-114.5663,46.8336],[-114.549,46.8336],[-114.5491,46.7474],[-114.6749,46.7474],[-114.6246,46.7118],[-114.6232,46.6916],[-114.6417,46.6792],[-114.6358,46.6595],[-114.6141,46.6391],[-114.5834,46.6332],[-114.547,46.6447],[-114.4671,46.6318],[-114.4244,46.6606],[-114.3579,46.6687],[-114.3327,46.6606],[-114.1708,46.6604],[-113.7936,46.6609],[-113.668,46.6584],[-113.6682,46.7162],[-113.5515,46.7165],[-113.5451,46.7446],[-113.4799,46.7447],[-113.4798,46.8028],[-113.4171,46.8025],[-113.4166,46.8321],[-113.3029,46.8322],[-113.3029,47.1796],[-113.4664,47.1792],[-113.4665,47.6001],[-113.6341,47.6]]]},"properties":{"GEOID":"33540","NAME":"Missoula, MT","LSAD":"M1"}},
{"type":"Feature","geometry":{"type":"Polygon","coordinates":[[[-89.7331,36.0008],[-89.714,35.9598],[-89.6503,35.9277],[-89.6411,35.9062],[-89.6313,35.9241],[-89.6083,35.92],[-89.558,35.9377],[-89.5069,35.9244],[-89.4909,35.9477],[-89.407,35.9466],[-89.3841,35.9207],[-89.3547,35.9045],[-89.3428,35.8809],[-89.2801,35.8865],[-89.2673,35.9134],[-89.2501,35.9173],[-89.2237,35.94],[-89.2004,35.9704],[-89.1888,35.9998],[-89.2031,36.0162],[-89.1639,36.0262],[-89.1545,36.2047],[-89.483,36.2127],[-89.4883,36.1875],[-89.6251,36.1856],[-89.5922,36.1501],[-89.594,36.1272],[-89.6283,36.1069],[-89.6666,36.0958],[-89.68,36.0825],[-89.6873,36.034],[-89.7069,36.001],[-89.7331,36.0008]]]},"properties":{"GEOID":"20540","NAME":"Dyersburg, TN","LSAD":"M2"}},
{"type":"Feature","geometry":{"type":"Polygon","coordinates":[[[-76.7216,40.1201],[-76.6972,40.1025],[-76.6638,40.0632],[-76.5712,40.0457],[-76.5345,40.0513],[-76.5269,40.0264],[-76.4984,39.9965],[-76.4954,39.9761],[-76.4779,39.9516],[-76.449,39.9343],[-76.3904,39.9118],[-76.3773,39.8662],[-76.3508,39.8471],[-76.3383,39.8221],[-76.3164,39.8104],[-76.2761,39.7756],[-76.2406,39.7303],[-76.2398,39.7213],[-76.2333,39.7213],[-76.1025,39.724],[-76.0497,39.7838],[-76.0086,39.852],[-76.0044,39.8726],[-75.9868,39.8923],[-75.9971,39.9221],[-75.981,39.9338],[-75.9946,39.9523],[-75.9359,40.0375],[-75.9361,40.0786],[-75.943,40.1093],[-75.8734,40.1371],[-76.1512,40.316],[-76.3077,40.255],[-76.4354,40.2382],[-76.5663,40.1966],[-76.5827,40.191],[-76.6065,40.19],[-76.6772,40.1489],[-76.6956,40.1541],[-76.7216,40.1201]]]},"properties":{"GEOID":"29540","NAME":"Lancaster, PA","LSAD":"M1"}},
{"type":"Feature","geometry":{"type":"Polygon","coordinates":[[[-79.1903,33.7058],[-79.2464,33.6953],[-79.2751,33.7089],[-79.2916,33.729],[-79.2926,33.7502],[-79.317,33.7799],[-79.3324,33.7771],[-79.3747,33.7248],[-79.4093,33.6889],[-79.4196,33.6494],[-79.4425,33.596],[-79.4361,33.5724],[-79.4833,33.5368],[-79.4931,33.5208],[-79.5381,33.4969],[-79.5906,33.443],[-79.6026,33.4183],[-79.6344,33.3721],[-79.6772,33.3368],[-79.677,33.3049],[-79.5955,33.2793],[-79.5623,33.2725],[-79.5354,33.2496],[-79.494,33.236],[-79.4826,33.2459],[-79.46,33.2351],[-79.4136,33.1982],[-79.4066,33.1867],[-79.3508,33.1535],[-79.2912,33.1466],[-79.2688,33.136],[-79.2861,33.1122],[-79.2464,33.126],[-79.2237,33.1498],[-79.1945,33.1698],[-79.1757,33.2111],[-79.1803,33.2541],[-79.1627,33.3312],[-79.1475,33.3782],[-79.1154,33.4391],[-79.0846,33.4837],[-79.0286,33.5334],[-79.0016,33.5727],[-79.1011,33.573],[-79.0968,33.6003],[-79.1222,33.6057],[-79.1299,33.6394],[-79.1542,33.6617],[-79.1522,33.6774],[-79.1903,33.7058]]]},"properties":{"GEOID":"23860","NAME":"Georgetown, SC","LSAD":"M2"}},
{"type":"Feature","geometry":{"type":"Polygon","coordinates":[[[-102.0857,33.8247],[-102.2443,33.8247],[-102.6154,33.8251],[-102.5948,33.3885],[-102.351,33.3887],[-102.0759,33.3896],[-102.0857,33.8247]]]},"properties":{"GEOID":"30220","NAME":"Levelland, TX","LSAD":"M2"}},
{"type":"Feature","geometry":{"type":"Polygon","coordinates":[[[-66.607,18.3282],[-66.5854,18.3227],[-66.5666,18.2985],[-66.5489,18.2206],[-66.5327,18.2005],[-66.531,18.1801],[-66.5472,18.1531],[-66.5221,18.1524],[-66.5028,18.165],[-66.4446,18.1767],[-66.4361,18.1755],[-66.4137,18.1633],[-66.3738,18.1737],[-66.3221,18.1642],[-66.3143,18.1514],[-66.3208,18.1261],[-66.2575,18.0759],[-66.2401,18.0932],[-66.2184,18.0926],[-66.1971,18.0488],[-66.1661,18.0501],[-66.1287,18.0392],[-66.12,18.0624],[-66.1237,18.0811],[-66.1008,18.1059],[-66.0686,18.1018],[-66.0518,18.1099],[-66.0194,18.1026],[-66.0107,18.0679],[-65.9915,18.0601],[-65.972,18.0245],[-65.9533,18.0237],[-65.942,17.9923],[-65.9125,17.9784],[-65.8585,18.0052],[-65.8304,18.0305],[-65.8299,18.0531],[-65.8017,18.0587],[-65.7968,18.0837],[-65.7669,18.1493],[-65.7429,18.1643],[-65.7247,18.1884],[-65.6982,18.1844],[-65.6908,18.1961],[-65.6597,18.2076],[-65.6458,18.1997],[-65.6334,18.2163],[-65.6019,18.2302],[-65.6094,18.2512],[-65.6252,18.2565],[-65.6362,18.2884],[-65.6261,18.2995],[-65.6268,18.3317],[-65.6385,18.3694],[-65.6671,18.3615],[-65.6998,18.3677],[-65.7204,18.3821],[-65.7431,18.3804],[-65.7727,18.4014],[-65.8148,18.4094],[-65.8337,18.4301],[-65.8775,18.4376],[-65.9052,18.4527],[-65.9259,18.445],[-65.9923,18.4602],[-66.0112,18.4436],[-66.0728,18.4576],[-66.0862,18.4671],[-66.1153,18.4633],[-66.0857,18.44],[-66.1078,18.4275],[-66.1208,18.4413],[-66.1526,18.4542],[-66.173,18.451],[-66.1856,18.4668],[-66.2421,18.4685],[-66.2745,18.4792],[-66.2845,18.472],[-66.3159,18.4744],[-66.3383,18.4846],[-66.4123,18.4899],[-66.4409,18.4848],[-66.4545,18.4692],[-66.5347,18.4811],[-66.5612,18.49],[-66.5868,18.4851],[-66.5799,18.468],[-66.5862,18.4151],[-66.5935,18.3994],[-66.583,18.3632],[-66.5908,18.3381],[-66.607,18.3282]]]},"properties":{"GEOID":"41980","NAME":"San Juan-Bayamón-Caguas, PR","LSAD":"M1"}},
{"type":"Feature","geometry":{"type":"Polygon","coordinates":[[[-80.8596,37.4296],[-80.8628,37.4118],[-80.8832,37.3839],[-80.8495,37.3469],[-80.9005,37.315],[-80.9479,37.2959],[-80.9801,37.2927],[-81.0145,37.2754],[-80.9794,37.2501],[-80.8546,37.1475],[-80.9034,37.1202],[-80.9306,37.1151],[-80.9127,37.0733],[-80.8932,37.0274],[-80.835,36.9788],[-80.7405,36.879],[-80.6826,36.8951],[-80.632,36.9351],[-80.5972,36.9432],[-80.5484,36.9825],[-80.517,37.0025],[-80.4848,36.9883],[-80.4628,37.0111],[-80.4233,37.0107],[-80.3896,37.0217],[-80.3454,37.0265],[-80.2837,37.0788],[-80.1781,37.1134],[-80.1777,37.1331],[-80.1907,37.2278],[-80.2583,37.3084],[-80.2622,37.3415],[-80.3248,37.3688],[-80.3515,37.3492],[-80.4309,37.3164],[-80.4361,37.3397],[-80.4728,37.4238],[-80.4949,37.4351],[-80.493,37.4577],[-80.5114,37.4817],[-80.552,37.4736],[-80.6002,37.4462],[-80.7052,37.3946],[-80.7701,37.3724],[-80.7842,37.3946],[-80.8364,37.4244],[-80.8596,37.4296]]]},"properties":{"GEOID":"13980","NAME":"Blacksburg-Christiansburg, VA","LSAD":"M1"}},
{"type":"Feature","geometry":{"type":"MultiPolygon","coordinates":[[[[-96.8094,28.2206],[-96.7852,28.2295],[-96.7843,28.2437],[-96.7987,28.2759],[-96.8094,28.2206]]],[[[-96.6434,28.7121],[-96.6657,28.7057],[-96.7228,28.6698],[-96.8538,28.6352],[-96.9304,28.5867],[-96.9038,28.567],[-96.8951,28.5489],[-96.9058,28.5321],[-96.891,28.5072],[-96.8648,28.4902],[-96.8621,28.4768],[-96.8091,28.4308],[-96.7892,28.4472],[-96.8274,28.4661],[-96.8,28.4819],[-96.7837,28.4555],[-96.7588,28.4413],[-96.7485,28.4127],[-96.7062,28.4046],[-96.6994,28.3808],[-96.7052,28.3488],[-96.6844,28.3145],[-96.6251,28.3162],[-96.5851,28.3508],[-96.55,28.3693],[-96.5115,28.3833],[-96.4529,28.4187],[-96.42,28.4169],[-96.4206,28.4044],[-96.4475,28.3923],[-96.4528,28.3802],[-96.4337,28.3637],[-96.4406,28.343],[-96.4679,28.3329],[-96.5252,28.323],[-96.5474,28.3054],[-96.5821,28.3016],[-96.6036,28.2926],[-96.6185,28.267],[-96.6485,28.252],[-96.6627,28.226],[-96.7026,28.2155],[-96.7162,28.1932],[-96.7864,28.1897],[-96.8195,28.1681],[-96.8203,28.1634],[-96.8109,28.1234],[-96.8302,28.1109],[-96.8531,28.0608],[-96.7522,28.1411],[-96.632,28.2228],[-96.5606,28.264],[-96.4428,28.3177],[-96.4128,28.3428],[-96.3783,28.3908],[-96.3227,28.6429],[-96.3235,28.6756],[-96.4044,28.6744],[-96.3995,28.7302],[-96.4284,28.7035],[-96.4755,28.7068],[-96.5746,28.7055],[-96.5854,28.7247],[-96.6434,28.7121]]]]},"properties":{"GEOID":"38920","NAME":"Port Lavaca, TX","LSAD":"M2"}},
{"type":"Feature","geometry":{"type":"Polygon","coordinates":[[[-98.9532,33.834],[-98.9539,33.3975],[-98.7503,33.3957],[-98.4207,33.3962],[-98.4214,33.4668],[-98.1725,33.4663],[-97.9789,33.4671],[-97.9788,33.7275],[-97.9778,33.8899],[-97.9845,33.9007],[-97.9572,33.9145],[-97.9604,33.9519],[-97.9459,33.9884],[-97.9717,34.0054],[-98.0195,33.9938],[-98.0828,34.0024],[-98.0984,34.0239],[-98.0838,34.0417],[-98.1146,34.0623],[-98.1194,34.0845],[-98.0907,34.122],[-98.1095,34.1541],[-98.139,34.1418],[-98.1691,34.1142],[-98.2001,34.1168],[-98.231,34.134],[-98.2565,34.1295],[-98.3002,34.1346],[-98.3254,34.151],[-98.364,34.1571],[-98.395,34.1313],[-98.3984,34.1046],[-98.4116,34.0881],[-98.4437,34.0822],[-98.4863,34.0626],[-98.5041,34.0723],[-98.5363,34.1073],[-98.5606,34.1236],[-98.5771,34.149],[-98.61,34.1572],[-98.6481,34.1644],[-98.6906,34.133],[-98.7656,34.1364],[-98.8044,34.1539],[-98.8715,34.165],[-98.9207,34.1834],[-98.9524,34.2126],[-98.9532,33.834]]]},"properties":{"GEOID":"48660","NAME":"Wichita Falls, TX","LSAD":"M1"}},
{"type":"Feature","geometry":{"type":"Polygon","coordinates":[[[-86.8993,37.2123],[-86.9004,37.1844],[-86.9196,37.1737],[-86.9236,37.1429],[-86.8975,37.118],[-86.8953,37.0884],[-86.9429,37.0768],[-86.9414,37.069],[-86.8453,37.0565],[-86.6745,36.9998],[-86.5833,36.8303],[-86.4005,36.8072],[-86.4138,36.7231],[-86.4162,36.6655],[-86.4114,36.6506],[-86.3331,36.6488],[-86.1976,36.6394],[-85.9729,36.6285],[-85.9494,36.6616],[-85.9769,36.7227],[-85.9829,36.7416],[-86.0353,36.7797],[-86.0562,36.8092],[-86.0589,36.8352],[-86.078,36.8547],[-86.0778,36.8923],[-86.1079,36.8876],[-86.1419,36.9135],[-86.1578,36.9065],[-86.1667,36.934],[-86.1135,37.0611],[-86.0743,37.0533],[-86.0564,37.1672],[-86.0491,37.2153],[-86.1576,37.3356],[-86.1909,37.3397],[-86.2109,37.3328],[-86.3207,37.3267],[-86.4691,37.3211],[-86.4872,37.3625],[-86.6121,37.3951],[-86.7595,37.3041],[-86.7758,37.3263],[-86.8012,37.3344],[-86.8214,37.3194],[-86.8263,37.2881],[-86.8534,37.2505],[-86.8719,37.2466],[-86.8993,37.2123]]]},"properties":{"GEOID":"14540","NAME":"Bowling Green, KY","LSAD":"M1"}},
{"type":"Feature","geometry":{"type":"Polygon","coordinates":[[[-73.3431,45.0108],[-73.3546,44.9874],[-73.3387,44.9659],[-73.3385,44.9241],[-73.3562,44.9045],[-73.3814,44.845],[-73.3354,44.8046],[-73.3332,44.7888],[-73.3656,44.7418],[-73.366,44.6976],[-73.3898,44.6172],[-73.3818,44.5893],[-73.3568,44.5579],[-73.3386,44.5468],[-73.3067,44.5003],[-73.296,44.4283],[-73.315,44.3885],[-73.3336,44.3723],[-73.3242,44.31],[-73.3126,44.2641],[-73.2705,44.2601],[-73.1968,44.2666],[-73.0706,44.2838],[-73.0165,44.2853],[-73.0204,44.3037],[-72.9759,44.295],[-72.9522,44.1613],[-72.895,44.2781],[-72.906,44.2806],[-72.8558,44.3653],[-72.8257,44.3601],[-72.8045,44.3905],[-72.8391,44.4034],[-72.805,44.4517],[-72.8386,44.4592],[-72.8036,44.5062],[-72.8308,44.5164],[-72.81,44.5467],[-72.827,44.5507],[-72.91,44.6312],[-72.8511,44.7111],[-72.7955,44.6922],[-72.7861,44.7277],[-72.7585,44.7636],[-72.7467,44.7902],[-72.7291,44.804],[-72.6136,44.8004],[-72.5782,44.7816],[-72.5326,44.8335],[-72.5387,44.9085],[-72.5365,44.9261],[-72.5539,45.0083],[-72.5899,45.0132],[-72.8456,45.0167],[-72.968,45.0141],[-73.086,45.0155],[-73.3431,45.0108]]]},"properties":{"GEOID":"15540","NAME":"Burlington-South Burlington, VT","LSAD":"M1"}},
{"type":"Feature","geometry":{"type":"Polygon","coordinates":[[[-80.8732,36.2363],[-80.8816,36.0557],[-80.6932,36.0513],[-80.7078,35.853],[-80.632,35.8457],[-80.6099,35.829],[-80.5695,35.8155],[-80.543,35.7923],[-80.5075,35.7748],[-80.4718,35.7684],[-80.4555,35.7359],[-80.4141,35.7226],[-80.3687,35.7161],[-80.3401,35.7213],[-80.3259,35.7119],[-80.3306,35.6788],[-80.3073,35.6657],[-80.2883,35.6353],[-80.265,35.6296],[-80.2089,35.5813],[-80.2104,35.5555],[-80.1839,35.5162],[-80.1833,35.5041],[-80.1826,35.5042],[-80.0668,35.5057],[-80.0629,35.6126],[-80.0487,35.8826],[-80.0433,36.011],[-80.0351,36.2572],[-80.0273,36.5425],[-80.0535,36.5425],[-80.2952,36.544],[-80.4403,36.5506],[-80.4483,36.4059],[-80.4527,36.2417],[-80.4667,36.2598],[-80.5318,36.258],[-80.548,36.2854],[-80.5928,36.2699],[-80.6162,36.2804],[-80.643,36.2726],[-80.6533,36.2526],[-80.6698,36.251],[-80.6846,36.2688],[-80.7523,36.2633],[-80.8084,36.2543],[-80.8732,36.2363]]]},"properties":{"GEOID":"49180","NAME":"Winston-Salem, NC","LSAD":"M1"}},
{"type":"Feature","geometry":{"type":"Polygon","coordinates":[[[-97.0158,42.7616],[-97.0148,42.6871],[-97.0157,42.4816],[-97.018,42.3902],[-97.0177,42.2645],[-96.7262,42.2641],[-96.7267,42.278],[-96.3564,42.2765],[-96.3313,42.2594],[-96.3237,42.2299],[-96.3363,42.2189],[-96.1546,42.2139],[-96.0199,42.2117],[-95.6708,42.2114],[-95.6693,42.4746],[-95.7418,42.4749],[-95.7416,42.5613],[-95.8599,42.5606],[-96.2336,42.5614],[-96.4295,42.5622],[-96.4988,42.561],[-96.495,42.5789],[-96.5163,42.6304],[-96.5379,42.6554],[-96.6056,42.702],[-96.6265,42.7103],[-96.6351,42.7632],[-96.6195,42.784],[-96.5925,42.8011],[-96.5824,42.8337],[-96.55,42.8407],[-96.5504,42.8632],[-96.5277,42.8906],[-96.5411,42.9245],[-96.5003,42.9594],[-96.5202,42.9776],[-96.4917,43.0097],[-96.511,43.0247],[-96.5103,43.0499],[-96.4608,43.064],[-96.4542,43.0834],[-96.8057,43.0837],[-96.8062,42.7042],[-96.8434,42.712],[-96.9068,42.7338],[-96.9376,42.7196],[-96.9635,42.7206],[-96.9612,42.7406],[-96.9822,42.7606],[-97.0158,42.7616]]]},"properties":{"GEOID":"43580","NAME":"Sioux City, IA-NE-SD","LSAD":"M1"}},
{"type":"Feature","geometry":{"type":"Polygon","coordinates":[[[-110.0532,44.008],[-110.0514,43.8144],[-110.0516,43.4648],[-109.7547,43.4632],[-109.7545,43.3659],[-109.708,43.3742],[-109.6949,43.3662],[-109.6987,43.3306],[-109.6724,43.31],[-109.6927,43.265],[-109.6768,43.2486],[-109.676,43.2151],[-109.66,43.2029],[-109.6557,43.1761],[-109.631,43.1492],[-109.6206,43.1256],[-109.5915,43.1154],[-109.5518,43.0679],[-109.5598,43.0478],[-109.5526,43.0125],[-109.5024,43.0105],[-109.4921,42.9954],[-109.4602,42.9881],[-109.4542,42.9703],[-109.4324,42.9682],[-109.3995,42.9401],[-109.3707,42.9457],[-109.3468,42.9202],[-109.3154,42.8561],[-109.2829,42.8472],[-109.248,42.8062],[-109.2141,42.7998],[-109.2374,42.7767],[-109.2174,42.76],[-109.1953,42.7685],[-109.1795,42.751],[-109.1491,42.7432],[-109.1343,42.7178],[-109.1345,42.6943],[-109.0729,42.6935],[-109.0695,42.4335],[-109.0438,42.4336],[-109.0439,42.2637],[-108.5344,42.2631],[-108.338,42.2635],[-107.9,42.2619],[-107.5227,42.2618],[-107.5229,42.4344],[-107.542,42.4344],[-107.5435,42.7814],[-107.5014,42.7815],[-107.5023,43.1281],[-107.5167,43.128],[-107.5157,43.2131],[-107.517,43.4727],[-107.535,43.4728],[-107.5349,43.5014],[-107.5951,43.5014],[-107.5951,43.4723],[-107.8307,43.4713],[-108.1563,43.4706],[-108.1564,43.4596],[-108.3379,43.4598],[-108.3378,43.4741],[-108.457,43.4743],[-108.457,43.5032],[-108.5762,43.5033],[-108.5762,43.5326],[-108.6951,43.5323],[-108.6947,43.5758],[-108.8143,43.5756],[-108.8143,43.6053],[-108.9338,43.6047],[-108.9341,43.6192],[-109.1716,43.6198],[-109.1714,43.6992],[-109.1942,43.7102],[-109.2349,43.7639],[-109.2621,43.7741],[-109.2841,43.8028],[-109.3101,43.806],[-109.3216,43.834],[-109.3668,43.843],[-109.3802,43.8828],[-109.3985,43.8843],[-109.4134,43.9093],[-109.4424,43.9304],[-109.4724,43.9322],[-109.532,43.9495],[-109.5669,43.9548],[-109.5878,43.9384],[-109.6418,43.9228],[-109.653,43.8868],[-109.6725,43.8681],[-109.6659,43.8457],[-109.7318,43.8332],[-109.7899,43.8033],[-109.8565,43.8284],[-109.8552,43.8483],[-109.8257,43.8553],[-109.8288,43.8752],[-109.8478,43.9002],[-109.8495,43.9211],[-109.8725,43.9279],[-109.8819,43.9491],[-109.9221,43.9461],[-109.9589,43.9646],[-109.9939,43.9496],[-110.0335,44.0025],[-110.0532,44.008]]]},"properties":{"GEOID":"40180","NAME":"Riverton, WY","LSAD":"M2"}},
{"type":"Feature","geometry":{"type":"Polygon","coordinates":[[[-113.0077,43.1109],[-113.2435,43.1109],[-113.2437,42.8482],[-113.237,42.8482],[-113.2369,42.7622],[-113.1789,42.7624],[-113.1786,42.6755],[-113.2368,42.6753],[-113.237,42.6253],[-113.1957,42.6339],[-113.1752,42.6273],[-113.1757,42.5895],[-113.0028,42.588],[-113,42.3274],[-112.654,42.3289],[-112.654,42.4162],[-112.4978,42.416],[-112.4981,42.503],[-112.3845,42.5031],[-112.3845,42.4886],[-112.3429,42.4477],[-112.2972,42.4539],[-112.2908,42.3973],[-112.3289,42.3472],[-112.3287,42.3295],[-112.2799,42.3166],[-112.2593,42.3507],[-112.1907,42.3508],[-112.161,42.3085],[-112.1262,42.2852],[-111.9838,42.2856],[-111.9839,42.2565],[-111.8967,42.2563],[-111.8953,42.4162],[-111.8756,42.4162],[-111.8852,42.4452],[-111.8854,42.4888],[-111.8967,42.5241],[-111.9163,42.5243],[-111.9169,42.6173],[-111.9269,42.6356],[-111.9465,42.6355],[-111.9464,42.6747],[-111.9682,42.697],[-111.9694,42.718],[-112.0573,42.718],[-112.0849,42.6982],[-112.1059,42.6992],[-112.1142,42.7256],[-112.1374,42.7513],[-112.1451,42.7907],[-112.1203,42.831],[-112.1333,42.8432],[-112.1362,42.8797],[-112.1498,42.8956],[-112.1339,42.9127],[-112.1274,42.9445],[-112.0821,42.9504],[-112.0887,42.9735],[-112.0529,42.991],[-112.063,43.0224],[-112.2426,43.0215],[-112.6566,43.0219],[-112.6983,42.9959],[-112.7416,42.9889],[-112.7357,42.9732],[-112.7792,42.9138],[-112.7836,42.8875],[-112.8071,42.8826],[-112.8166,42.8632],[-113.0078,42.8631],[-113.0077,43.1109]]]},"properties":{"GEOID":"38540","NAME":"Pocatello, ID","LSAD":"M1"}},
{"type":"Feature","geometry":{"type":"Polygon","coordinates":[[[-83.3523,34.7162],[-83.3874,34.7374],[-83.4157,34.7329],[-83.4361,34.7423],[-83.4789,34.7239],[-83.5128,34.7317],[-83.549,34.7495],[-83.5622,34.7811],[-83.5878,34.8206],[-83.6487,34.8254],[-83.6816,34.8009],[-83.6461,34.7718],[-83.6235,34.7326],[-83.6395,34.7105],[-83.6454,34.6688],[-83.6627,34.6599],[-83.6382,34.6224],[-83.6465,34.6122],[-83.6386,34.5797],[-83.6171,34.5461],[-83.6664,34.5036],[-83.6152,34.4317],[-83.5848,34.4534],[-83.5524,34.4858],[-83.5375,34.4917],[-83.4584,34.4839],[-83.365,34.6753],[-83.3382,34.6872],[-83.3523,34.7162]]]},"properties":{"GEOID":"18460","NAME":"Cornelia, GA","LSAD":"M2"}},
{"type":"Feature","geometry":{"type":"Polygon","coordinates":[[[-83.663,35.5691],[-83.7072,35.5685],[-83.7235,35.5619],[-83.7717,35.5621],[-83.8256,35.5238],[-83.8826,35.5172],[-83.9118,35.476],[-83.9529,35.4606],[-83.9288,35.4499],[-83.9141,35.4651],[-83.8738,35.4604],[-83.8067,35.4448],[-83.7328,35.4474],[-83.6699,35.4356],[-83.6429,35.4435],[-83.6101,35.427],[-83.5858,35.4348],[-83.5824,35.4096],[-83.5931,35.3772],[-83.6213,35.3451],[-83.6847,35.3241],[-83.6953,35.2975],[-83.6728,35.2828],[-83.4979,35.2993],[-83.4714,35.2974],[-83.4328,35.3251],[-83.3396,35.331],[-83.3121,35.2817],[-83.3159,35.2648],[-83.2986,35.2558],[-83.277,35.228],[-83.2247,35.2387],[-83.2166,35.2233],[-83.2244,35.1887],[-83.2232,35.1602],[-83.1866,35.1333],[-83.1776,35.1089],[-83.1475,35.0934],[-83.1433,35.0779],[-83.1723,35.0687],[-83.1481,35.0536],[-83.1086,35.0014],[-83.0087,35.0276],[-83.0551,35.054],[-83.0449,35.0771],[-82.9839,35.1313],[-82.9966,35.1634],[-82.9869,35.1876],[-82.9688,35.1946],[-82.9596,35.2155],[-82.9354,35.2251],[-82.9192,35.2708],[-82.9209,35.292],[-82.9273,35.3028],[-82.9647,35.3153],[-82.9649,35.3334],[-82.9972,35.373],[-83.0211,35.3787],[-83.0437,35.3944],[-83.0442,35.4147],[-83.0801,35.4347],[-83.0914,35.4575],[-83.1377,35.4644],[-83.1415,35.4935],[-83.1615,35.4973],[-83.174,35.5217],[-83.156,35.5539],[-83.167,35.5787],[-83.1855,35.5983],[-83.1771,35.632],[-83.2023,35.6503],[-83.1842,35.6712],[-83.2151,35.6923],[-83.2556,35.6961],[-83.3128,35.6548],[-83.335,35.6655],[-83.3516,35.6599],[-83.3669,35.6387],[-83.4323,35.6099],[-83.4458,35.6118],[-83.4983,35.563],[-83.5661,35.566],[-83.582,35.5627],[-83.6019,35.5782],[-83.6297,35.5679],[-83.663,35.5691]]]},"properties":{"GEOID":"19000","NAME":"Cullowhee, NC","LSAD":"M2"}},
{"type":"Feature","geometry":{"type":"Polygon","coordinates":[[[-93.1163,33.4529],[-93.119,33.3803],[-92.9785,33.3771],[-92.7942,33.3726],[-92.7602,33.3877],[-92.7201,33.3822],[-92.7149,33.3705],[-92.6569,33.3579],[-92.6456,33.3686],[-92.624,33.3592],[-92.5972,33.3713],[-92.5731,33.37],[-92.5326,33.3531],[-92.5242,33.3169],[-92.4784,33.3274],[-92.473,33.2937],[-92.4453,33.2744],[-92.3801,33.2788],[-92.3503,33.2988],[-92.3787,33.3148],[-92.3817,33.3464],[-92.3762,33.377],[-92.33,33.4421],[-92.3225,33.4811],[-92.311,33.4999],[-92.3238,33.5315],[-92.3159,33.5532],[-92.3285,33.6039],[-92.3207,33.6341],[-92.3266,33.6646],[-92.3201,33.6823],[-92.3309,33.7077],[-92.3416,33.7459],[-92.3271,33.7778],[-92.3342,33.7951],[-92.7074,33.8052],[-92.8932,33.8101],[-92.9316,33.8192],[-92.9401,33.8002],[-92.9812,33.7884],[-92.9928,33.7774],[-93.0311,33.7698],[-93.0709,33.7885],[-93.1044,33.7771],[-93.1163,33.4529]]]},"properties":{"GEOID":"15780","NAME":"Camden, AR","LSAD":"M2"}},
{"type":"Feature","geometry":{"type":"Polygon","coordinates":[[[-92.8714,41.5085],[-92.8698,41.1611],[-92.6404,41.1613],[-92.4102,41.1619],[-92.412,41.5095],[-92.7565,41.5088],[-92.8714,41.5085]]]},"properties":{"GEOID":"36820","NAME":"Oskaloosa, IA","LSAD":"M2"}},
{"type":"Feature","geometry":{"type":"Polygon","coordinates":[[[-70.4801,44.0321],[-70.509,44.0415],[-70.5441,44.0056],[-70.5947,44.0312],[-70.6126,44.0628],[-70.6062,44.1013],[-70.5873,44.1225],[-70.5987,44.1498],[-70.6243,44.171],[-70.6995,44.1392],[-70.8218,44.0771],[-70.8585,44.0953],[-70.8585,44.0596],[-70.8481,44.0495],[-70.7925,44.0401],[-70.7154,43.9618],[-70.7475,43.9459],[-70.7298,43.9283],[-70.7579,43.9069],[-70.7545,43.8885],[-70.8016,43.8561],[-70.7816,43.8236],[-70.7993,43.8078],[-70.8807,43.8109],[-70.9271,43.7903],[-70.9575,43.7851],[-70.989,43.7922],[-70.9727,43.5703],[-70.9508,43.551],[-70.9622,43.541],[-70.954,43.5188],[-70.9696,43.4862],[-70.9604,43.4666],[-70.9611,43.4383],[-70.9868,43.4143],[-70.9843,43.3761],[-70.9672,43.3438],[-70.9371,43.3374],[-70.9164,43.3203],[-70.8817,43.2725],[-70.8179,43.2379],[-70.8235,43.1746],[-70.8338,43.1469],[-70.8268,43.1271],[-70.7381,43.0738],[-70.7065,43.0753],[-70.7038,43.0598],[-70.6731,43.0703],[-70.6345,43.1203],[-70.619,43.1636],[-70.5938,43.1891],[-70.5758,43.2219],[-70.5939,43.2493],[-70.5628,43.3106],[-70.5177,43.344],[-70.4725,43.3427],[-70.4163,43.3611],[-70.4277,43.3893],[-70.3809,43.4114],[-70.362,43.4391],[-70.3829,43.4697],[-70.3849,43.496],[-70.3612,43.5292],[-70.3418,43.5405],[-70.3142,43.5353],[-70.2725,43.5626],[-70.2443,43.5518],[-70.2234,43.564],[-70.1969,43.5651],[-70.2175,43.5971],[-70.2075,43.6235],[-70.241,43.6591],[-70.2514,43.6852],[-70.1938,43.7416],[-70.1869,43.7734],[-70.1533,43.7756],[-70.1362,43.795],[-70.0441,43.835],[-70.0192,43.8587],[-69.9541,43.8477],[-69.9937,43.8091],[-70.0193,43.7674],[-70.0433,43.748],[-69.9946,43.7435],[-69.9319,43.7837],[-69.9018,43.7716],[-69.8734,43.7784],[-69.8487,43.7422],[-69.8579,43.7239],[-69.8335,43.7178],[-69.7541,43.7439],[-69.741,43.7693],[-69.7216,43.782],[-69.7058,43.8204],[-69.7028,43.8547],[-69.7229,43.8531],[-69.7435,43.8935],[-69.7074,43.9273],[-69.7212,43.9315],[-69.7196,43.9713],[-69.7001,44.0067],[-69.8135,44.026],[-69.7903,44.0425],[-69.7859,44.0872],[-69.7582,44.1393],[-69.7636,44.1532],[-69.855,44.1679],[-69.8781,44.1534],[-69.8978,44.1077],[-70.0055,44.1245],[-70.0272,44.0434],[-70.0507,43.9941],[-70.0342,43.9757],[-70.0808,43.9265],[-70.1159,43.9067],[-70.197,43.946],[-70.2003,43.952],[-70.3154,44.0378],[-70.3639,43.9864],[-70.402,43.9901],[-70.4801,44.0321]]]},"properties":{"GEOID":"38860","NAME":"Portland-South Portland, ME","LSAD":"M1"}},
{"type":"Feature","geometry":{"type":"Polygon","coordinates":[[[-81.0288,36.0457],[-81.0034,35.9967],[-81.0055,35.9583],[-81.0413,35.8579],[-81.0633,35.8266],[-81.1095,35.7766],[-81.0693,35.7395],[-81.0606,35.7103],[-81.0177,35.7127],[-80.9944,35.7021],[-80.9667,35.671],[-80.9507,35.641],[-80.9255,35.6209],[-80.9435,35.6049],[-80.96,35.547],[-81.2693,35.558],[-81.5354,35.5681],[-81.5376,35.5642],[-81.5092,35.5504],[-81.513,35.5233],[-81.4814,35.4715],[-81.4553,35.4189],[-81.3989,35.3531],[-81.3567,35.3306],[-81.3665,35.3142],[-81.3535,35.2774],[-81.3217,35.2604],[-81.3237,35.1896],[-81.328,35.1634],[-81.3666,35.1649],[-81.4025,35.1369],[-81.4088,35.0471],[-81.4713,35.0482],[-81.4884,35.0295],[-81.4762,34.984],[-81.4924,34.9468],[-81.4746,34.9368],[-81.4788,34.8984],[-81.4573,34.8393],[-81.4871,34.8166],[-81.4592,34.7975],[-81.4531,34.7609],[-81.4824,34.7444],[-81.4793,34.7239],[-81.4541,34.7209],[-81.4542,34.6752],[-81.4419,34.6537],[-81.4159,34.6336],[-81.4227,34.572],[-81.2451,34.5638],[-81.06,34.5532],[-81.0049,34.548],[-80.8775,34.5431],[-80.8817,34.5001],[-80.8972,34.4917],[-80.8792,34.4578],[-80.7433,34.5399],[-80.7342,34.4813],[-80.7132,34.4875],[-80.7092,34.5051],[-80.6891,34.5153],[-80.6584,34.4786],[-80.6136,34.4999],[-80.5958,34.5021],[-80.5761,34.4894],[-80.5489,34.4933],[-80.5244,34.5131],[-80.5435,34.5374],[-80.5506,34.5601],[-80.4084,34.6148],[-80.435,34.6421],[-80.4318,34.66],[-80.4608,34.677],[-80.4887,34.706],[-80.4933,34.7251],[-80.5162,34.7589],[-80.5585,34.8015],[-80.5617,34.8175],[-80.234,34.8129],[-79.9307,34.8066],[-79.9274,34.8066],[-79.9139,34.8185],[-79.8997,34.8585],[-79.8801,34.8668],[-79.8505,34.8984],[-79.8496,34.9114],[-79.8723,34.9504],[-79.8637,34.9766],[-79.8993,35.0037],[-79.8772,35.0353],[-79.8849,35.0526],[-79.909,35.067],[-79.9129,35.0971],[-79.9246,35.116],[-79.9461,35.1186],[-79.9767,35.1025],[-79.9934,35.0855],[-80.0229,35.09],[-80.0668,35.1111],[-80.0754,35.1431],[-80.1083,35.1758],[-80.1362,35.1675],[-80.1539,35.1749],[-80.1747,35.1482],[-80.225,35.1562],[-80.2517,35.2045],[-80.2967,35.1934],[-80.3043,35.1831],[-80.3576,35.1649],[-80.4399,35.161],[-80.4704,35.1673],[-80.5054,35.1841],[-80.2954,35.5029],[-80.1833,35.5041],[-80.1839,35.5162],[-80.2104,35.5555],[-80.2089,35.5813],[-80.265,35.6296],[-80.2883,35.6353],[-80.3073,35.6657],[-80.3306,35.6788],[-80.3259,35.7119],[-80.3401,35.7213],[-80.3687,35.7161],[-80.4141,35.7226],[-80.4555,35.7359],[-80.4718,35.7684],[-80.5075,35.7748],[-80.543,35.7923],[-80.5695,35.8155],[-80.6099,35.829],[-80.632,35.8457],[-80.7078,35.853],[-80.6932,36.0513],[-80.8816,36.0557],[-80.9757,36.0588],[-81.0288,36.0457]]]},"properties":{"GEOID":"16740","NAME":"Charlotte-Concord-Gastonia, NC-SC","LSAD":"M1"}},
{"type":"Feature","geometry":{"type":"Polygon","coordinates":[[[-82.5975,31.4693],[-82.6282,31.4693],[-82.6296,31.2747],[-82.664,31.2881],[-82.6992,31.2781],[-82.701,31.2232],[-82.6908,31.2234],[-82.6717,31.1837],[-82.5921,31.0185],[-82.5503,31.0004],[-82.5201,30.9631],[-82.4906,30.9632],[-82.4922,30.8326],[-82.4955,30.8196],[-82.4359,30.8201],[-82.4351,30.7166],[-82.4289,30.6903],[-82.4309,30.6128],[-82.4189,30.5817],[-82.2148,30.5685],[-82.1499,30.7843],[-82.1782,30.791],[-82.4204,30.7952],[-82.4152,30.9802],[-82.4156,31.0136],[-82.1317,31.0107],[-82.1636,31.0486],[-82.2083,31.0848],[-82.2087,31.1709],[-82.2329,31.1696],[-82.2499,31.1819],[-82.2843,31.1922],[-82.2846,31.2244],[-82.2401,31.2171],[-82.2241,31.2199],[-82.1828,31.206],[-82.1464,31.228],[-82.1455,31.2524],[-82.1148,31.2704],[-82.0715,31.276],[-82.0487,31.2723],[-82.0149,31.2772],[-81.9972,31.2887],[-81.9921,31.3079],[-82.0118,31.317],[-82.0408,31.3625],[-82.0411,31.3737],[-82.0556,31.4072],[-82.0549,31.4555],[-82.0905,31.48],[-82.1328,31.4713],[-82.1551,31.4711],[-82.219,31.5187],[-82.2559,31.5174],[-82.2697,31.4926],[-82.3004,31.4932],[-82.3006,31.4678],[-82.3448,31.4301],[-82.4015,31.4303],[-82.4018,31.4173],[-82.4815,31.4175],[-82.4936,31.4429],[-82.4947,31.4687],[-82.5975,31.4693]]]},"properties":{"GEOID":"48180","NAME":"Waycross, GA","LSAD":"M2"}},
{"type":"Feature","geometry":{"type":"Polygon","coordinates":[[[-107.3178,41.003],[-107.3134,40.6866],[-107.3142,40.6003],[-107.3715,40.6003],[-107.3713,40.5424],[-107.4288,40.5422],[-107.4321,40.3349],[-107.4426,40.3348],[-107.4394,40.2234],[-107.0379,40.2254],[-107.0374,40.0915],[-107.0374,40.0031],[-107.032,40.0029],[-107.034,39.9189],[-106.837,39.9192],[-106.713,39.9206],[-106.6266,39.9187],[-106.6266,39.9248],[-106.6261,40],[-106.637,40.0021],[-106.637,40.179],[-106.6331,40.179],[-106.6323,40.3416],[-106.6528,40.3416],[-106.6522,40.4452],[-106.6579,40.4716],[-106.6531,40.4947],[-106.6695,40.5325],[-106.6929,40.5566],[-106.7023,40.578],[-106.6948,40.592],[-106.7061,40.6166],[-106.6807,40.6493],[-106.6871,40.6806],[-106.6685,40.6946],[-106.6689,40.7629],[-106.6369,40.7895],[-106.6355,40.8114],[-106.664,40.8282],[-106.6576,40.8532],[-106.7045,40.8767],[-106.7283,40.8712],[-106.7813,40.907],[-106.801,40.8961],[-106.8119,40.9165],[-106.8488,40.9263],[-106.8699,40.9567],[-106.8706,40.9812],[-106.8578,41.0027],[-107.3178,41.003]]]},"properties":{"GEOID":"44460","NAME":"Steamboat Springs, CO","LSAD":"M2"}},
{"type":"Feature","geometry":{"type":"Polygon","coordinates":[[[-104.0547,44.1411],[-104.0554,43.8535],[-103.6761,43.8553],[-103.3797,43.8566],[-103.0796,43.8567],[-102.6876,43.8556],[-102.7077,43.7895],[-102.7681,43.7395],[-102.7778,43.7214],[-102.8033,43.7102],[-102.8094,43.6876],[-102.3581,43.6874],[-102.1752,43.6878],[-102.1176,43.7094],[-102.0967,43.6939],[-102.0524,43.6892],[-102.0189,43.7086],[-102.0191,43.9945],[-102.0073,43.9945],[-102.0072,44.3438],[-102.001,44.3438],[-102.0004,44.5117],[-102.0005,44.8346],[-102.0013,45.0382],[-102.3454,45.0388],[-102.6345,45.0386],[-102.9588,45.0396],[-102.9586,44.6906],[-102.9641,44.6043],[-103.5677,44.6041],[-103.5694,44.3442],[-103.5744,44.2561],[-103.453,44.2566],[-103.4525,44.1408],[-103.7258,44.1409],[-104.0547,44.1411]]]},"properties":{"GEOID":"39660","NAME":"Rapid City, SD","LSAD":"M1"}},
{"type":"Feature","geometry":{"type":"Polygon","coordinates":[[[-113.3342,35.5282],[-113.333,35.5],[-113.3329,35.1127],[-113.3331,34.6773],[-113.3344,34.5613],[-113.3334,34.3179],[-113.3333,34],[-113.142,34],[-112.7438,33.9999],[-112.2762,33.8825],[-112.2607,33.904],[-112.243,33.9054],[-112.215,33.9671],[-112.1611,34.0177],[-112.1648,34.0482],[-111.7263,34],[-111.495,34],[-111.4924,34.0379],[-111.4714,34.0421],[-111.4638,34.0724],[-111.4854,34.0951],[-111.4708,34.1116],[-111.5007,34.151],[-111.712,34.1511],[-111.7205,34.1604],[-111.6939,34.1855],[-111.6902,34.2],[-111.7043,34.2268],[-111.6965,34.2504],[-111.6659,34.2855],[-111.6654,34.3531],[-111.6596,34.3863],[-111.612,34.4051],[-111.601,34.4193],[-111.5767,34.4206],[-111.5545,34.4394],[-111.5547,34.4717],[-111.552,34.6364],[-111.5521,34.8025],[-111.7783,34.8033],[-111.7776,34.981],[-111.809,34.9763],[-112.0007,34.9765],[-112.0219,34.9741],[-112.3345,34.973],[-112.3358,35.1482],[-112.4423,35.1492],[-112.4424,35.2592],[-112.4729,35.2382],[-112.4996,35.2427],[-112.5418,35.2364],[-112.5774,35.2434],[-112.6192,35.2907],[-112.6408,35.3006],[-112.6605,35.2922],[-112.6795,35.3081],[-112.7017,35.3115],[-112.7351,35.305],[-112.797,35.323],[-112.888,35.3432],[-112.9532,35.3529],[-112.9769,35.3928],[-113.088,35.4535],[-113.1476,35.479],[-113.1763,35.5072],[-113.2187,35.5091],[-113.2673,35.531],[-113.3342,35.5282]]]},"properties":{"GEOID":"39150","NAME":"Prescott Valley-Prescott, AZ","LSAD":"M1"}},
{"type":"Feature","geometry":{"type":"Polygon","coordinates":[[[-84.4312,32.1341],[-84.433,32.042],[-84.4416,32.0421],[-84.4438,31.9675],[-84.432,31.9515],[-84.3834,31.9169],[-84.3587,31.8862],[-84.3386,31.8752],[-84.3381,31.9162],[-84.0108,31.9136],[-83.9225,31.9097],[-83.9249,31.9477],[-83.9517,32.0023],[-83.9613,32.0306],[-83.9804,32.0457],[-83.9867,32.0707],[-83.9769,32.0902],[-83.9978,32.1005],[-84.0085,32.1294],[-84.0313,32.1544],[-84.0276,32.1712],[-84.0492,32.1851],[-84.0848,32.1913],[-84.1279,32.1894],[-84.1341,32.228],[-84.2201,32.2312],[-84.2192,32.2951],[-84.2559,32.2962],[-84.2546,32.3721],[-84.3238,32.3725],[-84.3233,32.3979],[-84.3632,32.3976],[-84.3624,32.428],[-84.3923,32.414],[-84.3899,32.2972],[-84.4099,32.2845],[-84.4104,32.232],[-84.4294,32.2322],[-84.4312,32.1341]]]},"properties":{"GEOID":"11140","NAME":"Americus, GA","LSAD":"M2"}},
{"type":"Feature","geometry":{"type":"Polygon","coordinates":[[[-106.4345,39.9249],[-106.4281,39.8822],[-106.4327,39.866],[-106.3855,39.7672],[-106.3653,39.7529],[-106.3433,39.7587],[-106.3254,39.7332],[-106.2983,39.7206],[-106.2909,39.7041],[-106.2626,39.6979],[-106.2575,39.6802],[-106.2172,39.6546],[-106.1838,39.6522],[-106.1761,39.6142],[-106.2004,39.6064],[-106.215,39.5752],[-106.2126,39.531],[-106.2478,39.5444],[-106.2516,39.465],[-106.2232,39.4333],[-106.2286,39.4147],[-106.2024,39.3971],[-106.2067,39.3796],[-106.1355,39.3795],[-106.0972,39.378],[-106.0561,39.3584],[-106.0176,39.3655],[-106.0184,39.3814],[-105.9769,39.4086],[-105.9517,39.4146],[-105.9668,39.438],[-105.9442,39.4409],[-105.9388,39.4584],[-105.9105,39.4584],[-105.8892,39.4834],[-105.8564,39.5051],[-105.8443,39.526],[-105.8176,39.5383],[-105.8384,39.573],[-105.8081,39.5834],[-105.7761,39.6111],[-105.7931,39.6363],[-105.8172,39.6336],[-105.8487,39.6442],[-105.8648,39.6672],[-105.9108,39.6623],[-105.9263,39.673],[-105.9246,39.699],[-105.9963,39.6841],[-106.0238,39.6884],[-106.0381,39.7121],[-106.0585,39.7247],[-106.0648,39.7607],[-106.0841,39.8067],[-106.1315,39.8442],[-106.1489,39.8394],[-106.2006,39.864],[-106.2317,39.9008],[-106.252,39.9147],[-106.3954,39.914],[-106.4345,39.9249]]]},"properties":{"GEOID":"14720","NAME":"Breckenridge, CO","LSAD":"M2"}},
{"type":"Feature","geometry":{"type":"Polygon","coordinates":[[[-85.7904,43.293],[-85.7907,43.2052],[-85.9084,43.2059],[-85.9074,43.1189],[-86.1462,43.1174],[-86.272,43.1184],[-86.2546,43.0834],[-86.2263,42.9883],[-86.2102,42.8556],[-86.2092,42.7674],[-85.9803,42.7689],[-85.8745,42.7675],[-85.5456,42.7681],[-85.0742,42.7708],[-84.8371,42.7705],[-84.8369,43.1189],[-84.8353,43.2922],[-84.8456,43.2922],[-84.846,43.4662],[-85.085,43.4662],[-85.3591,43.4682],[-85.5623,43.4681],[-85.5625,43.2943],[-85.7904,43.293]]]},"properties":{"GEOID":"24340","NAME":"Grand Rapids-Kentwood, MI","LSAD":"M1"}},
{"type":"Feature","geometry":{"type":"Polygon","coordinates":[[[-66.9575,18.4893],[-66.9757,18.4911],[-67.0194,18.511],[-67.0905,18.516],[-67.1378,18.5076],[-67.1633,18.4881],[-67.1695,18.475],[-67.1552,18.4332],[-67.1573,18.4178],[-67.194,18.3931],[-67.2712,18.3625],[-67.2364,18.3014],[-67.2013,18.2926],[-67.1877,18.2668],[-67.1559,18.2731],[-67.1391,18.2654],[-67.1259,18.2451],[-67.0722,18.2546],[-67.0618,18.2701],[-67.0328,18.2821],[-66.9567,18.2721],[-66.9083,18.2522],[-66.9129,18.233],[-66.898,18.1877],[-66.8677,18.1873],[-66.8618,18.1737],[-66.8368,18.1706],[-66.8273,18.1712],[-66.8372,18.1927],[-66.8333,18.228],[-66.8035,18.2274],[-66.7944,18.2499],[-66.7773,18.2472],[-66.7606,18.2259],[-66.6926,18.2159],[-66.6813,18.1869],[-66.6495,18.1589],[-66.6318,18.2135],[-66.625,18.2469],[-66.6046,18.2429],[-66.5956,18.2833],[-66.5666,18.2985],[-66.5854,18.3227],[-66.607,18.3282],[-66.6534,18.3273],[-66.7173,18.3157],[-66.7304,18.3495],[-66.7652,18.3321],[-66.7704,18.3206],[-66.8261,18.3234],[-66.8242,18.343],[-66.8547,18.3553],[-66.9017,18.3656],[-66.9204,18.3796],[-66.9219,18.3965],[-66.9478,18.4057],[-66.939,18.4193],[-66.9638,18.4554],[-66.9575,18.4893]]]},"properties":{"GEOID":"10380","NAME":"Aguadilla-Isabela, PR","LSAD":"M1"}},
{"type":"Feature","geometry":{"type":"Polygon","coordinates":[[[-82.3117,28.9604],[-82.2977,28.949],[-82.2736,28.8972],[-82.2425,28.8768],[-82.232,28.8566],[-82.1826,28.8218],[-82.1708,28.7902],[-82.1841,28.7833],[-82.1894,28.759],[-82.2062,28.7572],[-82.2492,28.7174],[-82.2486,28.7015],[-82.2631,28.6676],[-82.274,28.6607],[-82.2607,28.6367],[-82.2217,28.5934],[-82.1965,28.5757],[-82.1652,28.5641],[-82.138,28.5655],[-82.1307,28.5464],[-82.1094,28.5438],[-82.0919,28.5233],[-82.0678,28.5314],[-82.0545,28.5214],[-82.0558,28.3128],[-82.0255,28.3229],[-81.9957,28.3188],[-81.9883,28.307],[-81.9578,28.3089],[-81.9576,28.3452],[-81.9541,28.5807],[-81.9549,28.6424],[-81.9533,28.8785],[-81.9542,28.9601],[-82.3117,28.9604]]]},"properties":{"GEOID":"45540","NAME":"The Villages, FL","LSAD":"M1"}},
{"type":"Feature","geometry":{"type":"Polygon","coordinates":[[[-83.5374,33.9659],[-83.6389,33.9083],[-83.6303,33.8866],[-83.5823,33.8818],[-83.5873,33.8676],[-83.5746,33.849],[-83.5328,33.8256],[-83.501,33.8166],[-83.4813,33.8016],[-83.4581,33.7684],[-83.4455,33.7232],[-83.4062,33.6983],[-83.2915,33.7343],[-83.2803,33.7618],[-83.1187,33.6988],[-83.0491,33.7156],[-83.0079,33.6899],[-82.949,33.7333],[-82.9873,33.7807],[-82.9616,33.811],[-82.942,33.8493],[-82.9221,33.8568],[-82.9123,33.8772],[-82.89,33.8967],[-82.8746,33.9218],[-82.8467,33.9406],[-82.7945,33.9495],[-82.7803,33.9668],[-82.8246,33.9844],[-82.8638,33.9832],[-82.8811,34.0001],[-82.9423,34.015],[-82.9435,34.0278],[-82.9868,34.0511],[-82.9915,34.0651],[-83.0328,34.0971],[-83.031,34.1133],[-83.0762,34.1533],[-83.1033,34.1705],[-83.0955,34.2025],[-83.078,34.2236],[-83.1158,34.2621],[-83.1727,34.2385],[-83.1952,34.2471],[-83.2499,34.245],[-83.2865,34.2533],[-83.2976,34.2646],[-83.3447,34.2359],[-83.3728,34.2061],[-83.4024,34.1975],[-83.3794,34.1713],[-83.3638,34.1641],[-83.3571,34.1162],[-83.374,34.0898],[-83.3869,34.0502],[-83.36,34.0406],[-83.4982,33.9875],[-83.5374,33.9659]]]},"properties":{"GEOID":"12020","NAME":"Athens-Clarke County, GA","LSAD":"M1"}},
{"type":"Feature","geometry":{"type":"Polygon","coordinates":[[[-77.8062,35.3688],[-77.8242,35.3438],[-77.8342,35.1778],[-77.7692,35.1456],[-77.7496,35.1086],[-77.746,35.0223],[-77.731,35.0081],[-77.6013,35.0714],[-77.5075,35.1728],[-77.5272,35.243],[-77.4737,35.229],[-77.4335,35.2496],[-77.4406,35.3035],[-77.4313,35.3298],[-77.391,35.3395],[-77.4331,35.3681],[-77.4707,35.4098],[-77.4755,35.4267],[-77.4936,35.4116],[-77.5099,35.4215],[-77.5342,35.3981],[-77.5893,35.3738],[-77.607,35.3795],[-77.6376,35.3543],[-77.6793,35.3475],[-77.6975,35.3771],[-77.7777,35.3677],[-77.8062,35.3688]]]},"properties":{"GEOID":"28820","NAME":"Kinston, NC","LSAD":"M2"}},
{"type":"Feature","geometry":{"type":"Polygon","coordinates":[[[-80.9872,28.613],[-80.9531,28.6011],[-80.93,28.5632],[-80.9372,28.5364],[-80.8857,28.5103],[-80.8734,28.4822],[-80.8945,28.467],[-80.8983,28.4318],[-80.885,28.4109],[-80.8896,28.3923],[-80.8628,28.3472],[-80.8614,28.2522],[-80.8629,28.0847],[-80.8693,28.0847],[-80.87,27.9826],[-80.8689,27.8225],[-80.7701,27.8237],[-80.5091,27.8221],[-80.4911,27.8546],[-80.4472,27.8599],[-80.4928,27.9405],[-80.531,28.0137],[-80.5634,28.086],[-80.5942,28.1959],[-80.6068,28.2964],[-80.602,28.368],[-80.589,28.4079],[-80.5638,28.4358],[-80.529,28.4497],[-80.5251,28.4595],[-80.561,28.5307],[-80.5742,28.5853],[-80.6168,28.6346],[-80.6473,28.6779],[-80.7097,28.7567],[-80.7329,28.7912],[-80.9679,28.7902],[-80.9647,28.6134],[-80.9872,28.613]]]},"properties":{"GEOID":"37340","NAME":"Palm Bay-Melbourne-Titusville, FL","LSAD":"M1"}},
{"type":"Feature","geometry":{"type":"MultiPolygon","coordinates":[[[[-86.6606,45.5786],[-86.6489,45.5443],[-86.6275,45.5495],[-86.6268,45.5729],[-86.6606,45.5786]]],[[[-87.3678,45.9853],[-87.3677,45.899],[-87.3254,45.8987],[-87.3252,45.7546],[-87.3275,45.5513],[-87.2639,45.5505],[-87.2393,45.5761],[-87.1971,45.6337],[-87.1661,45.6655],[-87.1318,45.681],[-87.1004,45.6868],[-87.0574,45.7368],[-87.0643,45.7588],[-87.0574,45.8125],[-87.0398,45.8342],[-86.999,45.8477],[-87.0071,45.8691],[-86.9779,45.9056],[-86.9483,45.8974],[-86.9482,45.8768],[-87.0055,45.8288],[-86.9884,45.8106],[-86.9757,45.7558],[-86.9846,45.7058],[-86.9521,45.6849],[-86.9033,45.7091],[-86.8664,45.7102],[-86.8427,45.7197],[-86.8452,45.7368],[-86.8208,45.7561],[-86.8027,45.7935],[-86.7733,45.8114],[-86.7821,45.8602],[-86.7425,45.8647],[-86.7317,45.8486],[-86.6618,45.8342],[-86.6325,45.8433],[-86.6332,45.8601],[-86.5989,45.8766],[-86.5823,45.8961],[-86.5595,45.8992],[-86.5352,45.8858],[-86.528,45.8533],[-86.5552,45.8317],[-86.5634,45.8045],[-86.5863,45.7788],[-86.6297,45.777],[-86.6268,45.7548],[-86.6515,45.7281],[-86.6716,45.7208],[-86.6762,45.6919],[-86.7158,45.6839],[-86.7127,45.6574],[-86.6872,45.6343],[-86.6502,45.6161],[-86.6168,45.6169],[-86.6274,45.6599],[-86.5918,45.6654],[-86.5737,45.7158],[-86.5373,45.7084],[-86.5324,45.7466],[-86.4847,45.7497],[-86.4599,45.7579],[-86.4591,45.8964],[-86.4902,45.8963],[-86.4901,46.1582],[-86.8719,46.1585],[-87.1161,46.1591],[-87.2415,46.1591],[-87.2429,45.9851],[-87.3678,45.9853]]]]},"properties":{"GEOID":"21540","NAME":"Escanaba, MI","LSAD":"M2"}},
{"type":"Feature","geometry":{"type":"Polygon","coordinates":[[[-83.8811,41.1678],[-83.8804,40.9204],[-83.8801,40.8199],[-83.5159,40.8181],[-83.5147,40.9051],[-83.4767,40.905],[-83.4768,40.9484],[-83.4577,40.9485],[-83.4578,40.9917],[-83.4203,40.9919],[-83.4211,41.1668],[-83.5028,41.1658],[-83.7271,41.1685],[-83.8811,41.1678]]]},"properties":{"GEOID":"22300","NAME":"Findlay, OH","LSAD":"M2"}},
{"type":"Feature","geometry":{"type":"Polygon","coordinates":[[[-102.1628,35.6275],[-102.6139,35.6247],[-103.0416,35.6225],[-103.0424,35.1831],[-102.8362,35.1838],[-102.6256,35.1873],[-102.1675,35.1832],[-102.1675,34.9247],[-102.1688,34.7474],[-101.9205,34.7482],[-101.7407,34.7475],[-101.4349,34.7475],[-101.0907,34.7482],[-101.0863,35.1821],[-101.086,35.3719],[-101.0861,35.6253],[-101.293,35.6248],[-101.6228,35.6241],[-101.6255,35.6201],[-101.8667,35.6199],[-102.1628,35.62],[-102.1628,35.6275]]]},"properties":{"GEOID":"11100","NAME":"Amarillo, TX","LSAD":"M1"}},
{"type":"Feature","geometry":{"type":"Polygon","coordinates":[[[-89.4012,31.7969],[-89.3992,31.434],[-88.9435,31.4335],[-88.9429,31.6282],[-88.9434,31.8246],[-88.9105,31.8266],[-88.9136,32.1085],[-88.9138,32.2242],[-89.3227,32.2235],[-89.3211,31.8851],[-89.3171,31.8743],[-89.3166,31.8021],[-89.4012,31.7969]]]},"properties":{"GEOID":"29860","NAME":"Laurel, MS","LSAD":"M2"}},
{"type":"Feature","geometry":{"type":"Polygon","coordinates":[[[-106.3405,33.0528],[-106.3407,32.9584],[-106.3766,32.9581],[-106.3766,32.6643],[-106.377,32.3436],[-106.3772,32.0012],[-106.1255,32.0025],[-105.7314,32.0016],[-105.4733,32.0007],[-105.154,32.0005],[-104.9184,32.0004],[-104.8477,32.0001],[-104.8476,32.2535],[-104.8513,32.2535],[-104.8515,32.5205],[-105.1493,32.5207],[-105.354,32.5188],[-105.352,32.6048],[-105.3516,32.8251],[-105.3525,32.962],[-105.316,32.9621],[-105.317,33.1323],[-105.3174,33.306],[-105.4195,33.3051],[-105.726,33.3048],[-105.7272,33.3906],[-106.1077,33.3894],[-106.3457,33.3906],[-106.3405,33.0528]]]},"properties":{"GEOID":"10460","NAME":"Alamogordo, NM","LSAD":"M2"}},
{"type":"Feature","geometry":{"type":"Polygon","coordinates":[[[-83.6533,39.7169],[-83.6702,39.5503],[-83.5763,39.5445],[-83.5909,39.3787],[-83.3727,39.3774],[-83.2667,39.5162],[-83.2524,39.6954],[-83.4606,39.705],[-83.6533,39.7169]]]},"properties":{"GEOID":"47920","NAME":"Washington Court House, OH","LSAD":"M2"}},
{"type":"Feature","geometry":{"type":"Polygon","coordinates":[[[-91.4095,40.8129],[-91.7188,40.8135],[-91.718,40.614],[-91.9431,40.6058],[-91.9456,40.4318],[-91.9508,40.2572],[-91.7814,40.255],[-91.4973,40.2488],[-91.5065,40.2363],[-91.505,40.1999],[-91.3966,40.1995],[-91.1452,40.1955],[-90.912,40.1931],[-90.9098,40.2844],[-90.9042,40.6392],[-91.0222,40.635],[-91.1854,40.6381],[-91.1239,40.6692],[-91.1124,40.6963],[-91.1506,40.7062],[-91.1611,40.717],[-91.207,40.7207],[-91.2477,40.7502],[-91.283,40.7545],[-91.2934,40.7726],[-91.3639,40.7907],[-91.4095,40.8129]]]},"properties":{"GEOID":"22800","NAME":"Fort Madison-Keokuk, IA-IL-MO","LSAD":"M2"}},
{"type":"Feature","geometry":{"type":"MultiPolygon","coordinates":[[[[-72.0377,41.2513],[-72.0025,41.2529],[-71.9616,41.2768],[-72.0203,41.2752],[-72.0377,41.2513]]],[[[-72.1429,41.0978],[-72.1032,41.0865],[-72.0771,41.0967],[-72.1145,41.1105],[-72.1429,41.0978]]],[[[-74.2556,40.5079],[-74.2467,40.4961],[-74.1948,40.5101],[-74.113,40.548],[-74.0531,40.6037],[-74.0719,40.624],[-74.079,40.6482],[-74.1544,40.6372],[-74.1743,40.6446],[-74.2006,40.6314],[-74.1954,40.6018],[-74.2122,40.5572],[-74.2478,40.5434],[-74.2443,40.5185],[-74.2556,40.5079]]],[[[-74.7547,41.425],[-74.7954,41.424],[-74.8057,41.4421],[-74.8369,41.4316],[-74.8586,41.4444],[-74.8887,41.4383],[-74.9092,41.4724],[-74.9326,41.4823],[-74.9817,41.4799],[-74.9844,41.5066],[-75.0248,41.5398],[-75.0185,41.5518],[-75.0706,41.6007],[-75.1792,41.4617],[-75.1862,41.4428],[-75.2468,41.4024],[-75.2657,41.3724],[-75.3237,41.366],[-75.3378,41.3486],[-75.3111,41.3314],[-75.314,41.3106],[-75.3414,41.2544],[-75.3592,41.2392],[-75.1297,41.2521],[-75.1565,41.1503],[-75.0772,41.1412],[-75.0392,41.0888],[-74.9671,41.0943],[-74.7694,40.9109],[-74.8038,40.8858],[-74.8024,40.8647],[-74.8238,40.8441],[-74.8505,40.804],[-74.9046,40.7806],[-74.9706,40.7098],[-75.0169,40.6946],[-75.077,40.6635],[-75.1088,40.6395],[-75.1453,40.629],[-75.1904,40.5916],[-75.194,40.5763],[-75.1753,40.565],[-75.1367,40.5757],[-75.1003,40.5678],[-75.0686,40.5422],[-75.0629,40.4816],[-75.0706,40.4552],[-75.0588,40.4181],[-75.0248,40.4035],[-74.9964,40.4105],[-74.964,40.3952],[-74.943,40.3416],[-74.8563,40.3467],[-74.8697,40.3778],[-74.802,40.385],[-74.8085,40.4167],[-74.7481,40.4242],[-74.7221,40.3752],[-74.6541,40.391],[-74.6176,40.3773],[-74.631,40.3401],[-74.6225,40.3248],[-74.5865,40.3136],[-74.5515,40.2905],[-74.5261,40.2931],[-74.482,40.2739],[-74.4815,40.2429],[-74.5433,40.2167],[-74.5704,40.1857],[-74.6146,40.1824],[-74.5878,40.1383],[-74.533,40.0453],[-74.5064,39.9913],[-74.4294,39.8454],[-74.3897,39.7733],[-74.3904,39.5962],[-74.4174,39.5573],[-74.3808,39.4985],[-74.3264,39.5063],[-74.291,39.5088],[-74.2406,39.5558],[-74.1914,39.6253],[-74.142,39.6898],[-74.1173,39.7353],[-74.0991,39.7568],[-74.0849,39.8628],[-74.0642,39.9789],[-74.0305,40.1227],[-73.9933,40.2377],[-73.9774,40.2994],[-73.9718,40.3543],[-73.9763,40.406],[-74.0479,40.4189],[-74.1353,40.4554],[-74.1582,40.4466],[-74.1807,40.458],[-74.1939,40.441],[-74.2619,40.4647],[-74.2727,40.4884],[-74.2492,40.5233],[-74.2546,40.5486],[-74.2145,40.565],[-74.2062,40.6265],[-74.1849,40.6471],[-74.1388,40.6739],[-74.1439,40.6436],[-74.0875,40.6537],[-74.0869,40.6668],[-74.0171,40.7166],[-74.0076,40.6625],[-74.0334,40.6439],[-74.0417,40.6264],[-74.0314,40.6052],[-73.9971,40.5914],[-73.9909,40.5706],[-73.9463,40.5756],[-73.8987,40.5875],[-73.8824,40.5682],[-73.9399,40.554],[-73.938,40.5437],[-73.8345,40.5774],[-73.7749,40.5908],[-73.7051,40.5837],[-73.6409,40.5828],[-73.6109,40.5877],[-73.5718,40.5783],[-73.5153,40.5922],[-73.4173,40.6111],[-73.3515,40.6305],[-73.3263,40.6331],[-73.3064,40.6208],[-73.2623,40.622],[-73.2084,40.6309],[-73.0855,40.6587],[-73.0125,40.6797],[-72.9232,40.7133],[-72.7682,40.7616],[-72.6631,40.7886],[-72.47,40.8427],[-72.3958,40.8667],[-72.1144,40.9721],[-72.0294,40.9999],[-71.9588,41.0267],[-71.8805,41.0488],[-71.8562,41.0706],[-71.9043,41.086],[-71.9596,41.0712],[-71.9573,41.0483],[-71.9926,41.0471],[-72.0169,41.0235],[-72.0488,41.0226],[-72.0955,40.9913],[-72.1164,40.9998],[-72.1374,41.0239],[-72.1373,41.0397],[-72.1629,41.0532],[-72.1906,41.0326],[-72.2413,41.0448],[-72.2759,41.0366],[-72.2804,41.0804],[-72.3172,41.0887],[-72.339,41.1102],[-72.3266,41.1322],[-72.3088,41.1398],[-72.2787,41.1222],[-72.2547,41.134],[-72.2426,41.1533],[-72.2788,41.1587],[-72.3216,41.1387],[-72.3541,41.14],[-72.397,41.0963],[-72.4452,41.0861],[-72.4773,41.0522],[-72.518,41.0401],[-72.5853,40.9976],[-72.6356,40.982],[-72.7081,40.9779],[-72.7741,40.9653],[-72.8331,40.9701],[-72.9138,40.9625],[-72.9552,40.9661],[-73.055,40.9648],[-73.1184,40.9773],[-73.1483,40.966],[-73.1471,40.9287],[-73.2284,40.906],[-73.2951,40.9245],[-73.366,40.9317],[-73.3929,40.9553],[-73.4035,40.9313],[-73.3532,40.9243],[-73.3624,40.904],[-73.4135,40.904],[-73.438,40.9347],[-73.4854,40.9464],[-73.4969,40.9257],[-73.4948,40.8948],[-73.5055,40.8756],[-73.5419,40.8769],[-73.5481,40.9087],[-73.5662,40.9158],[-73.6019,40.9028],[-73.6398,40.8966],[-73.6544,40.8782],[-73.6481,40.8539],[-73.7141,40.87],[-73.7307,40.8654],[-73.7277,40.8385],[-73.7028,40.8322],[-73.704,40.8174],[-73.7572,40.8339],[-73.7743,40.7862],[-73.8152,40.8311],[-73.8166,40.8535],[-73.7952,40.8575],[-73.7813,40.8854],[-73.7568,40.9126],[-73.6831,40.9496],[-73.6601,40.9691],[-73.659,40.9889],[-73.6552,41.0119],[-73.7278,41.1007],[-73.4827,41.2128],[-73.551,41.2954],[-73.5301,41.5272],[-73.5802,41.5264],[-73.6861,41.513],[-73.9338,41.4883],[-73.9815,41.4389],[-73.9591,41.4004],[-73.9475,41.3933],[-73.9613,41.3485],[-73.9814,41.3247],[-74.2342,41.1431],[-74.3449,41.1921],[-74.4576,41.2482],[-74.6949,41.3574],[-74.6911,41.3673],[-74.7134,41.3898],[-74.7361,41.3984],[-74.7547,41.425]]]]},"properties":{"GEOID":"35620","NAME":"New York-Newark-Jersey City, NY-NJ-PA","LSAD":"M1"}},
{"type":"Feature","geometry":{"type":"Polygon","coordinates":[[[-85.6519,41.2948],[-85.6527,41.1785],[-85.6866,41.1784],[-85.6842,41.0467],[-85.6832,41.0019],[-85.6438,41.0023],[-85.4521,41.0052],[-85.3356,41.0052],[-85.336,40.9171],[-85.1779,40.9164],[-85.0739,40.9178],[-84.8029,40.9226],[-84.8033,40.9894],[-84.8035,41.2526],[-84.8036,41.2713],[-85.001,41.2669],[-85.1921,41.2642],[-85.3078,41.2642],[-85.5372,41.2662],[-85.5363,41.2952],[-85.6519,41.2948]]]},"properties":{"GEOID":"23060","NAME":"Fort Wayne, IN","LSAD":"M1"}},
{"type":"Feature","geometry":{"type":"Polygon","coordinates":[[[-85.4219,34.0808],[-85.3865,33.9017],[-85.2128,33.8992],[-85.2128,33.9063],[-85.0503,33.9045],[-85.0498,33.9526],[-84.9787,33.9514],[-84.9287,34.0717],[-84.9391,34.0826],[-85.047,34.0829],[-85.0469,34.0964],[-85.122,34.0967],[-85.1225,34.0831],[-85.1575,34.0835],[-85.1574,34.0973],[-85.2576,34.1007],[-85.2581,34.0791],[-85.4219,34.0808]]]},"properties":{"GEOID":"16340","NAME":"Cedartown, GA","LSAD":"M2"}},
{"type":"Feature","geometry":{"type":"Polygon","coordinates":[[[-93.4973,38.9284],[-93.8347,38.9379],[-93.8363,38.9087],[-94.1102,38.9176],[-94.116,38.871],[-94.1251,38.7443],[-94.1294,38.6559],[-94.1164,38.6555],[-94.1197,38.5687],[-94.0643,38.5674],[-93.9622,38.565],[-93.6198,38.5591],[-93.511,38.5562],[-93.5096,38.6358],[-93.4931,38.8992],[-93.4973,38.9284]]]},"properties":{"GEOID":"47660","NAME":"Warrensburg, MO","LSAD":"M2"}},
{"type":"Feature","geometry":{"type":"Polygon","coordinates":[[[-99.5977,38.7254],[-99.5983,38.6965],[-99.0426,38.6968],[-99.0398,38.8763],[-99.0375,39.1331],[-99.3424,39.1328],[-99.5918,39.1324],[-99.5977,38.7254]]]},"properties":{"GEOID":"25700","NAME":"Hays, KS","LSAD":"M2"}},
{"type":"Feature","geometry":{"type":"Polygon","coordinates":[[[-102.0857,33.8247],[-102.0759,33.3896],[-102.0762,32.9597],[-101.6913,32.9618],[-101.5574,32.961],[-101.5575,33.1661],[-101.5569,33.3948],[-101.3679,33.3965],[-101.0388,33.3972],[-101.0412,33.8336],[-101.2505,33.8328],[-101.5636,33.8305],[-101.8714,33.8269],[-102.0857,33.8247]]]},"properties":{"GEOID":"31180","NAME":"Lubbock, TX","LSAD":"M1"}},
{"type":"Feature","geometry":{"type":"Polygon","coordinates":[[[-93.9316,42.2099],[-93.9317,42.472],[-93.9716,42.4721],[-93.9717,42.6447],[-94.4431,42.6452],[-94.443,42.4734],[-94.3977,42.4733],[-94.3975,42.2092],[-94.1647,42.2099],[-93.9316,42.2099]]]},"properties":{"GEOID":"22700","NAME":"Fort Dodge, IA","LSAD":"M2"}},
{"type":"Feature","geometry":{"type":"Polygon","coordinates":[[[-82.8071,38.9481],[-83.0095,38.9565],[-83.2121,38.9601],[-83.2133,38.9863],[-83.2384,39.0064],[-83.2708,39.0158],[-83.2686,38.8825],[-83.2682,38.6185],[-83.2457,38.6286],[-83.2037,38.6167],[-83.1538,38.6188],[-83.135,38.6317],[-83.1225,38.6592],[-83.1027,38.6773],[-83.0531,38.6958],[-83.0309,38.7256],[-82.9794,38.726],[-82.9431,38.7433],[-82.8942,38.7566],[-82.8795,38.7515],[-82.8699,38.7282],[-82.8776,38.6902],[-82.8633,38.6693],[-82.8472,38.5952],[-82.816,38.5707],[-82.7404,38.5972],[-82.7662,38.6447],[-82.7639,38.68],[-82.7064,38.6775],[-82.6954,38.75],[-82.6629,38.748],[-82.65,38.8491],[-82.7605,38.8549],[-82.7534,38.9454],[-82.8071,38.9481]]]},"properties":{"GEOID":"39020","NAME":"Portsmouth, OH","LSAD":"M2"}},
{"type":"Feature","geometry":{"type":"Polygon","coordinates":[[[-85.4488,40.6536],[-85.447,40.5669],[-85.1834,40.5673],[-85.0685,40.5682],[-85.0703,40.7431],[-85.0739,40.9178],[-85.1779,40.9164],[-85.336,40.9171],[-85.3347,40.6544],[-85.4488,40.6536]]]},"properties":{"GEOID":"14160","NAME":"Bluffton, IN","LSAD":"M2"}},
{"type":"Feature","geometry":{"type":"Polygon","coordinates":[[[-96.9059,41.4534],[-96.909,41.2679],[-96.9085,41.0461],[-96.4639,41.0451],[-96.4638,40.784],[-96.2935,40.7835],[-95.8342,40.7838],[-95.8437,40.8038],[-95.8372,40.8353],[-95.8478,40.8643],[-95.8121,40.8842],[-95.8135,40.9017],[-95.385,40.9016],[-95.3843,41.16],[-95.1559,41.1592],[-95.1547,41.5052],[-95.498,41.5061],[-95.4978,41.6023],[-95.5581,41.6024],[-95.5573,41.8634],[-95.9831,41.8635],[-96.1375,41.8663],[-96.1162,41.8549],[-96.1076,41.8207],[-96.0697,41.8035],[-96.0847,41.7533],[-96.1046,41.7442],[-96.1026,41.728],[-96.0797,41.718],[-96.076,41.7017],[-96.1051,41.6999],[-96.1217,41.683],[-96.4448,41.6836],[-96.4439,41.5239],[-96.4252,41.4803],[-96.3673,41.4367],[-96.3289,41.4366],[-96.329,41.3931],[-96.4882,41.3933],[-96.5694,41.4333],[-96.634,41.4344],[-96.6924,41.4257],[-96.7465,41.4496],[-96.7743,41.4501],[-96.8191,41.4402],[-96.9059,41.4534]]]},"properties":{"GEOID":"36540","NAME":"Omaha-Council Bluffs, NE-IA","LSAD":"M1"}},
{"type":"Feature","geometry":{"type":"Polygon","coordinates":[[[-83.9225,42.7808],[-84.1582,42.7766],[-84.1512,42.699],[-84.1422,42.5544],[-84.1407,42.4246],[-84.1311,42.4246],[-83.9446,42.4241],[-83.7651,42.4294],[-83.7448,42.4285],[-83.5519,42.4352],[-83.5454,42.3058],[-83.5394,42.0856],[-83.4206,42.0878],[-83.4208,42.0936],[-83.2953,42.0942],[-83.2771,42.0761],[-83.2576,42.0737],[-83.213,42.0428],[-83.1876,42.0443],[-83.191,42.0774],[-83.1614,42.0899],[-83.132,42.0902],[-83.1192,42.1253],[-83.1344,42.1746],[-83.1264,42.2384],[-83.0996,42.2871],[-83.0636,42.3169],[-83.0262,42.3289],[-82.9598,42.34],[-82.9246,42.3623],[-82.8886,42.398],[-82.8684,42.4548],[-82.8844,42.4766],[-82.8744,42.5235],[-82.8451,42.5614],[-82.821,42.5707],[-82.7816,42.5707],[-82.7926,42.6048],[-82.8207,42.6153],[-82.8135,42.6408],[-82.7924,42.6551],[-82.7601,42.6638],[-82.701,42.6895],[-82.6353,42.6756],[-82.6238,42.6654],[-82.6309,42.6421],[-82.6529,42.6506],[-82.6837,42.623],[-82.6871,42.6064],[-82.6581,42.5908],[-82.6613,42.5686],[-82.6057,42.5482],[-82.5254,42.6057],[-82.5099,42.6373],[-82.5109,42.6645],[-82.4839,42.718],[-82.4678,42.7614],[-82.4826,42.8086],[-82.4682,42.8591],[-82.4699,42.8875],[-82.4556,42.9267],[-82.4286,42.952],[-82.4135,42.9769],[-82.4265,43.0172],[-82.486,43.1025],[-82.5034,43.1689],[-82.6433,43.164],[-82.9963,43.1541],[-83.0004,43.2849],[-83.119,43.2837],[-83.1204,43.327],[-83.3544,43.3223],[-83.3517,43.2352],[-83.4607,43.2328],[-83.4607,43.2231],[-83.4591,43.05],[-83.4533,42.8763],[-83.6894,42.8713],[-83.6865,42.7833],[-83.9225,42.7808]]]},"properties":{"GEOID":"19820","NAME":"Detroit-Warren-Dearborn, MI","LSAD":"M1"}},
{"type":"Feature","geometry":{"type":"Polygon","coordinates":[[[-79.2243,38.4777],[-79.2401,38.4698],[-79.2797,38.4242],[-79.3171,38.4102],[-79.325,38.3814],[-79.3619,38.3432],[-79.4086,38.278],[-79.3997,38.2605],[-79.4097,38.2431],[-79.4337,38.2295],[-79.4811,38.2165],[-79.5271,38.171],[-79.5092,38.1549],[-79.4816,38.1703],[-79.4583,38.1631],[-79.4451,38.1476],[-79.4933,38.0954],[-79.4827,38.0861],[-79.3412,38.0022],[-79.184,37.9142],[-79.1574,37.891],[-79.1466,37.8888],[-79.0912,37.9109],[-79.0522,37.9101],[-79.043,37.8915],[-79.0051,37.8817],[-78.9591,37.9203],[-78.9421,37.9402],[-78.9005,37.9494],[-78.8921,37.9945],[-78.8737,38.0286],[-78.8581,38.0294],[-78.8217,38.0592],[-78.7928,38.0695],[-78.7789,38.0844],[-78.7881,38.1264],[-78.7754,38.141],[-78.7683,38.1735],[-78.7494,38.2066],[-78.8933,38.3064],[-78.9302,38.3131],[-79.2243,38.4777]]]},"properties":{"GEOID":"44420","NAME":"Staunton, VA","LSAD":"M1"}},
{"type":"Feature","geometry":{"type":"Polygon","coordinates":[[[-91.0719,41.3336],[-91.0775,41.3018],[-91.092,41.2869],[-91.1136,41.2414],[-91.0659,41.1995],[-91.0415,41.1661],[-91.0076,41.1662],[-90.9897,41.1557],[-90.9466,41.0966],[-90.9494,41.0727],[-90.949,41.0702],[-90.7852,41.0687],[-90.6677,41.0676],[-90.5505,41.0641],[-90.4394,41.064],[-90.4377,41.1515],[-90.2088,41.1521],[-89.9846,41.1494],[-89.8682,41.1495],[-89.8678,41.2344],[-89.8576,41.2345],[-89.8567,41.3101],[-89.8574,41.5184],[-89.8624,41.584],[-90.1855,41.5846],[-90.1648,41.5973],[-90.1618,41.6446],[-90.1895,41.6634],[-90.2297,41.6754],[-90.2372,41.6996],[-90.2365,41.7407],[-90.2479,41.7469],[-90.2424,41.783],[-90.2786,41.7674],[-90.3107,41.7422],[-90.3571,41.728],[-90.3745,41.7343],[-90.409,41.7296],[-90.426,41.7527],[-90.4504,41.7648],[-90.5152,41.7693],[-90.5796,41.7592],[-90.5971,41.7676],[-90.6296,41.7653],[-90.6515,41.7554],[-90.6752,41.7619],[-90.7133,41.7348],[-90.7493,41.7444],[-90.7619,41.7628],[-90.7862,41.7714],[-90.8984,41.7714],[-90.8999,41.5971],[-90.7838,41.5965],[-90.7863,41.4529],[-90.8576,41.4528],[-90.93,41.4214],[-90.9752,41.434],[-91.0278,41.4236],[-91.0478,41.4109],[-91.0516,41.3853],[-91.0651,41.3691],[-91.0719,41.3336]]]},"properties":{"GEOID":"19340","NAME":"Davenport-Moline-Rock Island, IA-IL","LSAD":"M1"}},
{"type":"Feature","geometry":{"type":"Polygon","coordinates":[[[-105.7175,35.9787],[-105.7222,35.8121],[-105.7185,35.6532],[-105.7174,35.3042],[-105.7157,35.3042],[-105.7144,35.0416],[-105.2908,35.042],[-105.291,35.2165],[-104.8911,35.2164],[-104.6308,35.2163],[-104.1251,35.2157],[-104.1251,35.1421],[-103.8577,35.2641],[-103.8575,35.2424],[-103.6371,35.2408],[-103.637,35.4223],[-103.7236,35.4228],[-103.8878,35.6676],[-103.9769,35.8017],[-104.0217,35.7815],[-104.3622,35.7832],[-104.3781,35.8236],[-104.3664,35.8391],[-104.3904,35.8583],[-104.3791,35.8775],[-104.3536,35.8973],[-104.3528,35.9403],[-104.3274,35.9606],[-104.3557,35.9827],[-104.3396,36],[-104.3653,36.0134],[-104.3657,36.0443],[-104.3797,36.0493],[-104.3812,36.0762],[-104.3974,36.0991],[-104.4093,36.132],[-104.4044,36.1554],[-104.4362,36.1774],[-104.4361,36.2185],[-104.8654,36.2179],[-104.8653,36.2614],[-105.1655,36.2611],[-105.3413,36.2619],[-105.3874,36.2528],[-105.3993,36.2298],[-105.397,36.1916],[-105.4218,36.1697],[-105.42,36.1317],[-105.4629,36.0784],[-105.4897,36.0373],[-105.5069,36.0208],[-105.5304,36.013],[-105.5371,35.9909],[-105.5724,35.9725],[-105.6321,35.9796],[-105.6452,35.9622],[-105.7076,35.9687],[-105.7175,35.9787]]]},"properties":{"GEOID":"29780","NAME":"Las Vegas, NM","LSAD":"M2"}},
{"type":"Feature","geometry":{"type":"Polygon","coordinates":[[[-95.1521,32.9026],[-95.1534,32.5701],[-95.1354,32.548],[-95.0844,32.553],[-95.0839,32.5425],[-94.9985,32.5219],[-94.9869,32.5372],[-94.9853,32.138],[-94.9848,31.8461],[-94.9375,31.8456],[-94.7562,31.8438],[-94.4525,31.8441],[-94.462,31.8714],[-94.484,31.9038],[-94.5115,31.9262],[-94.5114,31.974],[-94.6,31.9732],[-94.6019,32.0701],[-94.595,32.1114],[-94.5807,32.1593],[-94.5805,32.2014],[-94.557,32.2491],[-94.5307,32.2718],[-94.5196,32.3056],[-94.4934,32.3565],[-94.4918,32.3941],[-94.4628,32.3722],[-94.4369,32.3615],[-94.422,32.3695],[-94.3858,32.3672],[-94.3788,32.3424],[-94.3539,32.329],[-94.0429,32.3923],[-94.0431,32.693],[-94.0907,32.6892],[-94.0994,32.7056],[-94.0878,32.7213],[-94.103,32.7381],[-94.1316,32.7385],[-94.1616,32.7214],[-94.1721,32.6969],[-94.2226,32.7034],[-94.2351,32.744],[-94.2561,32.7518],[-94.283,32.7467],[-94.2862,32.7301],[-94.317,32.7298],[-94.3566,32.7058],[-94.3908,32.6944],[-94.5073,32.6937],[-94.7021,32.7931],[-94.7021,32.8205],[-94.6724,32.8348],[-94.699,32.8451],[-94.7083,32.8961],[-94.7199,32.9045],[-94.9004,32.9026],[-95.1521,32.9026]]]},"properties":{"GEOID":"30980","NAME":"Longview, TX","LSAD":"M1"}},
{"type":"Feature","geometry":{"type":"Polygon","coordinates":[[[-82.9984,31.6732],[-83.0294,31.6362],[-83.0588,31.6112],[-83.06,31.5655],[-83.0849,31.5139],[-83.1186,31.4742],[-83.1511,31.4616],[-83.1386,31.4415],[-83.1372,31.3987],[-83.1152,31.3861],[-83.1109,31.368],[-83.0883,31.347],[-83.0742,31.3457],[-83.0582,31.3252],[-83.059,31.3042],[-83.0335,31.275],[-83.0507,31.2321],[-83.0469,31.1837],[-82.9712,31.184],[-82.7425,31.183],[-82.6717,31.1837],[-82.6908,31.2234],[-82.701,31.2232],[-82.6992,31.2781],[-82.664,31.2881],[-82.6296,31.2747],[-82.6282,31.4693],[-82.5975,31.4693],[-82.5963,31.5579],[-82.6283,31.5583],[-82.6273,31.6727],[-82.8366,31.6714],[-82.8386,31.8081],[-82.8665,31.7853],[-82.8904,31.7804],[-82.9785,31.7931],[-82.9957,31.781],[-82.9984,31.6732]]]},"properties":{"GEOID":"20060","NAME":"Douglas, GA","LSAD":"M2"}},
{"type":"Feature","geometry":{"type":"Polygon","coordinates":[[[-79.6407,36.8561],[-79.7148,36.542],[-79.5136,36.5408],[-79.2185,36.5415],[-79.1635,36.7698],[-79.0923,37.0615],[-79.1111,37.0687],[-79.1271,37.0899],[-79.1435,37.0759],[-79.1945,37.0558],[-79.206,37.0766],[-79.2052,37.1108],[-79.2354,37.101],[-79.2442,37.1243],[-79.3005,37.1058],[-79.336,37.1304],[-79.3649,37.1194],[-79.3755,37.1],[-79.4047,37.0918],[-79.4046,37.0637],[-79.4523,37.0556],[-79.4914,37.0595],[-79.4833,37.0353],[-79.4595,37.0203],[-79.4844,37.0075],[-79.4971,37.0235],[-79.538,37.0434],[-79.5643,37.0347],[-79.5941,37.0422],[-79.6062,37.0001],[-79.6407,36.8561]]]},"properties":{"GEOID":"19260","NAME":"Danville, VA","LSAD":"M2"}},
{"type":"Feature","geometry":{"type":"Polygon","coordinates":[[[-85.9927,30.3893],[-85.9959,30.2691],[-85.8781,30.2156],[-85.7754,30.1563],[-85.6997,30.0987],[-85.5956,30.0506],[-85.5538,30.0119],[-85.5371,30.0039],[-85.5086,29.972],[-85.4813,29.9579],[-85.4204,29.9472],[-85.3892,29.9248],[-85.3915,30.0006],[-85.3896,30.1452],[-85.388,30.4217],[-85.3839,30.5669],[-85.4864,30.5676],[-85.488,30.4367],[-85.8535,30.4406],[-85.884,30.4103],[-85.9076,30.4058],[-85.9215,30.4158],[-85.965,30.4107],[-85.9927,30.3893]]]},"properties":{"GEOID":"37460","NAME":"Panama City, FL","LSAD":"M1"}},
{"type":"Feature","geometry":{"type":"Polygon","coordinates":[[[-83.7362,31.0377],[-83.7437,30.6584],[-83.6117,30.6513],[-83.4999,30.6457],[-83.1314,30.6236],[-82.6895,30.5977],[-82.584,30.5918],[-82.5791,30.6922],[-82.6064,30.7142],[-82.6731,30.7244],[-82.6922,30.734],[-82.71,30.7292],[-82.7668,30.7325],[-82.7954,30.7421],[-82.816,30.7761],[-82.8314,30.7821],[-82.8305,30.8088],[-82.8464,30.8349],[-82.9713,30.8694],[-82.9699,31.0817],[-82.9712,31.184],[-83.0469,31.1837],[-83.0382,31.1467],[-83.1651,31.1472],[-83.1674,31.0624],[-83.1979,31.0622],[-83.198,31.0254],[-83.2805,31.0266],[-83.4756,31.032],[-83.4997,31.0509],[-83.542,31.0511],[-83.5749,31.0781],[-83.574,31.0339],[-83.7362,31.0377]]]},"properties":{"GEOID":"46660","NAME":"Valdosta, GA","LSAD":"M1"}},
{"type":"Feature","geometry":{"type":"Polygon","coordinates":[[[-106.1906,40.9976],[-106.1853,40.934],[-106.1369,40.902],[-106.1269,40.8696],[-106.1084,40.8633],[-106.0879,40.8334],[-106.0577,40.8171],[-106.0454,40.7919],[-106.0297,40.7816],[-106.0223,40.7547],[-105.9881,40.7214],[-105.9719,40.6819],[-105.9485,40.6423],[-105.9421,40.6091],[-105.9299,40.6058],[-105.9212,40.5726],[-105.9109,40.5664],[-105.9079,40.5155],[-105.8718,40.5217],[-105.8523,40.5066],[-105.8549,40.4863],[-105.8111,40.4758],[-105.8057,40.4479],[-105.8153,40.4215],[-105.791,40.3986],[-105.7907,40.3863],[-105.7677,40.3598],[-105.7131,40.3256],[-105.6893,40.3035],[-105.6756,40.2673],[-105.6533,40.2605],[-105.5617,40.2615],[-105.391,40.2579],[-105.3752,40.2613],[-105.0551,40.2618],[-105.0567,40.3493],[-104.9456,40.3491],[-104.9444,40.4142],[-104.9433,40.7833],[-104.9434,40.9981],[-105.2769,40.9982],[-105.7304,40.9969],[-106.0612,40.997],[-106.1906,40.9976]]]},"properties":{"GEOID":"22660","NAME":"Fort Collins, CO","LSAD":"M1"}},
{"type":"Feature","geometry":{"type":"Polygon","coordinates":[[[-92.8564,40.0609],[-92.8562,40.0373],[-92.6221,40.0382],[-92.3451,40.0372],[-92.3465,40.2159],[-92.3499,40.3027],[-92.3514,40.4771],[-92.3508,40.5973],[-92.7146,40.5896],[-92.7022,40.581],[-92.7108,40.5572],[-92.7048,40.5328],[-92.6872,40.524],[-92.6776,40.4956],[-92.7046,40.4742],[-92.7009,40.4287],[-92.6709,40.41],[-92.686,40.3943],[-92.6842,40.3435],[-92.8556,40.3427],[-92.8564,40.0609]]]},"properties":{"GEOID":"28860","NAME":"Kirksville, MO","LSAD":"M2"}},
{"type":"Feature","geometry":{"type":"Polygon","coordinates":[[[-76.472,38.325],[-76.4912,38.3612],[-76.5341,38.3978],[-76.6084,38.4244],[-76.6543,38.4652],[-76.6659,38.4944],[-76.7001,38.4976],[-76.7108,38.5094],[-76.7746,38.509],[-76.8202,38.4351],[-76.8711,38.3901],[-76.8713,38.3776],[-76.8479,38.3554],[-76.8254,38.303],[-76.8021,38.2767],[-76.8052,38.2536],[-76.7778,38.2429],[-76.7786,38.2285],[-76.7523,38.2221],[-76.7321,38.246],[-76.6473,38.2251],[-76.5906,38.2142],[-76.553,38.1872],[-76.5404,38.153],[-76.5021,38.1389],[-76.481,38.1159],[-76.4612,38.1393],[-76.4697,38.1534],[-76.4389,38.1608],[-76.4376,38.1361],[-76.4212,38.106],[-76.3923,38.1029],[-76.3527,38.0532],[-76.3218,38.0497],[-76.3319,38.0996],[-76.3408,38.1164],[-76.3201,38.1383],[-76.3852,38.2178],[-76.3993,38.2593],[-76.3942,38.2782],[-76.375,38.2994],[-76.3957,38.3086],[-76.4293,38.2944],[-76.4592,38.2944],[-76.472,38.325]]]},"properties":{"GEOID":"15680","NAME":"California-Lexington Park, MD","LSAD":"M1"}},
{"type":"Feature","geometry":{"type":"Polygon","coordinates":[[[-93.4412,31.8452],[-93.4417,31.7145],[-93.3384,31.7142],[-93.3376,31.5383],[-93.2368,31.5379],[-93.2366,31.3645],[-93.0322,31.3637],[-92.992,31.3605],[-92.9815,31.3469],[-92.9472,31.3468],[-92.9473,31.3677],[-92.9133,31.3682],[-92.9135,31.3897],[-92.8468,31.4335],[-92.8131,31.4409],[-92.7617,31.4764],[-92.7616,31.4862],[-92.7189,31.5175],[-92.7613,31.5474],[-92.7571,31.5588],[-92.7874,31.5787],[-92.8062,31.5985],[-92.8409,31.6012],[-92.8691,31.6172],[-92.91,31.6286],[-92.9048,31.6607],[-92.9294,31.6779],[-92.9642,31.6802],[-92.9599,31.7013],[-92.9735,31.7089],[-92.9686,31.731],[-92.9716,31.7647],[-92.9526,31.7837],[-92.9422,31.8543],[-92.9056,31.8523],[-92.9011,31.8939],[-92.8846,31.9395],[-92.8835,31.9811],[-92.9015,31.995],[-92.8847,32.0121],[-92.8958,32.055],[-92.9109,32.0749],[-92.9049,32.0902],[-92.9249,32.1123],[-92.9391,32.1479],[-93.1871,32.1485],[-93.1528,32.1025],[-93.1643,32.0933],[-93.1456,32.0727],[-93.1377,32.0492],[-93.1585,32.013],[-93.1252,31.9723],[-93.2385,31.9728],[-93.2395,31.9036],[-93.2537,31.9133],[-93.2824,31.8874],[-93.3505,31.8987],[-93.3555,31.9322],[-93.3779,31.9327],[-93.3988,31.9179],[-93.4239,31.9314],[-93.4406,31.9136],[-93.4412,31.8452]]]},"properties":{"GEOID":"35060","NAME":"Natchitoches, LA","LSAD":"M2"}},
{"type":"Feature","geometry":{"type":"Polygon","coordinates":[[[-81.7681,35.1804],[-81.8747,35.1841],[-81.8061,35.0572],[-81.8076,35.0356],[-81.7857,35.0193],[-81.7552,34.9306],[-81.735,34.933],[-81.7141,34.9129],[-81.6846,34.913],[-81.6636,34.8987],[-81.6467,34.9002],[-81.6267,34.8743],[-81.5867,34.8873],[-81.5429,34.8697],[-81.5149,34.8771],[-81.4848,34.8617],[-81.4573,34.8393],[-81.4788,34.8984],[-81.4746,34.9368],[-81.4924,34.9468],[-81.4762,34.984],[-81.4884,35.0295],[-81.4713,35.0482],[-81.4088,35.0471],[-81.4025,35.1369],[-81.3666,35.1649],[-81.7681,35.1804]]]},"properties":{"GEOID":"23500","NAME":"Gaffney, SC","LSAD":"M2"}},
{"type":"Feature","geometry":{"type":"Polygon","coordinates":[[[-79.762,42.2699],[-79.7614,41.9991],[-79.6108,41.999],[-79.4725,41.9983],[-79.0613,41.9993],[-79.0591,42.0867],[-79.0604,42.2604],[-79.0608,42.5379],[-79.0831,42.5464],[-79.0963,42.5646],[-79.1369,42.5698],[-79.1487,42.5537],[-79.1798,42.5518],[-79.2537,42.5267],[-79.278,42.5112],[-79.3179,42.5023],[-79.3313,42.4889],[-79.3621,42.4802],[-79.4055,42.4533],[-79.4535,42.4112],[-79.4748,42.4043],[-79.5698,42.3512],[-79.683,42.2984],[-79.762,42.2699]]]},"properties":{"GEOID":"27460","NAME":"Jamestown-Dunkirk-Fredonia, NY","LSAD":"M2"}},
{"type":"Feature","geometry":{"type":"Polygon","coordinates":[[[-98.5879,30.139],[-98.588,30.2463],[-98.5917,30.4999],[-99.0003,30.4981],[-99.304,30.4998],[-99.3017,30.2867],[-99.301,30.1343],[-98.9201,30.1383],[-98.772,30.138],[-98.5879,30.139]]]},"properties":{"GEOID":"23240","NAME":"Fredericksburg, TX","LSAD":"M2"}},
{"type":"Feature","geometry":{"type":"MultiPolygon","coordinates":[[[[-156.6974,20.9164],[-156.6736,20.8613],[-156.6184,20.8076],[-156.5665,20.7924],[-156.5377,20.7746],[-156.5062,20.7951],[-156.4739,20.7904],[-156.4613,20.7785],[-156.4564,20.7357],[-156.4482,20.7221],[-156.4407,20.6043],[-156.4123,20.5829],[-156.3738,20.5749],[-156.323,20.585],[-156.2996,20.5831],[-156.1913,20.6285],[-156.1544,20.6263],[-156.139,20.6181],[-156.1107,20.6397],[-156.0787,20.6511],[-156.0466,20.6526],[-156.0285,20.6793],[-156.0128,20.6821],[-155.9876,20.7082],[-155.9834,20.7218],[-155.9851,20.7735],[-156.0005,20.7915],[-156.0386,20.8062],[-156.0569,20.8071],[-156.0877,20.8283],[-156.1067,20.823],[-156.1274,20.8411],[-156.1304,20.8595],[-156.1667,20.8656],[-156.2275,20.9158],[-156.2403,20.9359],[-156.2821,20.9456],[-156.307,20.9398],[-156.3218,20.9471],[-156.3693,20.9293],[-156.3837,20.916],[-156.4253,20.9098],[-156.4498,20.8971],[-156.4797,20.8981],[-156.4964,20.9309],[-156.5252,20.9643],[-156.5601,21.0139],[-156.5835,21.0186],[-156.5885,21.0308],[-156.625,21.0218],[-156.6662,20.9962],[-156.6923,20.9471],[-156.6974,20.9164]]],[[[-156.7,20.5279],[-156.6795,20.5034],[-156.6403,20.505],[-156.6106,20.5165],[-156.5873,20.5084],[-156.5673,20.5161],[-156.5452,20.512],[-156.5318,20.5283],[-156.554,20.5369],[-156.539,20.5762],[-156.5684,20.6031],[-156.6087,20.5901],[-156.6456,20.5635],[-156.6775,20.555],[-156.7,20.5279]]],[[[-157.0602,20.9019],[-157.0497,20.8702],[-157.0062,20.8496],[-156.9879,20.8174],[-156.9922,20.7872],[-156.9819,20.7535],[-156.9633,20.7319],[-156.938,20.7365],[-156.8904,20.735],[-156.8665,20.7516],[-156.8298,20.7669],[-156.8062,20.8066],[-156.8059,20.8217],[-156.8288,20.8559],[-156.8825,20.9045],[-156.9153,20.9196],[-156.9684,20.9233],[-156.987,20.9288],[-157.0355,20.9224],[-157.0602,20.9019]]],[[[-157.3065,21.1082],[-157.2988,21.0934],[-157.2525,21.0877],[-157.1491,21.0915],[-157.0956,21.1036],[-157.034,21.0943],[-157.0294,21.0878],[-156.9485,21.0634],[-156.8745,21.0455],[-156.8578,21.0557],[-156.836,21.0539],[-156.8022,21.0671],[-156.736,21.1141],[-156.7124,21.144],[-156.7357,21.1595],[-156.7391,21.1735],[-156.8039,21.1752],[-156.8659,21.1614],[-156.885,21.1686],[-156.9086,21.1541],[-156.9017,21.1333],[-156.9181,21.1295],[-156.9369,21.1533],[-156.951,21.1535],[-156.9739,21.1754],[-157.0257,21.1861],[-157.0601,21.1858],[-157.0927,21.1949],[-157.1868,21.2033],[-157.1965,21.2142],[-157.2388,21.2178],[-157.2514,21.1778],[-157.2911,21.143],[-157.3065,21.1082]]]]},"properties":{"GEOID":"27980","NAME":"Kahului-Wailuku-Lahaina, HI","LSAD":"M1"}},
{"type":"Feature","geometry":{"type":"Polygon","coordinates":[[[-81.0863,40.988],[-81.0867,40.9016],[-80.896,40.901],[-80.8958,40.9302],[-80.8216,40.9298],[-80.8219,40.9009],[-80.6321,40.8998],[-80.5198,40.9003],[-80.519,41.1251],[-80.2579,41.1281],[-80.2579,41.1173],[-80.1473,41.1139],[-80.0983,41.0711],[-80.0471,41.1206],[-79.9998,41.1719],[-79.9998,41.49],[-80.1256,41.4863],[-80.1254,41.4804],[-80.326,41.4843],[-80.5192,41.4891],[-80.5192,41.4999],[-80.6478,41.4994],[-81.0031,41.5017],[-81.0033,41.3479],[-81.0017,40.9878],[-81.0863,40.988]]]},"properties":{"GEOID":"49660","NAME":"Youngstown-Warren-Boardman, OH-PA","LSAD":"M1"}},
{"type":"Feature","geometry":{"type":"Polygon","coordinates":[[[-95.8618,33.2193],[-95.8625,32.9796],[-95.6677,32.9796],[-95.6654,32.9604],[-95.309,32.9626],[-95.3077,33.3003],[-95.3133,33.3682],[-95.3355,33.3617],[-95.4149,33.3711],[-95.485,33.35],[-95.5264,33.3492],[-95.5812,33.359],[-95.6101,33.3497],[-95.6443,33.3123],[-95.6737,33.3021],[-95.7264,33.3049],[-95.7769,33.2732],[-95.7847,33.2556],[-95.8067,33.2493],[-95.8618,33.2193]]]},"properties":{"GEOID":"44860","NAME":"Sulphur Springs, TX","LSAD":"M2"}},
{"type":"Feature","geometry":{"type":"Polygon","coordinates":[[[-82.4189,30.5817],[-82.4598,30.5843],[-82.4575,30.2569],[-82.4584,30.1364],[-82.3594,30.141],[-82.0494,30.1431],[-82.0483,29.9385],[-82.0461,29.7471],[-82.0492,29.7187],[-82.0289,29.7187],[-82.0071,29.7395],[-81.9756,29.747],[-81.9394,29.7475],[-81.9234,29.781],[-81.9093,29.7936],[-81.862,29.8002],[-81.8124,29.8365],[-81.5812,29.8402],[-81.5665,29.8029],[-81.5252,29.7595],[-81.5237,29.6224],[-81.3241,29.6256],[-81.2977,29.6511],[-81.2821,29.6504],[-81.2626,29.6662],[-81.2473,29.6591],[-81.2129,29.6707],[-81.2539,29.7769],[-81.2666,29.8604],[-81.2774,29.904],[-81.289,29.9152],[-81.309,29.9694],[-81.3556,30.1626],[-81.3809,30.2568],[-81.3962,30.3311],[-81.3935,30.3956],[-81.4125,30.4229],[-81.4081,30.4346],[-81.4132,30.4829],[-81.4324,30.4872],[-81.4559,30.5134],[-81.4358,30.5261],[-81.4434,30.5705],[-81.4419,30.6014],[-81.4258,30.7005],[-81.4441,30.7097],[-81.4758,30.7148],[-81.4895,30.7261],[-81.5312,30.7242],[-81.5607,30.7117],[-81.5965,30.7273],[-81.6058,30.7197],[-81.6515,30.7407],[-81.6728,30.7389],[-81.6948,30.7484],[-81.7199,30.7446],[-81.7404,30.7636],[-81.7696,30.7771],[-81.7837,30.7729],[-81.8074,30.7901],[-81.8392,30.7866],[-81.8815,30.7999],[-81.9047,30.8284],[-81.927,30.8176],[-81.9388,30.8288],[-81.9639,30.8181],[-81.9617,30.801],[-81.9734,30.7788],[-82.0048,30.7914],[-82.0233,30.7827],[-82.0114,30.7626],[-82.0368,30.7544],[-82.0448,30.7285],[-82.0364,30.7066],[-82.0504,30.6763],[-82.0495,30.6555],[-82.0121,30.5938],[-82.0055,30.5635],[-82.0189,30.5238],[-82.0178,30.4751],[-82.0372,30.4345],[-82.0412,30.3968],[-82.0359,30.3853],[-82.0479,30.3633],[-82.0947,30.3608],[-82.1048,30.3683],[-82.1701,30.3589],[-82.2042,30.4013],[-82.2103,30.4246],[-82.2014,30.4852],[-82.2304,30.5173],[-82.2404,30.5378],[-82.2344,30.5566],[-82.2148,30.5685],[-82.4189,30.5817]]]},"properties":{"GEOID":"27260","NAME":"Jacksonville, FL","LSAD":"M1"}},
{"type":"Feature","geometry":{"type":"Polygon","coordinates":[[[-105.9697,38.6936],[-105.9262,38.6799],[-105.9129,38.6538],[-105.9157,38.63],[-105.8871,38.6213],[-105.8792,38.6073],[-105.9034,38.5486],[-105.9075,38.5058],[-105.938,38.5035],[-106.0123,38.4454],[-105.9476,38.3905],[-105.9446,38.3786],[-105.8976,38.3501],[-105.8668,38.3057],[-105.819,38.2736],[-105.7969,38.265],[-105.5919,38.2649],[-105.3689,38.2594],[-105.1255,38.2575],[-105.0492,38.258],[-104.9404,38.2583],[-104.9415,38.5196],[-104.9424,38.6502],[-105.0498,38.6524],[-105.0914,38.6478],[-105.2399,38.6475],[-105.237,38.6973],[-105.329,38.6976],[-105.4982,38.6971],[-105.7154,38.6947],[-105.9697,38.6936]]]},"properties":{"GEOID":"15860","NAME":"Cañon City, CO","LSAD":"M2"}},
{"type":"Feature","geometry":{"type":"Polygon","coordinates":[[[-107.6085,32.6054],[-107.7169,32.6226],[-107.7323,32.6274],[-107.7253,32.6611],[-107.7274,32.6921],[-107.7153,32.7216],[-107.7229,32.7361],[-107.7218,32.7788],[-107.7498,32.8054],[-107.745,32.8251],[-107.7731,32.8538],[-107.7789,32.8969],[-107.7653,32.9118],[-107.7805,32.9528],[-107.8298,32.9639],[-107.8567,33.0025],[-107.8482,33.0264],[-107.8515,33.0562],[-107.8343,33.0781],[-107.8506,33.1197],[-107.8532,33.1709],[-107.8407,33.1831],[-107.865,33.2],[-108.0294,33.2015],[-108.2138,33.201],[-108.45,33.201],[-108.5432,33.208],[-108.6466,33.2093],[-108.9564,33.2075],[-109.0472,33.2089],[-109.0471,32.7778],[-108.8546,32.7773],[-108.8529,32.6034],[-108.6465,32.6037],[-108.6468,32.5165],[-108.537,32.5166],[-108.5369,32.2707],[-108.5377,32.0798],[-108.5246,32.0798],[-108.5245,31.8636],[-108.2171,31.8641],[-108.217,32.0799],[-108.23,32.0799],[-108.2293,32.5168],[-107.9238,32.5174],[-107.924,32.6044],[-107.6085,32.6054]]]},"properties":{"GEOID":"43500","NAME":"Silver City, NM","LSAD":"M2"}},
{"type":"Feature","geometry":{"type":"Polygon","coordinates":[[[-89.3428,35.8809],[-89.356,35.8176],[-89.3398,35.7907],[-89.3095,35.7729],[-89.2876,35.7732],[-89.2712,35.7549],[-89.2044,35.7472],[-89.1561,35.728],[-89.117,35.6992],[-89.0695,35.6927],[-89.0789,35.4314],[-88.8416,35.4278],[-88.842,35.3844],[-88.7982,35.3386],[-88.7818,35.2476],[-88.7198,35.2475],[-88.7071,35.2579],[-88.6893,35.3102],[-88.6601,35.3125],[-88.6631,35.3403],[-88.6411,35.3609],[-88.5718,35.3821],[-88.4872,35.3852],[-88.3626,35.381],[-88.364,35.4928],[-88.4146,35.4823],[-88.4224,35.4891],[-88.4691,35.4959],[-88.5054,35.512],[-88.5448,35.5491],[-88.5656,35.5871],[-88.6136,35.5881],[-88.6069,35.7894],[-88.7068,35.7911],[-88.6969,35.9598],[-88.6927,36.0627],[-88.7302,36.0798],[-88.7567,36.1084],[-88.8353,36.1209],[-88.8635,36.1377],[-88.8842,36.1676],[-88.9319,36.1936],[-88.9598,36.2228],[-88.9612,36.2016],[-89.1545,36.2047],[-89.1639,36.0262],[-89.2031,36.0162],[-89.1888,35.9998],[-89.2004,35.9704],[-89.2237,35.94],[-89.2501,35.9173],[-89.2673,35.9134],[-89.2801,35.8865],[-89.3428,35.8809]]]},"properties":{"GEOID":"27180","NAME":"Jackson, TN","LSAD":"M1"}},
{"type":"Feature","geometry":{"type":"Polygon","coordinates":[[[-124.0233,40.0013],[-123.98,39.9625],[-123.955,39.9224],[-123.93,39.9097],[-123.9077,39.863],[-123.8538,39.8341],[-123.8398,39.7956],[-123.8381,39.7524],[-123.8247,39.7181],[-123.7942,39.69],[-123.7823,39.6215],[-123.7886,39.6],[-123.7665,39.5528],[-123.7842,39.5094],[-123.8023,39.4869],[-123.8161,39.4446],[-123.8277,39.3484],[-123.8078,39.3289],[-123.7966,39.3013],[-123.8048,39.2897],[-123.789,39.2697],[-123.7774,39.2372],[-123.7714,39.1942],[-123.7379,39.1627],[-123.7359,39.1396],[-123.7202,39.1227],[-123.6932,39.0577],[-123.6907,39.0213],[-123.7111,38.9773],[-123.7291,38.9567],[-123.728,38.9194],[-123.7104,38.9149],[-123.6804,38.8826],[-123.6598,38.8725],[-123.6474,38.8455],[-123.6053,38.8228],[-123.5335,38.7684],[-123.497,38.7786],[-123.3682,38.7771],[-123.3684,38.8066],[-123.1363,38.8091],[-123.1366,38.8394],[-123.0812,38.8384],[-123.081,38.8524],[-122.8216,38.8501],[-122.84,38.866],[-122.9114,38.9015],[-122.9489,38.9002],[-122.9777,38.9467],[-122.9774,38.9829],[-122.9866,38.9973],[-123.028,38.9966],[-123.0562,39.0211],[-123.0561,39.0499],[-123.0651,39.0644],[-123.093,39.072],[-123.0942,39.0953],[-123.0781,39.1387],[-123.0778,39.1738],[-123.0458,39.1735],[-123.0127,39.2362],[-122.9948,39.2359],[-123.0045,39.2782],[-123.0196,39.278],[-123.0197,39.3218],[-123.0377,39.3362],[-123.0379,39.3639],[-123.0571,39.3787],[-123.0563,39.4076],[-123.0751,39.4077],[-123.0731,39.4527],[-123.063,39.4525],[-123.0632,39.5035],[-123.0252,39.5187],[-122.9367,39.5164],[-122.9367,39.5307],[-122.8903,39.529],[-122.8854,39.5801],[-122.8904,39.6229],[-122.8927,39.7089],[-122.9129,39.7087],[-122.9125,39.7482],[-122.9384,39.7481],[-122.9377,39.7982],[-122.9467,39.8335],[-122.9599,39.845],[-122.9506,39.8691],[-122.9501,39.9077],[-122.9202,39.9172],[-122.934,39.9781],[-123.3322,39.9773],[-123.5446,39.977],[-123.5445,40.0019],[-124.0233,40.0013]]]},"properties":{"GEOID":"46380","NAME":"Ukiah, CA","LSAD":"M2"}},
{"type":"Feature","geometry":{"type":"Polygon","coordinates":[[[-81.9838,36.5083],[-82.0089,36.4895],[-82.0385,36.4861],[-82.0781,36.4576],[-82.099,36.459],[-82.1881,36.4006],[-82.2519,36.4201],[-82.2886,36.3952],[-82.3694,36.4031],[-82.405,36.4365],[-82.4384,36.4456],[-82.6018,36.4235],[-82.658,36.4387],[-82.7026,36.4104],[-82.6318,36.4188],[-82.6296,36.4115],[-82.6478,36.1464],[-82.5772,36.0784],[-82.6029,36.0398],[-82.6151,36.0003],[-82.6042,35.9873],[-82.6109,35.9674],[-82.5497,35.9643],[-82.5055,35.9777],[-82.4607,36.0078],[-82.4095,36.0834],[-82.3552,36.1156],[-82.3368,36.1149],[-82.2895,36.1357],[-82.2475,36.1309],[-82.2049,36.1571],[-82.1768,36.1422],[-82.1479,36.1495],[-82.1306,36.1064],[-82.0797,36.1065],[-82.0541,36.1268],[-82.0331,36.1204],[-81.933,36.2648],[-81.98,36.288],[-81.9968,36.3297],[-82.0166,36.333],[-82.0421,36.3628],[-82.0325,36.3894],[-82.0032,36.4248],[-81.9515,36.4739],[-81.9838,36.5083]]]},"properties":{"GEOID":"27740","NAME":"Johnson City, TN","LSAD":"M1"}},
{"type":"Feature","geometry":{"type":"Polygon","coordinates":[[[-87.6806,37.1492],[-87.711,37.0215],[-87.7649,36.9747],[-87.8581,36.9507],[-87.8907,36.9601],[-88.0027,36.9102],[-88.1573,36.8672],[-88.1295,36.8063],[-88.1108,36.7472],[-88.086,36.7157],[-88.0721,36.6877],[-88.0682,36.6597],[-88.0451,36.6029],[-88.0325,36.5407],[-88.0378,36.5139],[-88.0533,36.4971],[-88.0585,36.4392],[-88.036,36.4203],[-87.9909,36.3601],[-87.9457,36.3535],[-87.9112,36.3395],[-87.8616,36.3299],[-87.8218,36.3287],[-87.7563,36.343],[-87.7155,36.3682],[-87.5924,36.3677],[-87.587,36.3418],[-87.5135,36.3347],[-87.3272,36.3159],[-87.2865,36.3219],[-87.2805,36.3545],[-87.2634,36.3543],[-87.2498,36.378],[-87.2151,36.3959],[-87.2056,36.4095],[-87.1794,36.4066],[-87.1713,36.4276],[-87.1287,36.462],[-87.1161,36.5392],[-87.1413,36.5549],[-87.1298,36.5723],[-87.115,36.6424],[-87.336,36.6415],[-87.3187,36.743],[-87.2594,37.0724],[-87.2806,37.0769],[-87.2843,37.108],[-87.3131,37.1133],[-87.3295,37.135],[-87.3337,37.1572],[-87.3747,37.1337],[-87.4852,37.1269],[-87.5216,37.1053],[-87.6223,37.1352],[-87.6501,37.1471],[-87.6806,37.1492]]]},"properties":{"GEOID":"17300","NAME":"Clarksville, TN-KY","LSAD":"M1"}},
{"type":"Feature","geometry":{"type":"Polygon","coordinates":[[[-94.7199,32.9045],[-94.7559,32.9184],[-94.7903,32.9622],[-94.8198,32.9829],[-94.8148,33.1253],[-94.8088,33.3636],[-94.8302,33.3828],[-94.8687,33.3833],[-94.8868,33.3971],[-94.9267,33.3838],[-95.0047,33.3954],[-95.0193,33.382],[-95.0742,33.3859],[-95.0933,33.3976],[-95.1255,33.3895],[-95.1245,33.2572],[-95.1261,33.0346],[-95.1475,33.0209],[-95.1522,32.9903],[-95.1521,32.9026],[-94.9004,32.9026],[-94.7199,32.9045]]]},"properties":{"GEOID":"34420","NAME":"Mount Pleasant, TX","LSAD":"M2"}},
{"type":"Feature","geometry":{"type":"Polygon","coordinates":[[[-117.6673,34.8225],[-117.6671,34.5579],[-117.6604,34.5579],[-117.6597,34.4516],[-117.6464,34.2892],[-117.6785,34.162],[-117.7358,34.0186],[-117.7677,34.0235],[-117.8025,33.9756],[-117.7936,33.9538],[-117.7325,33.9103],[-117.6793,33.8776],[-117.5808,33.7695],[-117.5364,33.7577],[-117.534,33.7104],[-117.4746,33.7038],[-117.4139,33.6577],[-117.5102,33.534],[-117.5097,33.505],[-117.3643,33.505],[-117.3709,33.4905],[-117.2422,33.449],[-117.2413,33.432],[-117.1409,33.4326],[-117.0309,33.4269],[-116.8571,33.4266],[-116.5184,33.4269],[-116.1978,33.4289],[-116.0852,33.4259],[-115.8769,33.4265],[-115.4675,33.4284],[-115.0577,33.4286],[-114.8308,33.4301],[-114.8309,33.4337],[-114.6271,33.4336],[-114.6229,33.4566],[-114.5916,33.4994],[-114.561,33.5167],[-114.5589,33.5318],[-114.5246,33.5522],[-114.5406,33.5914],[-114.5221,33.6113],[-114.5332,33.6484],[-114.524,33.6859],[-114.4965,33.6969],[-114.4966,33.7192],[-114.5123,33.7342],[-114.5071,33.7679],[-114.528,33.815],[-114.52,33.8254],[-114.5306,33.8554],[-114.5043,33.8769],[-114.5236,33.8936],[-114.5115,33.9111],[-114.5346,33.9254],[-114.522,33.9556],[-114.4999,33.9618],[-114.4383,34.0226],[-114.4342,34.0874],[-114.4159,34.1076],[-114.3665,34.1186],[-114.3481,34.1345],[-114.3246,34.1368],[-114.2873,34.1705],[-114.2541,34.1738],[-114.2297,34.1869],[-114.2259,34.2018],[-114.1665,34.2496],[-114.1312,34.2627],[-114.1383,34.3032],[-114.1572,34.3179],[-114.1769,34.3493],[-114.2261,34.3659],[-114.2643,34.4013],[-114.2868,34.4053],[-114.301,34.4268],[-114.3426,34.4514],[-114.3737,34.4469],[-114.3867,34.4579],[-114.3781,34.5073],[-114.3808,34.5297],[-114.4052,34.5696],[-114.4364,34.5968],[-114.451,34.6649],[-114.4737,34.714],[-114.5166,34.7367],[-114.5527,34.7669],[-114.571,34.7943],[-114.5868,34.8357],[-114.6307,34.8664],[-114.6368,34.8857],[-114.6298,34.9448],[-114.635,34.9589],[-114.6335,35.0019],[-114.7879,35.1273],[-115.084,35.3634],[-115.4061,35.6186],[-115.648,35.8096],[-115.7357,35.8091],[-115.7359,35.7936],[-116.0576,35.794],[-116.3401,35.794],[-116.9232,35.7954],[-117.3684,35.7952],[-117.6343,35.7973],[-117.6343,35.7098],[-117.6521,35.7099],[-117.6522,35.6808],[-117.6165,35.6807],[-117.6165,35.6516],[-117.6343,35.6516],[-117.6301,35.5643],[-117.6302,35.4514],[-117.6337,35.4345],[-117.6312,35.3524],[-117.6309,35.0976],[-117.6333,35.0976],[-117.6322,34.8223],[-117.6673,34.8225]]]},"properties":{"GEOID":"40140","NAME":"Riverside-San Bernardino-Ontario, CA","LSAD":"M1"}},
{"type":"Feature","geometry":{"type":"Polygon","coordinates":[[[-97.7785,28.668],[-97.7554,28.655],[-97.7321,28.6288],[-97.6966,28.5415],[-97.6466,28.5209],[-97.6265,28.5283],[-97.5771,28.5225],[-97.5539,28.5029],[-97.5539,28.4553],[-97.5179,28.432],[-97.4805,28.4339],[-97.4593,28.4075],[-97.4269,28.4117],[-97.3979,28.403],[-97.3756,28.3887],[-97.1616,28.5527],[-97.1276,28.5454],[-97.1046,28.5548],[-97.092,28.5383],[-97.0489,28.5485],[-97.0312,28.5416],[-97.0242,28.5241],[-96.9821,28.4996],[-96.9691,28.5052],[-96.9251,28.4884],[-96.9015,28.5096],[-96.891,28.5072],[-96.9058,28.5321],[-96.8951,28.5489],[-96.9038,28.567],[-96.9304,28.5867],[-96.8538,28.6352],[-96.7228,28.6698],[-96.6657,28.7057],[-96.6434,28.7121],[-96.6589,28.7197],[-96.6701,28.7612],[-96.6993,28.7781],[-96.6952,28.7917],[-96.7197,28.8172],[-96.7115,28.8514],[-96.73,28.8713],[-96.7337,28.889],[-96.7917,28.9183],[-96.8078,28.956],[-96.8112,28.9807],[-96.8321,29.0213],[-96.9386,29.0632],[-96.9764,29.104],[-97.0332,29.0643],[-97.3059,28.864],[-97.3124,28.8785],[-97.34,28.8956],[-97.3715,28.8993],[-97.4173,28.9252],[-97.7785,28.668]]]},"properties":{"GEOID":"47020","NAME":"Victoria, TX","LSAD":"M1"}},
{"type":"Feature","geometry":{"type":"Polygon","coordinates":[[[-78.4528,38.4755],[-78.4363,38.4547],[-78.4408,38.4097],[-78.4236,38.3827],[-78.4296,38.3667],[-78.3827,38.3182],[-78.3658,38.3174],[-78.3652,38.2924],[-78.3324,38.2716],[-78.2888,38.2727],[-78.2677,38.2637],[-78.2501,38.234],[-78.2211,38.2301],[-78.1921,38.2456],[-78.1534,38.282],[-78.123,38.2833],[-78.0771,38.3163],[-78.0399,38.3116],[-78.0308,38.3278],[-77.9957,38.3484],[-77.9754,38.3473],[-77.9237,38.3641],[-77.909,38.3815],[-77.8277,38.3822],[-77.7862,38.3747],[-77.7701,38.393],[-77.7028,38.3608],[-77.7268,38.3236],[-77.9536,38.1185],[-77.8362,38.1011],[-77.7785,38.0587],[-77.7478,38.0479],[-77.7129,38.0146],[-77.6875,38.0078],[-77.6425,37.9907],[-77.6262,38.0034],[-77.459,38.1607],[-77.3703,38.2466],[-77.35,38.2501],[-77.3393,38.3031],[-77.3215,38.3452],[-77.2871,38.3488],[-77.2961,38.3698],[-77.3173,38.3836],[-77.3107,38.3977],[-77.3263,38.4436],[-77.3084,38.4966],[-77.2828,38.5263],[-77.2766,38.5471],[-77.257,38.5612],[-77.2653,38.5803],[-77.2451,38.6207],[-77.2467,38.6352],[-77.2239,38.646],[-77.202,38.6177],[-77.1689,38.6255],[-77.1581,38.6369],[-77.1101,38.6334],[-77.1487,38.6056],[-77.1697,38.6069],[-77.2211,38.5552],[-77.2377,38.5519],[-77.2636,38.5123],[-77.2742,38.4818],[-77.2567,38.4304],[-77.2651,38.4135],[-77.2502,38.3828],[-77.2073,38.3599],[-77.1795,38.3685],[-77.1367,38.3918],[-77.1233,38.4106],[-77.0911,38.4075],[-77.0755,38.4247],[-77.0406,38.4446],[-77.0164,38.4456],[-76.9883,38.395],[-76.9836,38.363],[-76.9672,38.3416],[-76.9303,38.3231],[-76.9249,38.2907],[-76.9074,38.2885],[-76.8471,38.2562],[-76.8348,38.274],[-76.8516,38.316],[-76.8699,38.3318],[-76.8479,38.3554],[-76.8713,38.3776],[-76.8711,38.3901],[-76.8202,38.4351],[-76.7746,38.509],[-76.7108,38.5094],[-76.7001,38.4976],[-76.6659,38.4944],[-76.6543,38.4652],[-76.6084,38.4244],[-76.5341,38.3978],[-76.4912,38.3612],[-76.472,38.325],[-76.4192,38.3229],[-76.387,38.3613],[-76.3819,38.3864],[-76.4025,38.3944],[-76.4154,38.4147],[-76.4927,38.4828],[-76.5157,38.529],[-76.5163,38.5902],[-76.5113,38.6157],[-76.5324,38.6784],[-76.5283,38.7127],[-76.5356,38.7215],[-76.6159,38.7208],[-76.6229,38.7267],[-76.6231,38.7673],[-76.6467,38.7689],[-76.6733,38.7554],[-76.6993,38.7534],[-76.7144,38.7808],[-76.7123,38.8129],[-76.6964,38.8227],[-76.6919,38.8592],[-76.6766,38.876],[-76.6695,38.9044],[-76.6905,38.9248],[-76.6983,38.9836],[-76.7445,39.0171],[-76.7476,39.0334],[-76.7926,39.0462],[-76.8039,39.0624],[-76.8315,39.0692],[-76.8271,39.0898],[-76.8416,39.1059],[-76.869,39.1122],[-76.8844,39.127],[-76.9486,39.1296],[-76.9731,39.1618],[-77.0015,39.1705],[-77.0094,39.2067],[-77.0448,39.2377],[-77.0821,39.26],[-77.131,39.2691],[-77.1401,39.2921],[-77.1646,39.3075],[-77.1868,39.3382],[-77.1582,39.3735],[-77.1472,39.419],[-77.116,39.4603],[-77.1068,39.4917],[-77.1523,39.5325],[-77.1687,39.5337],[-77.1751,39.5599],[-77.2004,39.5787],[-77.23,39.5834],[-77.2508,39.6016],[-77.2998,39.6123],[-77.2915,39.6306],[-77.2713,39.642],[-77.2622,39.6652],[-77.2345,39.6776],[-77.243,39.695],[-77.217,39.72],[-77.4591,39.72],[-77.4691,39.72],[-77.5032,39.6892],[-77.4929,39.6764],[-77.5304,39.6317],[-77.5702,39.62],[-77.5977,39.5408],[-77.6135,39.5287],[-77.623,39.4999],[-77.6162,39.4684],[-77.637,39.4385],[-77.6402,39.4036],[-77.6516,39.3751],[-77.6734,39.3442],[-77.6772,39.3245],[-77.7274,39.3217],[-77.7558,39.3339],[-77.7459,39.3532],[-77.7533,39.3783],[-77.7363,39.3877],[-77.7531,39.4233],[-77.7928,39.4306],[-77.7861,39.4472],[-77.7956,39.4896],[-77.8252,39.4931],[-77.8475,39.4482],[-77.9309,39.3812],[-77.9471,39.3805],[-77.9885,39.3198],[-78.0181,39.2935],[-78.0332,39.2646],[-78.0501,39.2287],[-78.0679,39.2118],[-78.073,39.1783],[-78.107,39.1208],[-78.1037,39.1047],[-78.137,39.0744],[-78.1642,39.0179],[-78.3141,39.008],[-78.3164,38.9833],[-78.3348,38.9518],[-78.3004,38.9436],[-78.3383,38.891],[-78.3344,38.8814],[-78.3947,38.8228],[-78.3499,38.8067],[-78.3212,38.7895],[-78.2949,38.7841],[-78.2848,38.7593],[-78.3188,38.7379],[-78.3317,38.7026],[-78.3144,38.6825],[-78.3156,38.6516],[-78.3259,38.6307],[-78.3643,38.6099],[-78.3857,38.5827],[-78.3807,38.5617],[-78.4138,38.5472],[-78.4331,38.5266],[-78.4528,38.4755]]]},"properties":{"GEOID":"47900","NAME":"Washington-Arlington-Alexandria, DC-VA-MD-WV","LSAD":"M1"}},
{"type":"Feature","geometry":{"type":"Polygon","coordinates":[[[-66.9575,18.4893],[-66.9638,18.4554],[-66.939,18.4193],[-66.9478,18.4057],[-66.9219,18.3965],[-66.9204,18.3796],[-66.9017,18.3656],[-66.8547,18.3553],[-66.8242,18.343],[-66.8261,18.3234],[-66.7704,18.3206],[-66.7652,18.3321],[-66.7304,18.3495],[-66.7173,18.3157],[-66.6534,18.3273],[-66.607,18.3282],[-66.5908,18.3381],[-66.583,18.3632],[-66.5935,18.3994],[-66.5862,18.4151],[-66.5799,18.468],[-66.5868,18.4851],[-66.6214,18.4931],[-66.7002,18.4827],[-66.7099,18.472],[-66.7496,18.4769],[-66.781,18.4913],[-66.8371,18.4871],[-66.8663,18.4912],[-66.9016,18.4833],[-66.9575,18.4893]]]},"properties":{"GEOID":"11640","NAME":"Arecibo, PR","LSAD":"M1"}},
{"type":"Feature","geometry":{"type":"Polygon","coordinates":[[[-84.4438,31.9675],[-84.4452,31.9261],[-84.4533,31.9192],[-84.5998,31.9202],[-84.6031,31.772],[-84.5703,31.7607],[-84.5609,31.7328],[-84.5355,31.6818],[-84.5361,31.6461],[-84.5469,31.6212],[-84.4504,31.6213],[-84.4577,31.584],[-84.4549,31.5483],[-84.4238,31.4935],[-84.4125,31.4569],[-84.4243,31.4367],[-84.2116,31.4359],[-84.1378,31.4427],[-83.9978,31.4438],[-83.9994,31.335],[-83.7591,31.3322],[-83.7589,31.319],[-83.7141,31.3184],[-83.7139,31.3317],[-83.6541,31.3307],[-83.6518,31.4339],[-83.6667,31.4342],[-83.6658,31.4851],[-83.6506,31.4847],[-83.6494,31.568],[-83.6714,31.5718],[-83.67,31.5951],[-83.7015,31.6062],[-83.7188,31.622],[-83.7968,31.6229],[-83.7973,31.7607],[-83.8027,31.8036],[-83.8553,31.8199],[-83.8555,31.8372],[-83.8798,31.837],[-83.9246,31.8484],[-83.9341,31.8814],[-83.9225,31.9097],[-84.0108,31.9136],[-84.3381,31.9162],[-84.3386,31.8752],[-84.3587,31.8862],[-84.3834,31.9169],[-84.432,31.9515],[-84.4438,31.9675]]]},"properties":{"GEOID":"10500","NAME":"Albany, GA","LSAD":"M1"}},
{"type":"Feature","geometry":{"type":"Polygon","coordinates":[[[-91.7304,43.8469],[-91.7302,43.5007],[-91.2177,43.5005],[-91.2438,43.5491],[-91.2319,43.5818],[-91.2687,43.6153],[-91.2717,43.6549],[-91.2685,43.7098],[-91.2578,43.7257],[-90.9107,43.7253],[-90.9103,43.9203],[-90.9129,44.0715],[-91.1518,44.071],[-91.1519,44.0797],[-91.1982,44.0874],[-91.2294,44.0576],[-91.2674,44.0723],[-91.2842,44.0604],[-91.3075,44.0649],[-91.3401,44.0333],[-91.3438,44.018],[-91.3226,43.9845],[-91.4252,43.9843],[-91.406,43.9639],[-91.3647,43.9349],[-91.3574,43.9172],[-91.3206,43.8885],[-91.311,43.8674],[-91.2841,43.8471],[-91.7304,43.8469]]]},"properties":{"GEOID":"29100","NAME":"La Crosse-Onalaska, WI-MN","LSAD":"M1"}},
{"type":"Feature","geometry":{"type":"Polygon","coordinates":[[[-107.4817,37],[-107.4823,37.2504],[-107.4822,37.6395],[-107.9701,37.6396],[-108.0002,37.6143],[-108.0197,37.5849],[-108.0254,37.5397],[-108.0379,37.5032],[-108.0331,37.4649],[-108.053,37.4375],[-108.078,37.4389],[-108.1053,37.4056],[-108.1059,37.3821],[-108.173,37.3664],[-108.2033,37.3472],[-108.2197,37.2874],[-108.2614,37.235],[-108.2973,37.2132],[-108.2974,37.1712],[-108.2902,37.1542],[-108.3103,37.1293],[-108.3342,37.0559],[-108.3718,37.0212],[-108.3793,36.9995],[-108.2494,36.999],[-108.0006,37],[-107.7124,37],[-107.4817,37]]]},"properties":{"GEOID":"20420","NAME":"Durango, CO","LSAD":"M2"}},
{"type":"Feature","geometry":{"type":"Polygon","coordinates":[[[-81.9542,28.9601],[-81.9533,28.8785],[-81.9549,28.6424],[-81.9541,28.5807],[-81.9576,28.3452],[-81.8575,28.346],[-81.8576,28.3619],[-81.7909,28.3618],[-81.7907,28.3464],[-81.6573,28.3471],[-81.6572,28.2592],[-81.5575,28.2594],[-81.5241,28.201],[-81.5242,28.1428],[-81.4562,28.1432],[-81.4558,28.0849],[-81.3464,28.0847],[-81.365,28.0682],[-81.3637,28.0378],[-81.394,28.028],[-81.428,28.0393],[-81.4434,28.0592],[-81.4588,28.0401],[-81.4403,28.0339],[-81.42,28.0018],[-81.387,28.0036],[-81.3765,27.9783],[-81.3367,27.9496],[-81.3414,27.9325],[-81.3087,27.9219],[-81.3149,27.9012],[-81.2971,27.8596],[-81.2608,27.847],[-81.2465,27.8488],[-81.2144,27.8286],[-81.1963,27.7908],[-81.1808,27.7737],[-81.1688,27.7263],[-81.146,27.7105],[-81.1443,27.6697],[-81.131,27.6593],[-81.1422,27.6432],[-81.0229,27.642],[-80.8731,27.6423],[-80.8738,27.7339],[-80.8801,27.7337],[-80.8816,27.8225],[-80.8689,27.8225],[-80.87,27.9826],[-80.8693,28.0847],[-80.8629,28.0847],[-80.8614,28.2522],[-80.8628,28.3472],[-80.8896,28.3923],[-80.885,28.4109],[-80.8983,28.4318],[-80.8945,28.467],[-80.8734,28.4822],[-80.8857,28.5103],[-80.9372,28.5364],[-80.93,28.5632],[-80.9531,28.6011],[-80.9872,28.613],[-81.011,28.6681],[-81.0166,28.693],[-81.0372,28.7254],[-81.0611,28.75],[-81.0531,28.7736],[-81.0674,28.813],[-81.1057,28.8285],[-81.1379,28.7913],[-81.1776,28.7859],[-81.2137,28.8042],[-81.2257,28.8325],[-81.3206,28.8346],[-81.3415,28.8471],[-81.3607,28.8725],[-81.3541,28.8985],[-81.353,28.9462],[-81.3681,28.9554],[-81.3547,28.9848],[-81.373,28.9931],[-81.4029,29.0325],[-81.4322,29.0444],[-81.4605,29.0783],[-81.4592,29.0942],[-81.5021,29.0978],[-81.5045,29.1237],[-81.5326,29.1776],[-81.5609,29.2002],[-81.5931,29.199],[-81.6147,29.2065],[-81.6193,29.2286],[-81.634,29.2448],[-81.6419,29.2768],[-81.6387,29.0478],[-81.6592,29.0478],[-81.6587,28.9603],[-81.8422,28.961],[-81.9542,28.9601]]]},"properties":{"GEOID":"36740","NAME":"Orlando-Kissimmee-Sanford, FL","LSAD":"M1"}},
{"type":"Feature","geometry":{"type":"Polygon","coordinates":[[[-81.8701,34.1354],[-81.9003,34.095],[-81.9158,34.091],[-81.9461,34.0389],[-81.9893,33.9981],[-82.0083,33.9616],[-81.932,33.9769],[-81.8946,33.9754],[-81.8704,33.892],[-81.8368,33.8665],[-81.8238,33.8673],[-81.7766,33.846],[-81.6518,33.8145],[-81.5715,33.8773],[-81.5467,33.8585],[-81.5335,33.8321],[-81.5027,33.808],[-81.4592,33.7952],[-81.4317,33.769],[-81.418,33.7345],[-81.3932,33.7269],[-81.3667,33.7285],[-81.3115,33.7087],[-81.2859,33.6931],[-81.244,33.6795],[-81.1873,33.6529],[-81.0847,33.696],[-81.0429,33.7071],[-80.9655,33.6253],[-80.944,33.6436],[-80.9398,33.6088],[-80.9197,33.6055],[-80.8809,33.6196],[-80.8079,33.6041],[-80.6941,33.5219],[-80.696,33.5098],[-80.659,33.471],[-80.6113,33.4704],[-80.6247,33.4989],[-80.5882,33.5386],[-80.6015,33.5562],[-80.5523,33.5654],[-80.5112,33.5384],[-80.4963,33.5585],[-80.5152,33.5747],[-80.5216,33.6165],[-80.5404,33.628],[-80.5652,33.6797],[-80.5898,33.6842],[-80.6153,33.7118],[-80.6288,33.7402],[-80.6111,33.7515],[-80.5977,33.7775],[-80.6161,33.8343],[-80.6328,33.8503],[-80.6196,33.8787],[-80.6341,33.9173],[-80.6207,33.9359],[-80.6158,33.9655],[-80.6411,33.9833],[-80.641,33.9994],[-80.601,34.0394],[-80.6142,34.0636],[-80.6365,34.083],[-80.6044,34.1017],[-80.5801,34.0999],[-80.4799,34.1687],[-80.4646,34.1786],[-80.4308,34.227],[-80.431,34.2766],[-80.4205,34.2931],[-80.382,34.3052],[-80.353,34.3033],[-80.3638,34.3395],[-80.3261,34.3442],[-80.2887,34.3641],[-80.2886,34.3662],[-80.2855,34.3937],[-80.3263,34.4374],[-80.3276,34.4978],[-80.3722,34.5465],[-80.3834,34.5922],[-80.4084,34.6148],[-80.5506,34.5601],[-80.5435,34.5374],[-80.5244,34.5131],[-80.5489,34.4933],[-80.5761,34.4894],[-80.5958,34.5021],[-80.6136,34.4999],[-80.6584,34.4786],[-80.6891,34.5153],[-80.7092,34.5051],[-80.7132,34.4875],[-80.7342,34.4813],[-80.7433,34.5399],[-80.8792,34.4578],[-80.8972,34.4917],[-80.8817,34.5001],[-80.8775,34.5431],[-81.0049,34.548],[-81.06,34.5532],[-81.2451,34.5638],[-81.4227,34.572],[-81.4275,34.5295],[-81.4232,34.4944],[-81.4129,34.4679],[-81.4212,34.4538],[-81.3948,34.3871],[-81.3715,34.3504],[-81.3665,34.3258],[-81.3422,34.2969],[-81.3423,34.2669],[-81.3169,34.2395],[-81.3523,34.1967],[-81.3748,34.179],[-81.4037,34.1779],[-81.4372,34.13],[-81.3882,34.0793],[-81.4147,34.0742],[-81.4657,34.0876],[-81.5025,34.0739],[-81.5389,34.0817],[-81.5953,34.1185],[-81.6199,34.1247],[-81.637,34.1462],[-81.6727,34.156],[-81.6915,34.1729],[-81.7316,34.1876],[-81.7439,34.1792],[-81.7936,34.1693],[-81.8389,34.1722],[-81.8534,34.1801],[-81.8758,34.1682],[-81.8701,34.1354]]]},"properties":{"GEOID":"17900","NAME":"Columbia, SC","LSAD":"M1"}},
{"type":"Feature","geometry":{"type":"Polygon","coordinates":[[[-87.0095,39.8667],[-87.0145,39.4736],[-86.94,39.4733],[-86.7623,39.4702],[-86.6322,39.4702],[-86.6308,39.3408],[-86.4651,39.3383],[-86.3814,39.3398],[-86.3799,39.2511],[-86.3724,39.2509],[-86.3692,39.1119],[-86.3701,39.0484],[-86.3181,39.0488],[-86.1724,39.0486],[-86.0803,39.0503],[-86.079,39.0796],[-86.0856,39.3442],[-85.8709,39.3493],[-85.6845,39.35],[-85.6306,39.3502],[-85.6293,39.4528],[-85.6328,39.6562],[-85.6335,39.7862],[-85.5969,39.7865],[-85.5967,39.8729],[-85.5768,39.8728],[-85.5762,40.0771],[-85.5756,40.2076],[-85.5786,40.3795],[-85.8623,40.3784],[-85.8602,40.3057],[-85.8619,40.2189],[-86.2427,40.2158],[-86.2424,40.1808],[-86.4503,40.1769],[-86.6958,40.1787],[-86.6951,39.8648],[-87.0095,39.8667]]]},"properties":{"GEOID":"26900","NAME":"Indianapolis-Carmel-Anderson, IN","LSAD":"M1"}},
{"type":"Feature","geometry":{"type":"Polygon","coordinates":[[[-124.2116,41.9985],[-124.2034,41.941],[-124.2084,41.8882],[-124.2196,41.8464],[-124.2376,41.8042],[-124.255,41.7782],[-124.2007,41.7451],[-124.1647,41.7401],[-124.1435,41.7093],[-124.1356,41.6573],[-124.101,41.6025],[-124.1011,41.5692],[-124.082,41.5478],[-124.0814,41.5112],[-124.0655,41.4647],[-123.8857,41.4658],[-123.7706,41.4642],[-123.7702,41.3808],[-123.6614,41.3821],[-123.6389,41.4074],[-123.6486,41.4208],[-123.622,41.4326],[-123.6116,41.4616],[-123.6355,41.4813],[-123.6528,41.5394],[-123.6829,41.5432],[-123.6939,41.557],[-123.6813,41.5867],[-123.7191,41.5953],[-123.711,41.615],[-123.6799,41.637],[-123.6896,41.6694],[-123.6671,41.6917],[-123.6619,41.726],[-123.6783,41.7385],[-123.69,41.8032],[-123.7038,41.8291],[-123.6507,41.8595],[-123.6428,41.8894],[-123.6139,41.8809],[-123.5924,41.9053],[-123.5654,41.9031],[-123.5543,41.9298],[-123.5333,41.9552],[-123.5378,41.9824],[-123.5179,42.0008],[-123.624,41.9998],[-123.6572,41.9951],[-123.7282,41.9971],[-123.822,41.9956],[-123.9992,41.9961],[-124.2116,41.9985]]]},"properties":{"GEOID":"18860","NAME":"Crescent City, CA","LSAD":"M2"}},
{"type":"Feature","geometry":{"type":"Polygon","coordinates":[[[-85.2642,35.9792],[-85.2655,35.9658],[-85.2427,35.913],[-85.2225,35.8774],[-85.2541,35.7656],[-85.1034,35.7699],[-85.085,35.7605],[-85.0411,35.7718],[-85.0288,35.7463],[-84.9285,35.7685],[-84.9161,35.7619],[-84.7979,35.825],[-84.7819,35.825],[-84.729,35.8588],[-84.7062,35.8961],[-84.6806,35.9085],[-84.7207,35.9949],[-84.7919,36.0594],[-84.8049,36.0886],[-84.8324,36.084],[-84.8709,36.1369],[-84.9078,36.1563],[-84.9328,36.1463],[-84.959,36.1478],[-84.9732,36.1596],[-85.0003,36.1508],[-85.0286,36.1705],[-85.0817,36.1328],[-85.1002,36.1386],[-85.1317,36.1282],[-85.1527,36.0995],[-85.2358,36.1058],[-85.2464,36.1007],[-85.2433,36.0549],[-85.2514,36.0405],[-85.2642,35.9792]]]},"properties":{"GEOID":"18900","NAME":"Crossville, TN","LSAD":"M2"}},
{"type":"Feature","geometry":{"type":"Polygon","coordinates":[[[-77.8645,40.0616],[-77.8767,40.0547],[-77.921,40.0005],[-77.9378,39.9489],[-77.9751,39.8718],[-78.0027,39.8266],[-78.0991,39.7223],[-77.7241,39.7209],[-77.4691,39.72],[-77.4591,39.72],[-77.4632,39.8205],[-77.4711,39.9441],[-77.4541,39.9724],[-77.4954,40.0051],[-77.5078,40.029],[-77.5325,40.0487],[-77.543,40.0896],[-77.5629,40.1193],[-77.6086,40.1531],[-77.6275,40.1886],[-77.605,40.2055],[-77.6162,40.2326],[-77.6399,40.2177],[-77.6566,40.2706],[-77.6718,40.2898],[-77.703,40.2636],[-77.7242,40.2501],[-77.7683,40.2041],[-77.7964,40.1668],[-77.8594,40.0652],[-77.8645,40.0616]]]},"properties":{"GEOID":"16540","NAME":"Chambersburg-Waynesboro, PA","LSAD":"M1"}},
{"type":"Feature","geometry":{"type":"Polygon","coordinates":[[[-120.0071,47.2201],[-120.0037,47.1844],[-120.0106,47.1613],[-120.0021,47.1262],[-120.0276,47.1053],[-120.0429,47.0735],[-120.0112,47.0394],[-120.0011,46.9936],[-119.9661,46.9437],[-119.9646,46.8572],[-119.9275,46.8171],[-119.9274,46.7984],[-119.9431,46.7747],[-119.97,46.755],[-119.973,46.7371],[-119.9727,46.7232],[-119.9464,46.6759],[-119.9015,46.6356],[-119.874,46.6283],[-119.8224,46.6261],[-119.751,46.6357],[-119.7111,46.6488],[-119.6592,46.6403],[-119.6255,46.6447],[-119.5817,46.6699],[-119.5166,46.7276],[-119.4858,46.7157],[-119.4499,46.6862],[-119.3692,46.6782],[-119.3694,46.7377],[-119.3687,46.9126],[-118.9827,46.9113],[-118.9798,47.2617],[-118.976,47.6991],[-118.9735,47.9434],[-118.9822,47.962],[-119.1039,47.9618],[-119.1256,47.9468],[-119.1259,47.9173],[-119.1474,47.9027],[-119.1906,47.9025],[-119.2122,47.8877],[-119.2124,47.8007],[-119.2339,47.8007],[-119.2342,47.772],[-119.2559,47.7717],[-119.2558,47.7425],[-119.2986,47.7283],[-119.2988,47.6704],[-119.3201,47.6702],[-119.3203,47.6268],[-119.3418,47.6124],[-119.4052,47.6126],[-119.5329,47.5278],[-119.5336,47.4412],[-119.8758,47.4375],[-119.8758,47.4083],[-119.9187,47.3934],[-119.9189,47.3645],[-119.9831,47.3204],[-120.0047,47.32],[-120.0071,47.2201]]]},"properties":{"GEOID":"34180","NAME":"Moses Lake, WA","LSAD":"M2"}},
{"type":"Feature","geometry":{"type":"Polygon","coordinates":[[[-83.2806,36.3947],[-83.2645,36.3448],[-83.2737,36.3191],[-83.2553,36.2891],[-83.2342,36.2818],[-83.2003,36.307],[-83.1808,36.3121],[-83.1825,36.3362],[-83.1655,36.3422],[-83.1517,36.3182],[-83.0823,36.2423],[-83.0735,36.2421],[-83.0317,36.2767],[-83.0215,36.2697],[-82.9919,36.2884],[-82.9676,36.3164],[-82.9423,36.3319],[-82.9161,36.3286],[-82.8851,36.3534],[-82.8408,36.3705],[-82.815,36.3639],[-82.7797,36.3882],[-82.7515,36.3858],[-82.7269,36.4045],[-82.7026,36.4104],[-82.658,36.4387],[-82.6018,36.4235],[-82.4384,36.4456],[-82.405,36.4365],[-82.3694,36.4031],[-82.2886,36.3952],[-82.2519,36.4201],[-82.1881,36.4006],[-82.099,36.459],[-82.0781,36.4576],[-82.0385,36.4861],[-82.0089,36.4895],[-81.9838,36.5083],[-81.9641,36.5324],[-81.9294,36.5543],[-81.928,36.5679],[-81.8751,36.5883],[-81.8738,36.6001],[-81.8267,36.6142],[-81.6276,36.6116],[-81.6109,36.617],[-81.6996,36.7893],[-81.8371,36.929],[-81.8853,36.8895],[-81.9459,36.8646],[-81.9919,36.8768],[-82.0777,36.8551],[-82.1079,36.8354],[-82.1133,36.7969],[-82.191,36.7744],[-82.3082,36.7269],[-82.3321,36.709],[-82.3564,36.7799],[-82.4066,36.8764],[-82.4088,36.8851],[-82.6177,36.8808],[-82.647,36.8673],[-82.657,36.8451],[-82.7063,36.8229],[-82.7481,36.8326],[-82.7716,36.8],[-82.7896,36.7774],[-82.8088,36.7728],[-82.8296,36.7475],[-82.8234,36.7336],[-82.8798,36.7097],[-82.9476,36.6759],[-82.9851,36.5937],[-82.8304,36.5938],[-82.884,36.5732],[-82.9505,36.543],[-82.9608,36.5552],[-83.0108,36.5637],[-83.1038,36.5217],[-83.1672,36.4713],[-83.1621,36.4616],[-83.2001,36.4484],[-83.1939,36.4243],[-83.2228,36.4102],[-83.2806,36.3947]]]},"properties":{"GEOID":"28700","NAME":"Kingsport-Bristol, TN-VA","LSAD":"M1"}},
{"type":"Feature","geometry":{"type":"Polygon","coordinates":[[[-87.6159,31.2445],[-87.6154,30.9974],[-87.5989,30.9975],[-87.255,30.9983],[-87.2377,30.9964],[-87.1408,30.9995],[-86.7857,30.997],[-86.6883,30.9946],[-86.7002,31.0004],[-86.7003,31.1922],[-86.721,31.1835],[-86.7387,31.1946],[-86.7658,31.1926],[-86.7636,31.2218],[-86.7723,31.2501],[-86.7651,31.2607],[-86.9225,31.2618],[-87.1636,31.2607],[-87.4892,31.2601],[-87.5259,31.247],[-87.559,31.2274],[-87.6159,31.2445]]]},"properties":{"GEOID":"12120","NAME":"Atmore, AL","LSAD":"M2"}},
{"type":"Feature","geometry":{"type":"Polygon","coordinates":[[[-74.9148,39.1776],[-74.8872,39.1588],[-74.8925,39.1132],[-74.9037,39.0874],[-74.9383,39.0352],[-74.9554,39.0013],[-74.972,38.9404],[-74.9336,38.9285],[-74.8507,38.9545],[-74.7872,39.001],[-74.7985,39.0262],[-74.7712,39.0325],[-74.7374,39.0749],[-74.7059,39.1029],[-74.7141,39.1146],[-74.6714,39.1798],[-74.6193,39.2404],[-74.58,39.2706],[-74.5605,39.2778],[-74.5487,39.3011],[-74.5934,39.3085],[-74.618,39.2935],[-74.6617,39.2978],[-74.6996,39.2894],[-74.7316,39.2986],[-74.7523,39.295],[-74.7838,39.3072],[-74.8253,39.3054],[-74.8613,39.3238],[-74.8821,39.3084],[-74.8964,39.2351],[-74.922,39.2247],[-74.9257,39.2013],[-74.9148,39.1776]]]},"properties":{"GEOID":"36140","NAME":"Ocean City, NJ","LSAD":"M1"}},
{"type":"Feature","geometry":{"type":"Polygon","coordinates":[[[-112.9847,47.9539],[-112.9516,47.9448],[-112.9126,47.9464],[-112.8849,47.9854],[-112.8967,48.019],[-112.9357,48.0352],[-112.9378,48.0609],[-112.9818,48.0738],[-113.0006,48.1307],[-113.0306,48.1333],[-113.0683,48.1484],[-113.0904,48.1366],[-113.1239,48.1381],[-113.1419,48.1534],[-113.185,48.1715],[-113.2079,48.1644],[-113.2307,48.182],[-113.2376,48.2106],[-113.2277,48.2358],[-113.2498,48.2552],[-113.275,48.2594],[-113.298,48.2843],[-113.3226,48.2877],[-113.3743,48.3239],[-113.386,48.3407],[-113.3392,48.3713],[-113.3564,48.4241],[-113.3816,48.4171],[-113.4135,48.4209],[-113.4808,48.4597],[-113.4666,48.4745],[-113.4737,48.5048],[-113.4674,48.5476],[-113.5103,48.5598],[-113.5471,48.5848],[-113.6005,48.575],[-113.6413,48.6006],[-113.6636,48.5856],[-113.7079,48.5947],[-113.7505,48.6143],[-113.7456,48.6528],[-113.7259,48.6715],[-113.7405,48.6929],[-113.7131,48.6994],[-113.7029,48.7199],[-113.7149,48.7426],[-113.7616,48.7733],[-113.7728,48.8008],[-113.7569,48.8183],[-113.8184,48.8482],[-113.8655,48.8473],[-113.875,48.8373],[-113.9105,48.8486],[-113.9187,48.835],[-113.9569,48.8175],[-114.0041,48.8331],[-113.993,48.8541],[-114.0311,48.8799],[-114.0189,48.903],[-114.0248,48.9334],[-114.0475,48.9364],[-114.0471,48.9626],[-114.0682,48.9989],[-114.376,49.0014],[-114.7271,49.0006],[-114.7246,48.9798],[-114.685,48.9734],[-114.7188,48.9387],[-114.7033,48.9035],[-114.7106,48.8909],[-114.6894,48.8639],[-114.6921,48.8418],[-114.7227,48.8316],[-114.7325,48.8093],[-114.6901,48.8011],[-114.6486,48.7794],[-114.6192,48.7426],[-114.6791,48.7243],[-114.6913,48.7089],[-114.6924,48.6801],[-114.639,48.6589],[-114.8886,48.6585],[-114.8887,48.5735],[-114.8498,48.5735],[-114.8481,48.2261],[-115.0201,48.226],[-115.0197,48.1391],[-115.0101,48.1391],[-115.0107,48.0031],[-114.9894,48.0031],[-114.9893,47.8728],[-114.8611,47.8758],[-114.6046,47.8756],[-114.6045,47.7899],[-114.4773,47.7899],[-114.4775,47.8754],[-114.4921,47.8754],[-114.4922,47.962],[-114.0385,47.9626],[-114.039,47.9875],[-114.0621,47.994],[-114.0783,48.0231],[-114.029,48.0517],[-113.8845,48.0519],[-113.8592,48.0255],[-113.8554,47.9961],[-113.8329,47.9764],[-113.8139,47.9832],[-113.7723,47.958],[-113.7472,47.953],[-113.7185,47.9167],[-113.672,47.8963],[-113.6749,47.8658],[-113.6675,47.8189],[-113.6817,47.8052],[-113.6527,47.7738],[-113.6595,47.7353],[-113.6335,47.7193],[-113.6039,47.7214],[-113.5981,47.6832],[-113.6227,47.6587],[-113.6341,47.6],[-113.4665,47.6001],[-113.3258,47.6002],[-113.3258,47.5955],[-113.1444,47.5955],[-113.1285,47.661],[-113.1464,47.6765],[-113.1658,47.7198],[-113.138,47.7458],[-113.081,47.7499],[-113.0665,47.7762],[-113.06,47.8081],[-113.0693,47.8292],[-113.0582,47.8425],[-113.0633,47.8856],[-113.0925,47.8961],[-113.0866,47.9182],[-113.0221,47.9271],[-113.0138,47.9415],[-112.9847,47.9539]]]},"properties":{"GEOID":"28060","NAME":"Kalispell, MT","LSAD":"M2"}},
{"type":"Feature","geometry":{"type":"Polygon","coordinates":[[[-91.8153,30.8481],[-92.1011,30.85],[-92.2126,30.8486],[-92.2114,30.7932],[-92.1723,30.7679],[-92.1725,30.6739],[-92.2005,30.6562],[-92.2116,30.6169],[-92.2115,30.5681],[-92.2624,30.5683],[-92.2627,30.5387],[-92.415,30.5388],[-92.4494,30.5342],[-92.4593,30.5247],[-92.4646,30.495],[-92.4933,30.4805],[-92.2448,30.4802],[-92.2442,30.4367],[-92.1764,30.4369],[-92.1758,30.3497],[-92.1586,30.3499],[-92.1585,30.3208],[-92.1422,30.2988],[-92.0854,30.3395],[-92.0833,30.3606],[-92.0561,30.3782],[-92.0251,30.3611],[-92.0158,30.3714],[-91.9887,30.3696],[-91.9782,30.4074],[-91.9657,30.4104],[-91.9369,30.3947],[-91.8693,30.4172],[-91.8127,30.3943],[-91.6943,30.4017],[-91.7226,30.4523],[-91.7365,30.4515],[-91.7562,30.4981],[-91.7328,30.5203],[-91.757,30.5626],[-91.7514,30.6037],[-91.741,30.6325],[-91.7464,30.6588],[-91.7328,30.668],[-91.734,30.7034],[-91.7579,30.741],[-91.7563,30.7601],[-91.7688,30.7854],[-91.8073,30.8111],[-91.7985,30.829],[-91.8153,30.8481]]]},"properties":{"GEOID":"36660","NAME":"Opelousas, LA","LSAD":"M2"}},
{"type":"Feature","geometry":{"type":"Polygon","coordinates":[[[-94.7806,44.4567],[-94.7492,44.4498],[-94.7262,44.4338],[-94.6943,44.4259],[-94.6688,44.3943],[-94.6447,44.3976],[-94.6266,44.3845],[-94.6007,44.386],[-94.547,44.3647],[-94.4917,44.3523],[-94.4614,44.3324],[-94.4121,44.2736],[-94.3717,44.2644],[-94.3688,44.1087],[-94.369,43.848],[-94.2471,43.8479],[-93.7678,43.848],[-93.768,44.1958],[-93.768,44.2394],[-94.0191,44.2395],[-94.011,44.2768],[-93.9911,44.2955],[-93.9598,44.3073],[-93.9327,44.3449],[-93.962,44.3659],[-93.9279,44.4454],[-93.9296,44.4567],[-94.2507,44.4566],[-94.573,44.4559],[-94.7806,44.4567]]]},"properties":{"GEOID":"31860","NAME":"Mankato, MN","LSAD":"M1"}},
{"type":"Feature","geometry":{"type":"Polygon","coordinates":[[[-122.1523,37.2861],[-122.1528,37.2154],[-122.2426,37.2151],[-122.2427,37.19],[-122.3177,37.1869],[-122.3118,37.1475],[-122.293,37.1073],[-122.2238,37.0257],[-122.1835,36.9984],[-122.1088,36.9582],[-122.0656,36.9485],[-122.0265,36.9518],[-122.0234,36.9622],[-121.9728,36.9542],[-121.9301,36.9782],[-121.9065,36.969],[-121.8623,36.9316],[-121.8106,36.8506],[-121.787,36.885],[-121.7725,36.8838],[-121.7456,36.9092],[-121.71,36.9153],[-121.6806,36.9033],[-121.6621,36.9141],[-121.644,36.894],[-121.6295,36.9117],[-121.6074,36.8995],[-121.5815,36.9003],[-121.5812,36.9193],[-121.6072,36.9261],[-121.6248,36.9405],[-121.6458,36.9323],[-121.6648,36.9637],[-121.6981,36.9726],[-121.7362,37.0153],[-121.7549,37.0485],[-121.8091,37.0693],[-121.824,37.0876],[-121.8506,37.0985],[-121.9107,37.1133],[-121.9632,37.1332],[-122.0262,37.1669],[-122.0475,37.2049],[-122.1042,37.2343],[-122.1216,37.2586],[-122.1523,37.2861]]]},"properties":{"GEOID":"42100","NAME":"Santa Cruz-Watsonville, CA","LSAD":"M1"}},
{"type":"Feature","geometry":{"type":"Polygon","coordinates":[[[-80.5191,40.1597],[-80.5192,39.9622],[-80.4753,39.9521],[-80.4613,39.9674],[-80.4348,39.9775],[-80.3958,39.9792],[-80.3691,39.9972],[-80.3211,40.0056],[-80.2874,40.0192],[-80.2666,40.0017],[-80.2415,40.0095],[-80.1903,40.0018],[-80.1769,40.0081],[-80.1295,39.9884],[-80.0864,39.9904],[-80.0603,40.0095],[-80.0507,39.9896],[-80.018,39.9775],[-79.9951,39.9495],[-79.9536,39.9515],[-79.9249,39.9239],[-79.9296,39.9077],[-79.9153,39.8803],[-79.9306,39.8671],[-79.9206,39.8134],[-79.9087,39.7938],[-79.9344,39.7813],[-79.9301,39.7571],[-79.9039,39.7378],[-79.9162,39.7209],[-79.4767,39.7211],[-79.3925,39.7214],[-79.3986,39.7583],[-79.3917,39.778],[-79.3688,39.8015],[-79.3657,39.8205],[-79.3815,39.8363],[-79.4176,39.8538],[-79.3988,39.9005],[-79.2939,40.0404],[-79.2674,40.0657],[-79.2561,40.0883],[-79.2267,40.0983],[-79.2209,40.1127],[-79.168,40.1282],[-79.1609,40.1611],[-79.1407,40.1633],[-79.1141,40.2106],[-79.0561,40.2849],[-79.02,40.3356],[-79.0103,40.3402],[-78.9738,40.3954],[-78.9871,40.411],[-79.0166,40.4203],[-79.0585,40.3809],[-79.083,40.3896],[-79.1022,40.3689],[-79.1558,40.4118],[-79.1912,40.4152],[-79.2726,40.4391],[-79.3013,40.4352],[-79.3031,40.4616],[-79.3539,40.4517],[-79.3945,40.456],[-79.4295,40.4886],[-79.4538,40.4843],[-79.4597,40.5167],[-79.2152,40.776],[-79.2153,40.9113],[-79.2102,41.0491],[-79.2304,41.0459],[-79.2858,41.0093],[-79.3192,41.0018],[-79.366,41.0008],[-79.3855,40.9898],[-79.4203,41.004],[-79.4246,40.989],[-79.4593,40.9821],[-79.4885,40.9954],[-79.5224,40.975],[-79.5728,40.9853],[-79.6012,40.9693],[-79.6243,40.9787],[-79.6059,40.9944],[-79.5993,41.0303],[-79.6659,41.0493],[-79.6565,41.0649],[-79.6762,41.0846],[-79.6813,41.1063],[-79.6815,41.1629],[-79.695,41.1729],[-79.9998,41.1719],[-80.0471,41.1206],[-80.0983,41.0711],[-80.1665,41.0009],[-80.1585,40.8551],[-80.519,40.8513],[-80.519,40.6388],[-80.519,40.3421],[-80.5191,40.1597]]]},"properties":{"GEOID":"38300","NAME":"Pittsburgh, PA","LSAD":"M1"}},
{"type":"Feature","geometry":{"type":"Polygon","coordinates":[[[-86.0577,34.476],[-86.1104,34.4278],[-86.1061,34.2008],[-85.9839,34.1993],[-85.8436,34.2],[-85.8438,34.2446],[-85.8084,34.2394],[-85.809,34.2589],[-85.7742,34.2591],[-85.6753,34.3434],[-85.6642,34.3619],[-85.6361,34.3669],[-85.6114,34.4055],[-85.5795,34.4402],[-85.5768,34.4844],[-85.5444,34.5001],[-85.5137,34.5242],[-85.5273,34.5887],[-85.5614,34.7501],[-85.5831,34.8604],[-85.6271,34.8319],[-85.6343,34.7987],[-85.6602,34.755],[-85.693,34.7443],[-85.7855,34.6246],[-85.9385,34.5254],[-85.9623,34.4998],[-86.0038,34.48],[-86.0577,34.476]]]},"properties":{"GEOID":"22840","NAME":"Fort Payne, AL","LSAD":"M2"}},
{"type":"Feature","geometry":{"type":"Polygon","coordinates":[[[-86.7857,30.997],[-86.7939,30.6259],[-86.7956,30.6172],[-86.7995,30.3872],[-86.7386,30.3934],[-86.6251,30.3966],[-86.5202,30.3866],[-86.5061,30.3823],[-86.4439,30.3832],[-86.3642,30.3745],[-86.2636,30.3551],[-86.09,30.3036],[-85.9959,30.2691],[-85.9927,30.3893],[-85.9819,30.4295],[-85.9528,30.4442],[-85.9162,30.4385],[-85.878,30.4668],[-85.8668,30.4876],[-85.8871,30.528],[-85.8798,30.5562],[-85.8902,30.5786],[-85.9128,30.5961],[-85.9152,30.637],[-85.8692,30.6642],[-85.8756,30.6798],[-85.8631,30.703],[-86.0376,30.7046],[-86.035,30.9933],[-86.1872,30.994],[-86.3693,30.9945],[-86.5199,30.9932],[-86.5634,30.9952],[-86.6883,30.9946],[-86.7857,30.997]]]},"properties":{"GEOID":"18880","NAME":"Crestview-Fort Walton Beach-Destin, FL","LSAD":"M1"}},
{"type":"Feature","geometry":{"type":"Polygon","coordinates":[[[-79.4987,37.5328],[-79.578,37.5807],[-79.5741,37.5961],[-79.6836,37.6618],[-79.6718,37.6743],[-79.6888,37.7347],[-79.6742,37.7631],[-79.8167,37.801],[-79.8453,37.7823],[-79.8671,37.7487],[-79.8903,37.7381],[-79.9157,37.7038],[-79.9417,37.699],[-79.9546,37.6858],[-80.0206,37.6474],[-80.0327,37.6603],[-80.0875,37.6267],[-80.1052,37.6225],[-80.1444,37.5966],[-80.1684,37.6154],[-80.2052,37.6163],[-80.221,37.6278],[-80.2589,37.5955],[-80.3285,37.5643],[-80.3124,37.5462],[-80.2998,37.5083],[-80.4257,37.4499],[-80.4728,37.4238],[-80.4361,37.3397],[-80.4309,37.3164],[-80.3515,37.3492],[-80.3248,37.3688],[-80.2622,37.3415],[-80.2583,37.3084],[-80.1907,37.2278],[-80.1777,37.1331],[-80.1781,37.1134],[-80.1625,37.1092],[-80.1253,37.1225],[-80.1082,37.078],[-80.1228,37.0565],[-80.1118,37.0459],[-80.1126,37.0138],[-80.1337,37.0061],[-80.1439,36.9802],[-80.1361,36.9635],[-80.1833,36.9415],[-80.1989,36.9015],[-80.2355,36.8721],[-80.0667,36.8416],[-80.0727,36.8233],[-80.0415,36.7944],[-80.0132,36.7837],[-79.9998,36.8307],[-79.8021,36.7921],[-79.7868,36.8007],[-79.7638,36.7923],[-79.738,36.8118],[-79.691,36.8288],[-79.6692,36.8278],[-79.6407,36.8561],[-79.6062,37.0001],[-79.5941,37.0422],[-79.5923,37.0507],[-79.6224,37.0786],[-79.6512,37.1267],[-79.678,37.1552],[-79.7029,37.1494],[-79.7183,37.1897],[-79.7577,37.19],[-79.7766,37.2026],[-79.7799,37.2315],[-79.8182,37.2262],[-79.833,37.216],[-79.8584,37.2672],[-79.8478,37.2785],[-79.8442,37.3177],[-79.7887,37.3494],[-79.7922,37.3808],[-79.8142,37.4037],[-79.7562,37.4254],[-79.7116,37.4548],[-79.6901,37.4764],[-79.6588,37.485],[-79.6172,37.458],[-79.5937,37.4489],[-79.5674,37.4877],[-79.5456,37.4895],[-79.5189,37.5084],[-79.4987,37.5328]]]},"properties":{"GEOID":"40220","NAME":"Roanoke, VA","LSAD":"M1"}},
{"type":"Feature","geometry":{"type":"Polygon","coordinates":[[[-85.2981,39.5255],[-85.2976,39.4533],[-85.2965,39.2683],[-85.2179,39.3085],[-85.0651,39.3101],[-85.0912,39.1726],[-85.1403,38.9032],[-84.9295,38.901],[-84.8712,38.9017],[-84.8002,38.8911],[-84.7883,38.8643],[-84.8234,38.8392],[-84.8271,38.8186],[-84.8116,38.7928],[-84.8378,38.7849],[-84.8873,38.7948],[-84.933,38.7775],[-84.9919,38.7785],[-85.0234,38.7621],[-84.9627,38.6796],[-84.9345,38.6621],[-84.9056,38.6694],[-84.8721,38.6898],[-84.8447,38.6968],[-84.8305,38.7115],[-84.7858,38.7205],[-84.7743,38.6186],[-84.6823,38.5606],[-84.6362,38.5028],[-84.6267,38.4851],[-84.5805,38.473],[-84.5574,38.4929],[-84.5214,38.5083],[-84.4853,38.5086],[-84.4763,38.5427],[-84.4526,38.531],[-84.4278,38.5389],[-84.4003,38.5606],[-84.2053,38.582],[-84.2113,38.5509],[-84.1676,38.559],[-84.1467,38.5498],[-84.1144,38.5711],[-84.0908,38.5954],[-84.0503,38.6026],[-84.025,38.5917],[-83.9916,38.5937],[-83.9039,38.7682],[-83.859,38.7568],[-83.8406,38.7219],[-83.7836,38.6956],[-83.7722,38.6582],[-83.7053,38.6398],[-83.703,38.6843],[-83.673,39.0204],[-83.8722,39.0213],[-83.8674,39.1421],[-83.8657,39.2473],[-84.0075,39.2551],[-83.977,39.5694],[-84.2857,39.5896],[-84.4792,39.591],[-84.4789,39.5688],[-84.6321,39.5674],[-84.815,39.5677],[-84.8141,39.7266],[-84.9695,39.7268],[-85.0344,39.7293],[-85.0346,39.7148],[-85.0361,39.5262],[-85.2981,39.5255]]]},"properties":{"GEOID":"17140","NAME":"Cincinnati, OH-KY-IN","LSAD":"M1"}},
{"type":"Feature","geometry":{"type":"Polygon","coordinates":[[[-87.3169,38.2461],[-87.317,38.2018],[-87.4667,38.2013],[-87.4673,38.1654],[-87.6884,38.1684],[-87.6882,38.201],[-87.7997,38.2019],[-87.7992,38.2286],[-87.9837,38.2304],[-87.984,38.2091],[-87.9699,38.1918],[-87.9405,38.1749],[-87.9106,38.1666],[-87.9455,38.1266],[-87.9695,38.1307],[-87.9753,38.1101],[-88.0167,38.0973],[-88.0047,38.084],[-87.9605,38.0991],[-87.9672,38.0671],[-88.0013,38.0515],[-88.0326,38.0517],[-88.0341,38.032],[-88.0126,37.9771],[-88.0368,37.9568],[-88.0134,37.8949],[-88.0554,37.8912],[-88.0862,37.9057],[-88.095,37.8937],[-88.0594,37.8487],[-88.0333,37.8419],[-88.033,37.8244],[-88.09,37.8168],[-88.0597,37.8012],[-88.0376,37.8099],[-87.9445,37.7753],[-87.9349,37.7952],[-87.9068,37.8076],[-87.9149,37.8496],[-87.9362,37.8679],[-87.9384,37.8908],[-87.9271,37.9017],[-87.8152,37.7626],[-87.7905,37.7543],[-87.7727,37.7667],[-87.7556,37.7278],[-87.7548,37.6713],[-87.7345,37.6384],[-87.4953,37.6475],[-87.4728,37.6649],[-87.413,37.6747],[-87.3985,37.6981],[-87.3941,37.724],[-87.3708,37.7378],[-87.3208,37.7425],[-87.2902,37.7606],[-87.3074,37.8152],[-87.3234,37.8192],[-87.3029,37.8977],[-87.269,37.878],[-87.2679,37.9252],[-87.23,37.9661],[-87.1528,38.0236],[-87.1454,38.0588],[-87.1243,38.0439],[-87.0979,38.0593],[-87.0752,38.0964],[-87.0703,38.1181],[-87.0175,38.1183],[-87.0175,38.2036],[-87.0731,38.2038],[-87.0731,38.2326],[-87.1998,38.231],[-87.2984,38.2317],[-87.3169,38.2461]]]},"properties":{"GEOID":"21780","NAME":"Evansville, IN-KY","LSAD":"M1"}},
{"type":"Feature","geometry":{"type":"Polygon","coordinates":[[[-95.8464,33.84],[-95.8545,33.8237],[-95.8577,33.4617],[-95.8198,33.464],[-95.7675,33.4948],[-95.7336,33.4866],[-95.7044,33.4867],[-95.6716,33.4726],[-95.6207,33.4869],[-95.5658,33.4771],[-95.527,33.4459],[-95.4737,33.4481],[-95.4232,33.4158],[-95.3998,33.4098],[-95.3732,33.3924],[-95.3086,33.3807],[-95.3105,33.5318],[-95.3104,33.8774],[-95.3625,33.8666],[-95.4409,33.8664],[-95.4726,33.8803],[-95.5333,33.8812],[-95.5509,33.893],[-95.5545,33.9281],[-95.5967,33.9421],[-95.6268,33.9079],[-95.6601,33.9101],[-95.6848,33.8902],[-95.7105,33.885],[-95.733,33.8959],[-95.7564,33.8926],[-95.7614,33.8732],[-95.7516,33.8611],[-95.7706,33.8453],[-95.8008,33.8612],[-95.8217,33.8566],[-95.8282,33.8361],[-95.8464,33.84]]]},"properties":{"GEOID":"37580","NAME":"Paris, TX","LSAD":"M2"}},
{"type":"Feature","geometry":{"type":"Polygon","coordinates":[[[-92.8554,37.8957],[-93.0724,37.9026],[-93.1826,37.9042],[-93.1879,37.8027],[-93.299,37.8049],[-93.5741,37.8133],[-93.5732,37.828],[-93.6284,37.8294],[-93.6324,37.7423],[-93.6095,37.7418],[-93.6204,37.4563],[-93.6258,37.282],[-93.6051,37.2815],[-93.6101,36.9958],[-93.3375,36.9925],[-93.342,36.8173],[-93.3044,36.8169],[-92.9093,36.8092],[-92.9033,37.0707],[-92.6859,37.0671],[-92.679,37.2631],[-92.6923,37.2635],[-92.6867,37.4815],[-92.8535,37.484],[-92.8463,37.721],[-92.8599,37.7212],[-92.8554,37.8957]]]},"properties":{"GEOID":"44180","NAME":"Springfield, MO","LSAD":"M1"}},
{"type":"Feature","geometry":{"type":"Polygon","coordinates":[[[-86.8248,41.7602],[-86.5242,41.7595],[-86.2261,41.76],[-86.2239,41.8702],[-86.2229,42.0715],[-86.2236,42.2434],[-86.3643,42.2431],[-86.4041,42.1964],[-86.4852,42.1182],[-86.5165,42.0601],[-86.5531,42.0062],[-86.5822,41.9422],[-86.6218,41.8919],[-86.6844,41.8402],[-86.7772,41.7847],[-86.8248,41.7602]]]},"properties":{"GEOID":"35660","NAME":"Niles, MI","LSAD":"M1"}},
{"type":"Feature","geometry":{"type":"Polygon","coordinates":[[[-96.0759,32.3575],[-96.4524,32.3587],[-96.4291,32.3322],[-96.3829,32.3289],[-96.331,32.3035],[-96.2909,32.2892],[-96.2846,32.2636],[-96.2647,32.2522],[-96.2343,32.2504],[-96.2294,32.2362],[-96.1895,32.2023],[-96.1765,32.1814],[-96.1453,32.1528],[-96.1127,32.1568],[-96.1024,32.1423],[-96.1147,32.1265],[-96.1178,32.095],[-96.0995,32.0813],[-96.066,32.0858],[-96.0665,32.0378],[-96.0548,32.0125],[-96.0528,32.0059],[-95.743,32.0431],[-95.4285,32.0845],[-95.4523,32.1077],[-95.4599,32.1356],[-95.4798,32.1519],[-95.4626,32.2018],[-95.4863,32.2254],[-95.4676,32.2466],[-95.4513,32.295],[-95.4587,32.3284],[-95.4492,32.3552],[-95.6256,32.3554],[-96.0759,32.3575]]]},"properties":{"GEOID":"11980","NAME":"Athens, TX","LSAD":"M2"}},
{"type":"Feature","geometry":{"type":"Polygon","coordinates":[[[-95.1534,32.5701],[-95.1891,32.5466],[-95.2187,32.5632],[-95.2383,32.5607],[-95.2543,32.5754],[-95.2743,32.5739],[-95.3322,32.6043],[-95.3618,32.6067],[-95.3819,32.5985],[-95.4197,32.6091],[-95.4691,32.6056],[-95.5109,32.6203],[-95.5243,32.6437],[-95.5942,32.6846],[-95.5943,32.4799],[-95.5556,32.455],[-95.5397,32.4334],[-95.5016,32.4092],[-95.4704,32.3688],[-95.4492,32.3552],[-95.4587,32.3284],[-95.4513,32.295],[-95.4676,32.2466],[-95.4863,32.2254],[-95.4626,32.2018],[-95.4798,32.1519],[-95.4599,32.1356],[-95.3425,32.1356],[-94.9853,32.138],[-94.9869,32.5372],[-94.9985,32.5219],[-95.0839,32.5425],[-95.0844,32.553],[-95.1354,32.548],[-95.1534,32.5701]]]},"properties":{"GEOID":"46340","NAME":"Tyler, TX","LSAD":"M1"}},
{"type":"Feature","geometry":{"type":"Polygon","coordinates":[[[-90.4394,41.064],[-90.4443,40.7149],[-89.9861,40.7124],[-89.9855,40.9611],[-89.9846,41.1494],[-90.2088,41.1521],[-90.4377,41.1515],[-90.4394,41.064]]]},"properties":{"GEOID":"23660","NAME":"Galesburg, IL","LSAD":"M2"}},
{"type":"Feature","geometry":{"type":"Polygon","coordinates":[[[-123.3616,45.7796],[-123.361,45.7087],[-123.4847,45.7088],[-123.4851,45.6793],[-123.4438,45.6651],[-123.4233,45.6362],[-123.3802,45.6358],[-123.3807,45.622],[-123.3405,45.6222],[-123.3403,45.6075],[-123.32,45.5787],[-123.3611,45.5788],[-123.3611,45.5499],[-123.402,45.5501],[-123.422,45.5214],[-123.4427,45.5211],[-123.4411,45.4913],[-123.4612,45.4916],[-123.4649,45.4333],[-123.4623,45.3382],[-123.4635,45.2163],[-123.7845,45.2163],[-123.784,45.0767],[-123.7244,45.0762],[-123.5022,45.0751],[-123.0687,45.0749],[-122.9964,45.118],[-123.0281,45.1413],[-123.0073,45.1595],[-123.0229,45.2015],[-123.0393,45.2219],[-122.9991,45.2241],[-123.0008,45.2593],[-122.9637,45.2848],[-122.9473,45.2675],[-122.9212,45.2682],[-122.8994,45.2567],[-122.8672,45.253],[-122.8348,45.2738],[-122.7848,45.2739],[-122.7848,45.2596],[-122.7414,45.259],[-122.7519,45.2425],[-122.7454,45.216],[-122.7633,45.1679],[-122.7855,45.1276],[-122.75,45.1079],[-122.6965,45.0547],[-122.6585,45.0359],[-122.5955,45.0196],[-122.5925,44.9889],[-122.5674,44.9826],[-122.5598,44.9652],[-122.5081,44.9196],[-122.4862,44.9227],[-122.4415,44.904],[-122.3996,44.9041],[-122.401,44.8857],[-122.2113,44.8857],[-121.7342,44.8857],[-121.7156,44.9],[-121.7473,44.9146],[-121.7626,44.9412],[-121.7798,44.9352],[-121.8001,44.9765],[-121.8057,45.0061],[-121.7707,45.0398],[-121.7378,45.0336],[-121.7108,45.0559],[-121.6833,45.068],[-121.6587,45.0664],[-121.6526,45.102],[-121.667,45.1205],[-121.708,45.1341],[-121.7486,45.1918],[-121.7482,45.2051],[-121.7156,45.2109],[-121.6863,45.2333],[-121.6965,45.2579],[-121.6801,45.2902],[-121.7047,45.3405],[-121.7005,45.3785],[-121.7242,45.3936],[-121.7762,45.4027],[-121.8069,45.4353],[-121.8068,45.4546],[-121.8637,45.4928],[-121.8748,45.5158],[-121.9066,45.5211],[-121.9169,45.5467],[-121.9033,45.5549],[-121.9181,45.5872],[-121.922,45.6492],[-121.9019,45.6707],[-121.8672,45.6933],[-121.8113,45.7068],[-121.7351,45.694],[-121.6684,45.7051],[-121.6312,45.7047],[-121.5331,45.7265],[-121.5237,45.7249],[-121.5228,45.7472],[-121.5381,45.7709],[-121.6092,45.7825],[-121.6125,45.8704],[-121.6122,46.0441],[-121.5223,46.044],[-121.5223,46.3882],[-121.9894,46.3886],[-122.241,46.3854],[-122.242,46.2116],[-122.2467,46.2006],[-122.2459,46.0539],[-122.2692,46.0596],[-122.2944,46.0492],[-122.325,45.9998],[-122.3327,45.9651],[-122.3751,45.9601],[-122.3985,45.9725],[-122.4422,45.9758],[-122.4788,45.9879],[-122.523,45.9841],[-122.5574,45.9538],[-122.578,45.9547],[-122.6157,45.9357],[-122.6693,45.937],[-122.6893,45.9291],[-122.7209,45.9319],[-122.739,45.9153],[-122.7342,45.8858],[-122.7432,45.8701],[-122.7733,45.8574],[-122.7981,45.8843],[-122.8115,45.9127],[-122.8062,45.9324],[-122.814,45.961],[-122.8376,45.9808],[-122.8562,46.0145],[-122.8781,46.0313],[-122.8845,46.0603],[-122.9041,46.0837],[-122.9627,46.1048],[-123.0042,46.1338],[-123.105,46.1777],[-123.1159,46.1853],[-123.1664,46.189],[-123.2131,46.1725],[-123.2802,46.1448],[-123.3637,46.1463],[-123.3674,46.0395],[-123.3596,46.0394],[-123.3616,45.7796]]]},"properties":{"GEOID":"38900","NAME":"Portland-Vancouver-Hillsboro, OR-WA","LSAD":"M1"}},
{"type":"Feature","geometry":{"type":"Polygon","coordinates":[[[-87.2669,33.5129],[-87.285,33.4858],[-87.3292,33.4927],[-87.3356,33.4563],[-87.3144,33.4417],[-87.2844,33.4406],[-87.232,33.3951],[-87.232,33.3659],[-87.1976,33.3581],[-87.18,33.343],[-87.1796,33.3211],[-87.162,33.3066],[-87.1271,33.306],[-87.1268,33.2908],[-87.0875,33.2907],[-87.0658,33.2759],[-87.0766,33.2468],[-87.1041,33.2215],[-87.1219,33.2358],[-87.1521,33.2325],[-87.1992,33.1966],[-87.1993,33.1307],[-87.2819,33.1331],[-87.3116,33.0939],[-87.3185,33.0062],[-87.4219,33.0034],[-87.4212,32.8745],[-87.3195,32.8751],[-87.3192,32.8315],[-87.2333,32.8322],[-87.2237,32.8351],[-87.0192,32.837],[-87.0178,32.7295],[-87.0177,32.6633],[-86.9176,32.6642],[-86.8166,32.6601],[-86.7134,32.6617],[-86.7142,32.7057],[-86.4131,32.7074],[-86.4133,32.7506],[-86.375,32.7536],[-86.3967,32.7629],[-86.4134,32.7882],[-86.457,32.8139],[-86.4607,32.8335],[-86.4469,32.854],[-86.4787,32.8727],[-86.4905,32.9056],[-86.516,32.9294],[-86.5182,32.9705],[-86.5106,32.9854],[-86.5223,33.0044],[-86.5166,33.0232],[-86.5201,33.057],[-86.506,33.0677],[-86.5121,33.0859],[-86.491,33.1029],[-86.4599,33.1251],[-86.483,33.1483],[-86.5031,33.1791],[-86.4861,33.2019],[-86.461,33.2029],[-86.4665,33.2245],[-86.458,33.2414],[-86.4326,33.2443],[-86.4244,33.2606],[-86.4341,33.2755],[-86.3933,33.2754],[-86.3576,33.2985],[-86.3681,33.3417],[-86.3435,33.3492],[-86.3529,33.3725],[-86.3785,33.3872],[-86.3478,33.4097],[-86.3231,33.4445],[-86.3085,33.4536],[-86.2809,33.5108],[-86.2533,33.4888],[-86.2353,33.4945],[-86.2266,33.5206],[-86.1898,33.5472],[-86.2086,33.5599],[-86.2198,33.5828],[-86.1988,33.6128],[-86.1695,33.6192],[-86.1724,33.6598],[-86.2008,33.6768],[-86.2006,33.6947],[-86.1761,33.6961],[-86.1709,33.6793],[-86.1456,33.6791],[-86.1374,33.7154],[-86.044,33.7636],[-86.0644,33.7978],[-86.0514,33.8241],[-86.0653,33.8422],[-86.0731,33.8658],[-86.0974,33.8614],[-86.1191,33.9001],[-86.1418,33.9011],[-86.1461,33.9171],[-86.1667,33.9282],[-86.1681,33.9652],[-86.1926,33.9736],[-86.1988,33.9888],[-86.2302,33.9828],[-86.2513,33.9659],[-86.2744,33.9886],[-86.29,33.9837],[-86.3256,33.9401],[-86.3495,33.9573],[-86.3327,33.9861],[-86.3324,34.0465],[-86.3035,34.0991],[-86.409,34.205],[-86.453,34.2593],[-86.4871,34.2602],[-86.5196,34.2518],[-86.524,34.2261],[-86.5382,34.2242],[-86.5567,34.1931],[-86.55,34.1813],[-86.574,34.1654],[-86.5998,34.1217],[-86.6208,34.1222],[-86.6534,34.1072],[-86.6688,34.0838],[-86.7044,34.0813],[-86.7097,34.029],[-86.7613,33.9954],[-86.764,33.9742],[-86.8201,33.9575],[-86.8553,33.9397],[-86.8852,33.9341],[-86.8866,33.9169],[-86.9257,33.9074],[-86.9198,33.8846],[-86.9323,33.8673],[-86.9634,33.8582],[-86.9543,33.8449],[-86.9538,33.8008],[-86.9709,33.7865],[-87.006,33.7872],[-87.0233,33.7727],[-87.0234,33.7436],[-87.0406,33.729],[-87.0398,33.6854],[-87.0573,33.6855],[-87.0578,33.6564],[-87.0927,33.6569],[-87.0927,33.6279],[-87.1445,33.6282],[-87.1444,33.6134],[-87.1794,33.6138],[-87.1969,33.5993],[-87.2046,33.5788],[-87.1969,33.5624],[-87.21,33.5387],[-87.2341,33.5394],[-87.2489,33.515],[-87.2669,33.5129]]]},"properties":{"GEOID":"13820","NAME":"Birmingham-Hoover, AL","LSAD":"M1"}},
{"type":"Feature","geometry":{"type":"Polygon","coordinates":[[[-97.9034,48.0866],[-97.9036,48.0209],[-97.8821,48.0208],[-97.8823,47.6722],[-97.4727,47.6721],[-96.8868,47.6721],[-96.8754,47.6287],[-96.8571,47.6108],[-96.8533,47.5795],[-96.8684,47.5658],[-96.8499,47.5525],[-96.8695,47.5288],[-96.8491,47.499],[-96.4945,47.499],[-96.1133,47.4992],[-95.7516,47.4991],[-95.5542,47.4999],[-95.5534,47.6736],[-95.5788,47.6737],[-95.5822,47.934],[-95.7096,47.9358],[-95.7091,47.8486],[-95.8368,47.8482],[-95.8372,47.7609],[-96.2025,47.7596],[-96.3517,47.7603],[-96.3527,47.8473],[-96.4821,47.8474],[-96.4826,48.0217],[-96.5009,48.0217],[-96.5008,48.1741],[-96.8906,48.1731],[-97.1464,48.1732],[-97.1412,48.1937],[-97.514,48.1947],[-97.9033,48.1948],[-97.9034,48.0866]]]},"properties":{"GEOID":"24220","NAME":"Grand Forks, ND-MN","LSAD":"M1"}},
{"type":"Feature","geometry":{"type":"Polygon","coordinates":[[[-81.2316,38.2635],[-81.315,38.1805],[-81.331,38.1686],[-81.3808,37.9691],[-81.4136,37.974],[-81.4361,37.9681],[-81.4628,37.99],[-81.4869,37.9817],[-81.5076,37.9882],[-81.5393,37.9708],[-81.5715,37.9278],[-81.5538,37.8943],[-81.5676,37.8675],[-81.5608,37.8414],[-81.5469,37.828],[-81.5199,37.8211],[-81.5142,37.7912],[-81.4639,37.786],[-81.4277,37.7493],[-81.3217,37.5978],[-81.3038,37.5464],[-81.2221,37.5104],[-81.2,37.5403],[-81.1989,37.5755],[-81.1352,37.5978],[-81.0946,37.5887],[-81.0642,37.6113],[-81.0682,37.6409],[-81.0276,37.6586],[-81.0217,37.6696],[-80.9889,37.6858],[-80.9771,37.7145],[-80.947,37.7154],[-80.9148,37.7032],[-80.8823,37.6808],[-80.8987,37.7293],[-80.9233,37.7422],[-80.8943,37.7668],[-80.944,37.8194],[-80.8063,37.8689],[-80.7488,37.8651],[-80.8109,37.9491],[-80.7699,37.9853],[-80.8004,38.0269],[-80.8195,38.0649],[-80.8402,38.0528],[-80.8761,38.0638],[-80.8884,38.0769],[-80.8786,38.1134],[-80.9012,38.1225],[-80.9498,38.168],[-80.9441,38.1937],[-80.9835,38.2225],[-81.0113,38.2119],[-81.0507,38.2133],[-81.0951,38.2049],[-81.1334,38.2352],[-81.1587,38.2261],[-81.1859,38.2365],[-81.2316,38.2635]]]},"properties":{"GEOID":"13220","NAME":"Beckley, WV","LSAD":"M1"}},
{"type":"Feature","geometry":{"type":"Polygon","coordinates":[[[-86.5242,41.7595],[-86.5267,41.6504],[-86.4876,41.6493],[-86.4864,41.5705],[-86.4982,41.561],[-86.5036,41.5195],[-86.5249,41.5197],[-86.5247,41.4329],[-86.4666,41.433],[-86.4671,41.4765],[-86.2817,41.4787],[-86.0595,41.4792],[-86.0626,41.7605],[-85.7913,41.7591],[-85.7859,41.7773],[-85.7602,41.7988],[-85.7601,41.8966],[-85.7629,42.0693],[-85.9354,42.0696],[-86.2229,42.0715],[-86.2239,41.8702],[-86.2261,41.76],[-86.5242,41.7595]]]},"properties":{"GEOID":"43780","NAME":"South Bend-Mishawaka, IN-MI","LSAD":"M1"}},
{"type":"Feature","geometry":{"type":"Polygon","coordinates":[[[-83.5091,36.9385],[-83.5895,36.9558],[-83.5667,36.9324],[-83.5811,36.9047],[-83.6098,36.8963],[-83.6424,36.8662],[-83.6826,36.8549],[-83.6918,36.8389],[-83.738,36.8088],[-83.7812,36.8027],[-83.7963,36.7726],[-83.8289,36.7433],[-83.8394,36.714],[-83.8719,36.7096],[-83.8786,36.6803],[-83.9573,36.6422],[-83.9324,36.6189],[-83.9308,36.5877],[-83.6907,36.5826],[-83.6495,36.6167],[-83.6145,36.634],[-83.5773,36.6418],[-83.5319,36.665],[-83.4939,36.6701],[-83.461,36.6649],[-83.4595,36.6974],[-83.5009,36.7335],[-83.4858,36.7833],[-83.5117,36.8074],[-83.4817,36.8491],[-83.4939,36.8635],[-83.4943,36.9196],[-83.5091,36.9385]]]},"properties":{"GEOID":"33180","NAME":"Middlesborough, KY","LSAD":"M2"}},
{"type":"Feature","geometry":{"type":"Polygon","coordinates":[[[-120.5417,37.0445],[-120.5281,37.0126],[-120.5138,37.011],[-120.4995,36.982],[-120.4838,36.971],[-120.4752,36.9393],[-120.4503,36.9112],[-120.4668,36.8922],[-120.4562,36.8629],[-120.4007,36.8224],[-120.3791,36.8172],[-120.3691,36.7848],[-120.3242,36.7863],[-120.2897,36.7696],[-120.2727,36.7741],[-120.2292,36.7697],[-120.2175,36.7887],[-120.1888,36.7764],[-120.1687,36.8035],[-120.1043,36.8134],[-120.0795,36.8253],[-120.0281,36.8145],[-119.9899,36.8382],[-119.9435,36.834],[-119.9278,36.8485],[-119.8348,36.8525],[-119.8187,36.8481],[-119.7852,36.8856],[-119.7727,36.9186],[-119.7527,36.9244],[-119.7416,36.9439],[-119.7405,36.9702],[-119.6908,37.012],[-119.6586,37.0133],[-119.6594,37.0389],[-119.6393,37.0433],[-119.6207,37.0271],[-119.6049,37.071],[-119.5684,37.0636],[-119.559,37.0881],[-119.5376,37.1051],[-119.5672,37.1159],[-119.5594,37.1436],[-119.5235,37.1293],[-119.517,37.1471],[-119.4901,37.1386],[-119.4931,37.1238],[-119.4706,37.1106],[-119.4626,37.1442],[-119.4349,37.147],[-119.4087,37.1612],[-119.3865,37.1495],[-119.3606,37.1805],[-119.3306,37.2058],[-119.3353,37.3118],[-119.3156,37.3258],[-119.3122,37.3527],[-119.2867,37.3749],[-119.0224,37.5857],[-119.0344,37.6035],[-119.0326,37.6305],[-119.0614,37.6578],[-119.0652,37.6846],[-119.0931,37.7036],[-119.1243,37.7339],[-119.1985,37.7367],[-119.2163,37.7141],[-119.269,37.7392],[-119.2884,37.745],[-119.2934,37.7679],[-119.309,37.778],[-119.5836,37.5603],[-119.5842,37.4947],[-119.615,37.4947],[-119.6155,37.4615],[-119.6512,37.4614],[-119.6512,37.4178],[-119.7618,37.4171],[-120.0521,37.1831],[-120.1033,37.1677],[-120.2273,37.1634],[-120.2767,37.152],[-120.3633,37.1197],[-120.3849,37.1246],[-120.4063,37.1112],[-120.4767,37.0964],[-120.5417,37.0445]]]},"properties":{"GEOID":"31460","NAME":"Madera, CA","LSAD":"M1"}},
{"type":"Feature","geometry":{"type":"Polygon","coordinates":[[[-104.0245,32],[-104.057,31.6305],[-104.0708,31.4689],[-104.1024,31.1052],[-103.9633,31.0137],[-103.8421,30.9354],[-103.5851,30.7665],[-103.3754,30.9872],[-103.1741,31.2008],[-103.011,31.3713],[-103.056,31.3844],[-103.0676,31.3651],[-103.1425,31.3654],[-103.1812,31.3702],[-103.2477,31.3929],[-103.267,31.4276],[-103.2806,31.4158],[-103.3029,31.4212],[-103.3274,31.4131],[-103.3446,31.4222],[-103.381,31.4169],[-103.3938,31.4313],[-103.4539,31.4257],[-103.4895,31.4568],[-103.4821,31.4772],[-103.5035,31.5055],[-103.4964,31.521],[-103.5017,31.5595],[-103.5151,31.579],[-103.5054,31.5976],[-103.5119,31.6237],[-103.5477,31.6443],[-103.573,31.6323],[-103.6109,31.6518],[-103.3275,31.6514],[-103.3265,32.0004],[-103.7229,32.0002],[-104.0245,32]]]},"properties":{"GEOID":"37780","NAME":"Pecos, TX","LSAD":"M2"}},
{"type":"Feature","geometry":{"type":"Polygon","coordinates":[[[-97.9248,38.6099],[-97.9242,38.5153],[-97.9252,38.2605],[-97.9221,38.1737],[-97.7018,38.1738],[-97.3717,38.1737],[-97.3719,38.6094],[-97.6215,38.6089],[-97.9248,38.6099]]]},"properties":{"GEOID":"32700","NAME":"McPherson, KS","LSAD":"M2"}},
{"type":"Feature","geometry":{"type":"MultiPolygon","coordinates":[[[[-82.7573,28.8007],[-82.7367,28.7737],[-82.7238,28.7905],[-82.7573,28.8007]]],[[[-82.5356,29.0449],[-82.5767,29.0282],[-82.5936,29.03],[-82.6127,29.0093],[-82.6898,29.034],[-82.712,29.0308],[-82.7554,29.0019],[-82.7594,28.9924],[-82.7257,28.9622],[-82.6889,28.9056],[-82.6898,28.8855],[-82.7279,28.8713],[-82.7276,28.8393],[-82.7387,28.8248],[-82.7131,28.7997],[-82.692,28.7889],[-82.6979,28.7476],[-82.715,28.727],[-82.691,28.7017],[-82.6746,28.6941],[-82.4184,28.6949],[-82.4178,28.6659],[-82.2631,28.6676],[-82.2486,28.7015],[-82.2492,28.7174],[-82.2062,28.7572],[-82.1894,28.759],[-82.1841,28.7833],[-82.1708,28.7902],[-82.1826,28.8218],[-82.232,28.8566],[-82.2425,28.8768],[-82.2736,28.8972],[-82.2977,28.949],[-82.3117,28.9604],[-82.3134,28.9695],[-82.3664,29.0026],[-82.3977,29.017],[-82.4296,29.0213],[-82.4729,29.0512],[-82.4984,29.0418],[-82.5356,29.0449]]]]},"properties":{"GEOID":"26140","NAME":"Homosassa Springs, FL","LSAD":"M1"}},
{"type":"Feature","geometry":{"type":"Polygon","coordinates":[[[-85.8883,38.7344],[-85.8856,38.5754],[-85.8215,38.5754],[-85.7936,38.6048],[-85.57,38.6062],[-85.5709,38.6785],[-85.6082,38.6787],[-85.6087,38.7079],[-85.6458,38.708],[-85.6462,38.7299],[-85.6833,38.7367],[-85.6838,38.8154],[-85.7475,38.8223],[-85.7954,38.8075],[-85.8416,38.7411],[-85.8665,38.7293],[-85.8883,38.7344]]]},"properties":{"GEOID":"42500","NAME":"Scottsburg, IN","LSAD":"M2"}},
{"type":"Feature","geometry":{"type":"Polygon","coordinates":[[[-84.2987,32.9997],[-84.2987,32.9915],[-84.4897,32.9937],[-84.5055,32.9729],[-84.5242,32.9687],[-84.5188,32.9483],[-84.528,32.9279],[-84.5116,32.9123],[-84.5069,32.8818],[-84.4759,32.8769],[-84.4573,32.8299],[-84.4335,32.8385],[-84.4149,32.8345],[-84.391,32.787],[-84.3693,32.7762],[-84.3503,32.7824],[-84.3357,32.7596],[-84.3028,32.7614],[-84.2862,32.7476],[-84.2411,32.7376],[-84.2203,32.7209],[-84.2026,32.69],[-84.1493,32.8012],[-84.1243,32.8009],[-84.1233,32.9322],[-84.1224,32.9896],[-84.2891,32.9913],[-84.2987,32.9997]]]},"properties":{"GEOID":"45580","NAME":"Thomaston, GA","LSAD":"M2"}},
{"type":"Feature","geometry":{"type":"Polygon","coordinates":[[[-92.7254,32.7594],[-92.828,32.7594],[-92.8284,32.7112],[-92.863,32.689],[-92.8685,32.6778],[-92.8603,32.6414],[-92.8666,32.6072],[-92.8807,32.6008],[-92.8795,32.454],[-92.6217,32.4531],[-92.6224,32.4964],[-92.4155,32.4956],[-92.4152,32.6703],[-92.519,32.6708],[-92.5191,32.7204],[-92.5455,32.7181],[-92.5713,32.7486],[-92.5939,32.7558],[-92.637,32.7593],[-92.7254,32.7594]]]},"properties":{"GEOID":"40820","NAME":"Ruston, LA","LSAD":"M2"}},
{"type":"Feature","geometry":{"type":"Polygon","coordinates":[[[-99.426,41.0465],[-99.4254,40.9493],[-99.4266,40.6998],[-99.4174,40.6709],[-99.376,40.6643],[-99.3326,40.6714],[-99.3033,40.6643],[-99.2447,40.6594],[-99.1792,40.6605],[-99.1794,40.3507],[-98.7239,40.3504],[-98.7244,40.6989],[-98.7214,40.6989],[-98.722,41.0467],[-98.7485,41.0466],[-99.1311,41.0469],[-99.426,41.0465]]]},"properties":{"GEOID":"28260","NAME":"Kearney, NE","LSAD":"M2"}},
{"type":"Feature","geometry":{"type":"Polygon","coordinates":[[[-86.169,40.9098],[-86.4325,40.9095],[-86.5815,40.9109],[-86.5817,40.7358],[-86.5251,40.7354],[-86.5252,40.6924],[-86.3735,40.6925],[-86.3744,40.5614],[-86.165,40.5626],[-86.1689,40.7435],[-86.169,40.9098]]]},"properties":{"GEOID":"30900","NAME":"Logansport, IN","LSAD":"M2"}},
{"type":"Feature","geometry":{"type":"Polygon","coordinates":[[[-96.1746,46.7179],[-96.177,46.8049],[-96.1741,46.9774],[-96.1936,46.9774],[-96.1947,47.1511],[-96.6901,47.1513],[-96.8249,47.1549],[-96.8234,47.174],[-96.8471,47.2377],[-96.9431,47.2388],[-97.3038,47.2387],[-97.5784,47.239],[-97.7059,47.24],[-97.7062,46.9786],[-97.6815,46.9785],[-97.682,46.6299],[-97.2799,46.6293],[-96.7995,46.6302],[-96.2812,46.6308],[-96.1724,46.6306],[-96.1746,46.7179]]]},"properties":{"GEOID":"22020","NAME":"Fargo, ND-MN","LSAD":"M1"}},
{"type":"Feature","geometry":{"type":"Polygon","coordinates":[[[-81.2341,39.9513],[-81.2373,39.8678],[-81.1271,39.865],[-80.9995,39.8576],[-80.8227,39.85],[-80.8261,39.7986],[-80.863,39.7752],[-80.8653,39.7533],[-80.8335,39.7208],[-80.5193,39.7214],[-80.5192,39.9622],[-80.5191,40.1597],[-80.5949,40.1769],[-80.6614,40.1784],[-80.6818,40.1856],[-80.7029,40.1573],[-80.7663,40.1551],[-80.8829,40.1595],[-81.1121,40.1679],[-81.2259,40.1701],[-81.2341,39.9513]]]},"properties":{"GEOID":"48540","NAME":"Wheeling, WV-OH","LSAD":"M1"}},
{"type":"Feature","geometry":{"type":"Polygon","coordinates":[[[-66.4521,17.9819],[-66.4306,17.962],[-66.3777,17.9448],[-66.3381,17.9764],[-66.3426,17.9937],[-66.3312,18.0159],[-66.3568,18.0369],[-66.3718,18.0326],[-66.427,18.0426],[-66.4211,18.0193],[-66.4521,17.9819]]]},"properties":{"GEOID":"42180","NAME":"Santa Isabel, PR","LSAD":"M2"}},
{"type":"Feature","geometry":{"type":"Polygon","coordinates":[[[-85.7629,42.0693],[-85.7601,41.8966],[-85.7602,41.7988],[-85.7859,41.7773],[-85.7913,41.7591],[-85.6598,41.7591],[-85.2922,41.76],[-85.2936,42.0716],[-85.7629,42.0693]]]},"properties":{"GEOID":"44780","NAME":"Sturgis, MI","LSAD":"M2"}},
{"type":"Feature","geometry":{"type":"Polygon","coordinates":[[[-85.5932,33.1073],[-85.5932,32.7285],[-85.285,32.7307],[-85.2848,32.7451],[-85.1348,32.7468],[-85.1426,32.7607],[-85.1222,32.7734],[-85.1679,32.8116],[-85.1543,32.8475],[-85.1841,32.8705],[-84.8619,32.8686],[-84.8618,32.8725],[-84.8645,32.9608],[-84.8621,33.2239],[-84.939,33.2247],[-85.088,33.1717],[-85.2365,33.1296],[-85.2324,33.1081],[-85.5144,33.1087],[-85.5932,33.1073]]]},"properties":{"GEOID":"29300","NAME":"LaGrange, GA-AL","LSAD":"M2"}},
{"type":"Feature","geometry":{"type":"Polygon","coordinates":[[[-66.5666,18.2985],[-66.5956,18.2833],[-66.6046,18.2429],[-66.625,18.2469],[-66.6318,18.2135],[-66.6495,18.1589],[-66.6366,18.1517],[-66.5988,18.1699],[-66.5748,18.1682],[-66.5472,18.1531],[-66.531,18.1801],[-66.5327,18.2005],[-66.5489,18.2206],[-66.5666,18.2985]]]},"properties":{"GEOID":"27580","NAME":"Jayuya, PR","LSAD":"M2"}},
{"type":"Feature","geometry":{"type":"Polygon","coordinates":[[[-93.4066,43.8481],[-93.6483,43.8481],[-93.6485,43.4997],[-93.4974,43.4996],[-93.0492,43.4997],[-93.0495,43.8484],[-93.4066,43.8481]]]},"properties":{"GEOID":"10660","NAME":"Albert Lea, MN","LSAD":"M2"}},
{"type":"Feature","geometry":{"type":"Polygon","coordinates":[[[-88.3607,39.1711],[-88.1677,39.1716],[-88.0078,39.1739],[-88.0139,39.4808],[-87.9602,39.4813],[-87.9663,39.686],[-88.063,39.6813],[-88.0635,39.6527],[-88.4721,39.6516],[-88.4704,39.4326],[-88.4709,39.215],[-88.4709,39.1715],[-88.3607,39.1711]]]},"properties":{"GEOID":"16660","NAME":"Charleston-Mattoon, IL","LSAD":"M2"}},
{"type":"Feature","geometry":{"type":"Polygon","coordinates":[[[-85.0692,34.5872],[-85.0635,34.5425],[-85.09,34.5419],[-85.0901,34.4635],[-85.1114,34.4634],[-85.0905,34.424],[-85.0868,34.4013],[-85.0317,34.4014],[-85.0058,34.3924],[-84.9888,34.3846],[-84.9539,34.3842],[-84.9472,34.3989],[-84.8963,34.3963],[-84.7341,34.3965],[-84.7339,34.413],[-84.6532,34.4126],[-84.6544,34.5489],[-84.6545,34.5832],[-84.7053,34.5908],[-84.7157,34.6229],[-84.7457,34.622],[-84.7797,34.6083],[-84.8638,34.6086],[-84.8639,34.6158],[-85.0504,34.616],[-85.0504,34.6225],[-85.0604,34.6225],[-85.0692,34.5872]]]},"properties":{"GEOID":"15660","NAME":"Calhoun, GA","LSAD":"M2"}},
{"type":"Feature","geometry":{"type":"Polygon","coordinates":[[[-84.0361,40.0402],[-84.0537,39.8505],[-83.9398,39.8434],[-83.9413,39.8288],[-83.8274,39.8226],[-83.8294,39.7978],[-83.7409,39.7891],[-83.7389,39.7813],[-83.6472,39.773],[-83.588,39.7688],[-83.5474,39.903],[-83.5099,40.0099],[-83.5162,40.0102],[-83.6324,40.0163],[-84.0361,40.0402]]]},"properties":{"GEOID":"44220","NAME":"Springfield, OH","LSAD":"M1"}},
{"type":"Feature","geometry":{"type":"Polygon","coordinates":[[[-109.0459,34.9598],[-109.0462,34.5793],[-108.773,34.5796],[-108.407,34.5788],[-108.2827,34.5798],[-107.8294,34.5792],[-107.3316,34.5796],[-107.2017,34.5788],[-107.2044,34.6088],[-107.2029,34.9576],[-107.0666,34.9572],[-107.1972,35.2195],[-107.2389,35.3055],[-107.3094,35.3057],[-107.5248,35.3035],[-107.6288,35.3043],[-107.6283,35.3483],[-107.7342,35.3481],[-107.7342,35.305],[-107.9906,35.3053],[-108.4687,35.3067],[-108.4697,35.1332],[-108.4694,34.9591],[-108.6695,34.9597],[-109.0459,34.9598]]]},"properties":{"GEOID":"24380","NAME":"Grants, NM","LSAD":"M2"}},
{"type":"Feature","geometry":{"type":"Polygon","coordinates":[[[-102.287,32.087],[-102.2874,31.8737],[-102.2873,31.6513],[-101.7758,31.6513],[-101.7761,32.0869],[-101.695,32.0875],[-101.6887,32.5252],[-101.9821,32.524],[-102.2027,32.5233],[-102.211,32.5232],[-102.2112,32.0868],[-102.287,32.087]]]},"properties":{"GEOID":"33260","NAME":"Midland, TX","LSAD":"M1"}},
{"type":"Feature","geometry":{"type":"Polygon","coordinates":[[[-109.0439,42.2637],[-109.4967,42.2633],[-109.7504,42.2657],[-110.0537,42.2707],[-110.0544,42.007],[-110.0464,42.0069],[-110.0465,41.8353],[-110.048,41.578],[-110.049,41.2464],[-110.0485,40.9976],[-110.0007,40.9974],[-109.5007,40.9991],[-109.2507,41.001],[-109.0501,41.0007],[-108.8841,41.0001],[-108.5007,41.0001],[-108.2506,41.0001],[-107.9184,41.002],[-107.9171,41.3985],[-107.9299,41.3985],[-107.9297,41.6596],[-107.5097,41.6575],[-107.5055,41.7405],[-107.5038,42.088],[-107.5223,42.088],[-107.5227,42.2618],[-107.9,42.2619],[-108.338,42.2635],[-108.5344,42.2631],[-109.0439,42.2637]]]},"properties":{"GEOID":"40540","NAME":"Rock Springs, WY","LSAD":"M2"}},
{"type":"Feature","geometry":{"type":"Polygon","coordinates":[[[-73.3525,42.51],[-73.5081,42.0863],[-73.4969,42.0497],[-73.4873,42.0496],[-73.4328,42.0506],[-73.0533,42.0399],[-73.0547,42.0576],[-73.0731,42.0942],[-73.0614,42.1194],[-73.0711,42.1482],[-73.0349,42.1437],[-73.0043,42.2513],[-73.0003,42.3126],[-73.0313,42.3093],[-73.0629,42.329],[-73.0658,42.3891],[-73.0117,42.3797],[-72.9686,42.54],[-72.979,42.5416],[-72.951,42.641],[-72.9549,42.6658],[-72.9933,42.671],[-72.9497,42.7051],[-73.0237,42.7027],[-73.023,42.7411],[-73.265,42.7459],[-73.3525,42.51]]]},"properties":{"GEOID":"38340","NAME":"Pittsfield, MA","LSAD":"M1"}},
{"type":"Feature","geometry":{"type":"Polygon","coordinates":[[[-93.4072,34.3974],[-93.4082,34.3395],[-93.3558,34.3387],[-93.3569,34.2803],[-93.1983,34.2773],[-93.1995,34.2481],[-93.09,34.2457],[-93.0845,34.2356],[-93.035,34.2366],[-93.0258,34.2022],[-93.043,34.1806],[-93.0306,34.1601],[-92.8861,34.1557],[-92.818,34.1519],[-92.6784,34.1496],[-92.6733,34.2394],[-92.6687,34.4145],[-92.6862,34.4147],[-92.6851,34.4731],[-92.7388,34.4739],[-92.7383,34.5032],[-92.7932,34.5036],[-92.9151,34.5061],[-92.9135,34.4484],[-92.9478,34.449],[-92.9481,34.3893],[-93.1942,34.3929],[-93.4072,34.3974]]]},"properties":{"GEOID":"31680","NAME":"Malvern, AR","LSAD":"M2"}},
{"type":"Feature","geometry":{"type":"Polygon","coordinates":[[[-95.3882,42.9099],[-95.388,42.5617],[-95.3089,42.5608],[-94.9145,42.5603],[-94.9139,42.9097],[-95.3882,42.9099]]]},"properties":{"GEOID":"44740","NAME":"Storm Lake, IA","LSAD":"M2"}},
{"type":"Feature","geometry":{"type":"Polygon","coordinates":[[[-92.8714,41.5085],[-93.3286,41.5078],[-93.3279,41.1607],[-92.8698,41.1611],[-92.8714,41.5085]]]},"properties":{"GEOID":"37800","NAME":"Pella, IA","LSAD":"M2"}},
{"type":"Feature","geometry":{"type":"Polygon","coordinates":[[[-92.31,39.3478],[-92.3009,39.6053],[-92.6966,39.6104],[-92.7074,39.3216],[-92.4302,39.2488],[-92.3145,39.2465],[-92.31,39.3478]]]},"properties":{"GEOID":"33620","NAME":"Moberly, MO","LSAD":"M2"}},
{"type":"Feature","geometry":{"type":"Polygon","coordinates":[[[-104.0482,48.5991],[-104.0464,48.3742],[-104.0441,47.9961],[-104.0216,47.9892],[-104.0056,47.9671],[-103.9674,47.9855],[-103.9198,47.956],[-103.8694,47.9728],[-103.8559,47.9951],[-103.8008,47.9943],[-103.7916,48.0133],[-103.7978,48.0355],[-103.7844,48.0595],[-103.7475,48.0408],[-103.711,48.058],[-103.7422,48.0934],[-103.7171,48.1091],[-103.6752,48.1224],[-103.6338,48.1111],[-103.6082,48.1141],[-103.5892,48.0947],[-103.5515,48.0778],[-103.5848,48.0541],[-103.5694,48.0357],[-103.5255,48.0333],[-103.51,48.0116],[-103.4851,48.0067],[-103.4284,48.0359],[-103.3798,48.0251],[-103.3228,48.0399],[-103.2913,48.0394],[-103.2773,48.058],[-103.2391,48.0602],[-103.226,48.0751],[-103.2532,48.0921],[-103.2019,48.1352],[-103.1571,48.1362],[-103.1071,48.1465],[-103.0931,48.1277],[-102.9729,48.138],[-102.9069,48.1218],[-102.8649,48.1369],[-102.8282,48.125],[-102.8282,48.3726],[-102.8859,48.3727],[-102.8858,48.6333],[-103.3871,48.6332],[-103.842,48.6335],[-104.0476,48.6339],[-104.0482,48.5991]]]},"properties":{"GEOID":"48780","NAME":"Williston, ND","LSAD":"M2"}},
{"type":"Feature","geometry":{"type":"Polygon","coordinates":[[[-95.1871,39.0441],[-95.2979,39.0423],[-95.3282,39.0317],[-95.3583,39.0353],[-95.4007,39.0601],[-95.4361,39.0698],[-95.4938,39.054],[-95.5015,39.0437],[-95.5007,38.7388],[-95.0564,38.7386],[-95.0563,38.9821],[-95.0852,38.9538],[-95.1109,38.9693],[-95.1649,38.9715],[-95.1862,38.9645],[-95.1871,39.0441]]]},"properties":{"GEOID":"29940","NAME":"Lawrence, KS","LSAD":"M1"}},
{"type":"Feature","geometry":{"type":"Polygon","coordinates":[[[-80.6798,27.5585],[-80.6777,27.2941],[-80.6774,27.1216],[-80.8856,26.9589],[-80.6181,26.9578],[-80.3847,26.9584],[-80.142,26.9566],[-80.1418,26.9709],[-80.0799,26.9705],[-80.0939,27.0186],[-80.1168,27.0724],[-80.1337,27.1019],[-80.1576,27.1631],[-80.1615,27.1928],[-80.1931,27.2495],[-80.2335,27.3413],[-80.2615,27.3944],[-80.2906,27.4665],[-80.3216,27.5574],[-80.6798,27.5585]]]},"properties":{"GEOID":"38940","NAME":"Port St. Lucie, FL","LSAD":"M1"}},
{"type":"Feature","geometry":{"type":"Polygon","coordinates":[[[-117.0417,48.0455],[-117.0423,47.9775],[-116.6341,47.9771],[-116.633,47.9915],[-116.5043,47.9914],[-116.5051,47.8901],[-116.3295,47.8904],[-116.3296,48.0177],[-116.2822,48.0594],[-116.2331,48.0689],[-116.1619,48.0216],[-116.1041,48.0231],[-116.0874,48.0024],[-116.0621,47.9955],[-116.0491,47.9773],[-116.0489,48.2612],[-116.0491,48.502],[-116.6607,48.5],[-116.7849,48.5005],[-116.7852,48.8474],[-117.0324,48.8467],[-117.0354,48.4999],[-117.0352,48.3709],[-117.0411,48.1249],[-117.0417,48.0455]]]},"properties":{"GEOID":"41760","NAME":"Sandpoint, ID","LSAD":"M2"}},
{"type":"Feature","geometry":{"type":"Polygon","coordinates":[[[-81.7091,40.4448],[-81.7123,40.3708],[-81.616,40.3681],[-81.6227,40.2213],[-81.3381,40.2143],[-81.3346,40.3043],[-81.2753,40.3034],[-81.27,40.4335],[-81.2647,40.565],[-81.3217,40.5666],[-81.3177,40.6516],[-81.4699,40.6545],[-81.6491,40.6345],[-81.6628,40.6273],[-81.6698,40.444],[-81.7091,40.4448]]]},"properties":{"GEOID":"35420","NAME":"New Philadelphia-Dover, OH","LSAD":"M2"}},
{"type":"Feature","geometry":{"type":"Polygon","coordinates":[[[-90.8969,42.6753],[-90.8974,42.6457],[-91.1328,42.6458],[-91.1342,42.4713],[-91.1309,42.4713],[-91.1301,42.2958],[-90.898,42.2952],[-90.6656,42.2947],[-90.665,42.3822],[-90.5023,42.382],[-90.5001,42.3955],[-90.555,42.4161],[-90.5707,42.4417],[-90.6243,42.4589],[-90.654,42.4785],[-90.6428,42.5085],[-90.644,42.5399],[-90.6615,42.568],[-90.687,42.5918],[-90.7027,42.6308],[-90.7202,42.6408],[-90.8525,42.6648],[-90.8969,42.6753]]]},"properties":{"GEOID":"20220","NAME":"Dubuque, IA","LSAD":"M1"}},
{"type":"Feature","geometry":{"type":"Polygon","coordinates":[[[-91.9508,40.2572],[-91.9472,40.2138],[-91.9527,39.9494],[-91.8404,39.9482],[-91.4355,39.9453],[-91.4209,39.9149],[-91.4478,39.878],[-91.4295,39.8378],[-91.378,39.8113],[-91.3617,39.7851],[-91.3651,39.7587],[-91.1854,39.7569],[-90.916,39.7572],[-90.9171,39.8729],[-90.912,40.1931],[-91.1452,40.1955],[-91.3966,40.1995],[-91.505,40.1999],[-91.5065,40.2363],[-91.4973,40.2488],[-91.7814,40.255],[-91.9508,40.2572]]]},"properties":{"GEOID":"39500","NAME":"Quincy, IL-MO","LSAD":"M2"}},
{"type":"Feature","geometry":{"type":"Polygon","coordinates":[[[-85.5762,40.0771],[-85.5768,39.8728],[-85.5967,39.8729],[-85.5969,39.7865],[-85.3016,39.7876],[-85.2211,39.7884],[-85.2207,39.8736],[-85.2009,39.8738],[-85.2015,40.0045],[-85.2135,40.0044],[-85.2144,40.0769],[-85.3661,40.0764],[-85.5762,40.0771]]]},"properties":{"GEOID":"35220","NAME":"New Castle, IN","LSAD":"M2"}},
{"type":"Feature","geometry":{"type":"Polygon","coordinates":[[[-80.0983,41.0711],[-80.1473,41.1139],[-80.2579,41.1173],[-80.2579,41.1281],[-80.519,41.1251],[-80.5198,40.9003],[-80.519,40.8513],[-80.1585,40.8551],[-80.1665,41.0009],[-80.0983,41.0711]]]},"properties":{"GEOID":"35260","NAME":"New Castle, PA","LSAD":"M2"}},
{"type":"Feature","geometry":{"type":"Polygon","coordinates":[[[-91.8404,39.9482],[-91.8467,39.6585],[-91.7152,39.6576],[-91.7119,39.5991],[-91.718,39.3391],[-91.7185,39.3245],[-91.6247,39.3242],[-91.4382,39.3187],[-91.4604,39.4507],[-91.3671,39.5027],[-91.2037,39.5984],[-91.2761,39.6658],[-91.3527,39.7153],[-91.37,39.7325],[-91.3651,39.7587],[-91.3617,39.7851],[-91.378,39.8113],[-91.4295,39.8378],[-91.4478,39.878],[-91.4209,39.9149],[-91.4355,39.9453],[-91.8404,39.9482]]]},"properties":{"GEOID":"25300","NAME":"Hannibal, MO","LSAD":"M2"}},
{"type":"Feature","geometry":{"type":"Polygon","coordinates":[[[-89.6017,40.1224],[-89.6292,40.1493],[-89.669,40.1607],[-89.7043,40.1406],[-89.7274,40.1427],[-89.7492,40.1269],[-89.7881,40.1301],[-89.834,40.1244],[-89.8706,40.1367],[-89.9,40.1289],[-89.9208,40.1385],[-89.9746,40.1357],[-89.9951,40.1089],[-89.9944,39.8729],[-89.9935,39.7854],[-89.9856,39.7854],[-89.9847,39.7181],[-89.924,39.5587],[-89.926,39.5221],[-89.7017,39.5233],[-89.5337,39.5246],[-89.535,39.6411],[-89.4785,39.6408],[-89.4789,39.684],[-89.4251,39.6837],[-89.4252,39.762],[-89.4096,39.7436],[-89.3626,39.7558],[-89.36,39.7675],[-89.3126,39.7713],[-89.297,39.7895],[-89.2572,39.8098],[-89.2175,39.8137],[-89.2178,39.917],[-89.405,39.9182],[-89.405,39.9327],[-89.4835,39.9332],[-89.4838,39.9767],[-89.5783,39.9761],[-89.5791,40.0924],[-89.6011,40.0923],[-89.6017,40.1224]]]},"properties":{"GEOID":"44100","NAME":"Springfield, IL","LSAD":"M1"}},
{"type":"Feature","geometry":{"type":"Polygon","coordinates":[[[-91.8584,44.193],[-92.0791,44.193],[-92.0791,43.8471],[-91.7304,43.8469],[-91.2841,43.8471],[-91.311,43.8674],[-91.3206,43.8885],[-91.3574,43.9172],[-91.3647,43.9349],[-91.406,43.9639],[-91.4252,43.9843],[-91.4405,44.0015],[-91.5071,44.019],[-91.5826,44.0274],[-91.6073,44.0474],[-91.6447,44.0628],[-91.6815,44.0974],[-91.7075,44.1039],[-91.7106,44.1205],[-91.7517,44.1348],[-91.8173,44.1642],[-91.8584,44.193]]]},"properties":{"GEOID":"49100","NAME":"Winona, MN","LSAD":"M2"}},
{"type":"Feature","geometry":{"type":"Polygon","coordinates":[[[-94.4185,47.8458],[-94.4178,48.0198],[-94.4236,48.0198],[-94.4226,48.1568],[-94.4258,48.3673],[-94.8199,48.3668],[-95.211,48.366],[-95.212,48.54],[-95.6023,48.5389],[-95.602,48.3654],[-95.5932,48.3654],[-95.5938,48.1729],[-95.5925,48.0206],[-95.2291,48.02],[-95.2468,48.0053],[-95.2726,47.9602],[-95.2778,47.9251],[-95.2697,47.9039],[-95.2463,47.8833],[-95.1937,47.8725],[-95.1943,47.6734],[-95.185,47.6733],[-95.1832,47.4128],[-94.7889,47.4098],[-94.6702,47.4102],[-94.4164,47.4118],[-94.4163,47.4448],[-94.4143,47.5865],[-94.4163,47.5939],[-94.419,47.7589],[-94.4185,47.8458]]]},"properties":{"GEOID":"13420","NAME":"Bemidji, MN","LSAD":"M2"}},
{"type":"Feature","geometry":{"type":"Polygon","coordinates":[[[-103.7382,34.6047],[-103.7395,34.5212],[-103.7401,34.3031],[-103.4519,34.3032],[-103.0439,34.3026],[-103.0428,34.7474],[-103.0426,34.9541],[-103.2841,34.9542],[-103.2843,34.865],[-103.3898,34.8654],[-103.3903,34.7781],[-103.4956,34.7786],[-103.496,34.6914],[-103.7058,34.6924],[-103.7061,34.605],[-103.7382,34.6047]]]},"properties":{"GEOID":"17580","NAME":"Clovis, NM","LSAD":"M2"}},
{"type":"Feature","geometry":{"type":"Polygon","coordinates":[[[-114.0525,37.6048],[-114.0518,37.4181],[-114.0517,37.0884],[-114.0506,37.0004],[-113.6243,37.0001],[-113.4096,37.0001],[-112.8992,37.0003],[-112.8991,37.2814],[-112.9013,37.2814],[-112.901,37.5],[-113.0371,37.4997],[-113.037,37.4745],[-113.1461,37.4743],[-113.1461,37.481],[-113.2535,37.4822],[-113.2533,37.529],[-113.474,37.5291],[-113.4745,37.6183],[-113.5878,37.6182],[-113.5878,37.6046],[-114.0525,37.6048]]]},"properties":{"GEOID":"41100","NAME":"St. George, UT","LSAD":"M1"}},
{"type":"Feature","geometry":{"type":"Polygon","coordinates":[[[-96.2812,46.6308],[-96.28,46.2822],[-96.2646,46.2822],[-96.2654,46.1086],[-95.7697,46.1075],[-95.3966,46.108],[-95.1459,46.1068],[-95.1458,46.2824],[-95.1543,46.2824],[-95.1555,46.3472],[-95.1555,46.6299],[-95.1634,46.6299],[-95.1637,46.7176],[-95.4355,46.7159],[-95.7093,46.7155],[-96.1746,46.7179],[-96.1724,46.6306],[-96.2812,46.6308]]]},"properties":{"GEOID":"22260","NAME":"Fergus Falls, MN","LSAD":"M2"}},
{"type":"Feature","geometry":{"type":"Polygon","coordinates":[[[-90.9042,40.6392],[-90.9098,40.2844],[-90.6779,40.2786],[-90.4502,40.2763],[-90.4482,40.3791],[-90.4456,40.6276],[-90.6732,40.6315],[-90.7897,40.6358],[-90.9042,40.6392]]]},"properties":{"GEOID":"31380","NAME":"Macomb, IL","LSAD":"M2"}},
{"type":"Feature","geometry":{"type":"Polygon","coordinates":[[[-90.503,35.1442],[-90.7575,35.1476],[-91.0426,35.1482],[-91.0454,35.001],[-91.1497,35.0025],[-91.1525,34.9118],[-91.1172,34.9118],[-91.1174,34.8671],[-91.1,34.8671],[-91.0992,34.9116],[-91.0464,34.912],[-90.943,34.9068],[-90.7471,34.9052],[-90.6196,34.9063],[-90.4085,34.904],[-90.4077,35.0025],[-90.4027,35.0025],[-90.4004,35.1482],[-90.503,35.1442]]]},"properties":{"GEOID":"22620","NAME":"Forrest City, AR","LSAD":"M2"}},
{"type":"Feature","geometry":{"type":"Polygon","coordinates":[[[-85.2989,42.4198],[-85.297,42.2461],[-85.2936,42.0716],[-85.0507,42.0729],[-84.8265,42.0725],[-84.7096,42.0704],[-84.7115,42.1591],[-84.7169,42.2469],[-84.7185,42.4215],[-85.0716,42.4214],[-85.2989,42.4198]]]},"properties":{"GEOID":"12980","NAME":"Battle Creek, MI","LSAD":"M1"}},
{"type":"Feature","geometry":{"type":"Polygon","coordinates":[[[-78.9189,41.9981],[-78.9155,41.9529],[-78.9171,41.8618],[-78.9214,41.8309],[-78.9486,41.8305],[-78.9561,41.6233],[-78.815,41.6227],[-78.676,41.625],[-78.4838,41.6315],[-78.4829,41.6023],[-78.4205,41.6019],[-78.4208,41.6173],[-78.2036,41.6176],[-78.2067,41.8762],[-78.2064,41.9996],[-78.3081,41.9994],[-78.5966,41.9999],[-78.7498,41.9981],[-78.9189,41.9981]]]},"properties":{"GEOID":"14620","NAME":"Bradford, PA","LSAD":"M2"}},
{"type":"Feature","geometry":{"type":"Polygon","coordinates":[[[-85.5786,40.3795],[-85.5756,40.2076],[-85.5762,40.0771],[-85.3661,40.0764],[-85.2144,40.0769],[-85.2199,40.379],[-85.4443,40.3791],[-85.5786,40.3795]]]},"properties":{"GEOID":"34620","NAME":"Muncie, IN","LSAD":"M1"}},
{"type":"Feature","geometry":{"type":"Polygon","coordinates":[[[-85.7891,31.618],[-85.7896,31.3727],[-85.7914,31.1963],[-85.7103,31.1952],[-85.6711,31.2502],[-85.6661,31.2673],[-85.6353,31.2756],[-85.603,31.2724],[-85.5461,31.2539],[-85.4859,31.2461],[-85.4854,31.2871],[-85.4171,31.2862],[-85.418,31.4408],[-85.4153,31.5002],[-85.4164,31.6195],[-85.5,31.6203],[-85.5815,31.6176],[-85.7483,31.618],[-85.7891,31.618]]]},"properties":{"GEOID":"37120","NAME":"Ozark, AL","LSAD":"M2"}},
{"type":"Feature","geometry":{"type":"MultiPolygon","coordinates":[[[[-159.7879,22.0301],[-159.7594,21.9795],[-159.7078,21.9612],[-159.6687,21.9536],[-159.6337,21.9132],[-159.6081,21.8998],[-159.5269,21.8839],[-159.5122,21.8881],[-159.4753,21.8821],[-159.4449,21.8686],[-159.3903,21.9073],[-159.3799,21.9212],[-159.3551,21.9316],[-159.3299,21.9602],[-159.3386,22.0234],[-159.3327,22.0507],[-159.2966,22.1051],[-159.2933,22.1443],[-159.3156,22.1868],[-159.34,22.2085],[-159.4067,22.2257],[-159.429,22.2176],[-159.4543,22.2264],[-159.4879,22.2295],[-159.5183,22.2112],[-159.559,22.2267],[-159.5811,22.2235],[-159.606,22.2041],[-159.6584,22.1731],[-159.6985,22.1628],[-159.7305,22.14],[-159.7452,22.0975],[-159.7837,22.0649],[-159.7879,22.0301]]],[[[-160.2452,21.8472],[-160.2306,21.7905],[-160.2035,21.7792],[-160.1918,21.8143],[-160.159,21.8653],[-160.0748,21.8948],[-160.083,21.9279],[-160.0763,21.9546],[-160.053,21.9923],[-160.0701,22.0033],[-160.1117,21.9936],[-160.1255,21.9537],[-160.187,21.9249],[-160.2253,21.89],[-160.233,21.8629],[-160.2452,21.8472]]]]},"properties":{"GEOID":"28180","NAME":"Kapaa, HI","LSAD":"M2"}},
{"type":"Feature","geometry":{"type":"Polygon","coordinates":[[[-72.0381,43.1288],[-72.042,43.0822],[-72.0579,43.0189],[-72.0622,42.9448],[-72.0062,42.9438],[-71.9747,42.7894],[-71.9443,42.7884],[-71.929,42.7122],[-71.8988,42.7114],[-71.7458,42.7073],[-71.2942,42.697],[-71.2455,42.7426],[-71.2601,42.7557],[-71.351,42.7722],[-71.3607,42.799],[-71.3872,42.8236],[-71.4271,42.8248],[-71.4512,42.9304],[-71.3754,42.9393],[-71.3924,43.0093],[-71.45,43.0201],[-71.4891,43.0518],[-71.5128,43.0496],[-71.5175,43.0689],[-71.6413,43.0542],[-71.6678,43.1525],[-71.8561,43.1151],[-71.9132,43.2071],[-72.0091,43.1879],[-72.0368,43.1825],[-72.0235,43.1601],[-72.0381,43.1288]]]},"properties":{"GEOID":"31700","NAME":"Manchester-Nashua, NH","LSAD":"M1"}},
{"type":"Feature","geometry":{"type":"Polygon","coordinates":[[[-90.9494,41.0727],[-91.1716,41.0731],[-91.3707,41.0741],[-91.3721,40.8126],[-91.4095,40.8129],[-91.3639,40.7907],[-91.2934,40.7726],[-91.283,40.7545],[-91.2477,40.7502],[-91.207,40.7207],[-91.1611,40.717],[-91.1506,40.7062],[-91.1124,40.6963],[-91.1239,40.6692],[-91.1854,40.6381],[-91.0222,40.635],[-90.9042,40.6392],[-90.7897,40.6358],[-90.7883,40.8135],[-90.7852,41.0687],[-90.949,41.0702],[-90.9494,41.0727]]]},"properties":{"GEOID":"15460","NAME":"Burlington, IA-IL","LSAD":"M2"}},
{"type":"Feature","geometry":{"type":"Polygon","coordinates":[[[-121.0221,39.3916],[-121.0851,39.3932],[-121.1253,39.3799],[-121.1577,39.3392],[-121.179,39.3386],[-121.2064,39.3165],[-121.2001,39.3024],[-121.2199,39.2831],[-121.2401,39.284],[-121.2669,39.2716],[-121.2592,39.2564],[-121.2795,39.2305],[-121.2795,39.0346],[-121.2218,39.012],[-121.1868,39.0127],[-121.1394,39.0375],[-121.1051,39.0121],[-121.0795,39.0069],[-121.0416,39.0138],[-121.029,39.0384],[-121.0083,39.0521],[-120.9916,39.0769],[-120.9863,39.1022],[-120.9449,39.1454],[-120.8799,39.1781],[-120.8547,39.209],[-120.7914,39.2411],[-120.7279,39.2881],[-120.6822,39.3069],[-120.6458,39.3152],[-120.486,39.3161],[-120.0063,39.3165],[-120.0039,39.4451],[-120.5054,39.4461],[-120.5344,39.4647],[-120.535,39.4836],[-120.5561,39.5137],[-120.5773,39.5232],[-120.6512,39.5236],[-120.6769,39.5185],[-120.7019,39.5017],[-120.7137,39.4828],[-120.742,39.4619],[-120.8101,39.4362],[-120.8364,39.4404],[-120.932,39.4171],[-120.9923,39.4144],[-121.0221,39.3916]]]},"properties":{"GEOID":"46020","NAME":"Truckee-Grass Valley, CA","LSAD":"M2"}},
{"type":"Feature","geometry":{"type":"Polygon","coordinates":[[[-84.846,43.4662],[-84.8456,43.2922],[-84.8353,43.2922],[-84.8369,43.1189],[-84.7094,43.1181],[-84.3678,43.1179],[-84.3679,43.1285],[-84.3699,43.466],[-84.6075,43.466],[-84.846,43.4662]]]},"properties":{"GEOID":"10940","NAME":"Alma, MI","LSAD":"M2"}},
{"type":"Feature","geometry":{"type":"Polygon","coordinates":[[[-83.3382,34.6872],[-83.365,34.6753],[-83.4584,34.4839],[-83.398,34.461],[-83.3737,34.4698],[-83.1778,34.477],[-83.1033,34.5367],[-83.1405,34.5624],[-83.1683,34.591],[-83.1952,34.6034],[-83.2313,34.6112],[-83.2545,34.6371],[-83.2932,34.6543],[-83.3046,34.6696],[-83.3382,34.6872]]]},"properties":{"GEOID":"45740","NAME":"Toccoa, GA","LSAD":"M2"}},
{"type":"Feature","geometry":{"type":"Polygon","coordinates":[[[-97.484,33.9158],[-97.4855,33.6312],[-97.4871,33.4337],[-97.2334,33.4255],[-96.9439,33.4164],[-96.9433,33.606],[-96.9447,33.798],[-96.9446,33.9492],[-96.995,33.932],[-96.9838,33.8909],[-97.0214,33.8464],[-97.0461,33.8396],[-97.0681,33.8605],[-97.0834,33.8405],[-97.0583,33.8368],[-97.0481,33.8175],[-97.0786,33.8128],[-97.0948,33.7985],[-97.0852,33.7655],[-97.0972,33.7278],[-97.1261,33.7169],[-97.1494,33.722],[-97.1722,33.7375],[-97.1908,33.7818],[-97.2057,33.8029],[-97.2035,33.8218],[-97.1666,33.8473],[-97.1796,33.8923],[-97.2109,33.9161],[-97.2462,33.9003],[-97.2492,33.8751],[-97.2703,33.8582],[-97.3056,33.8864],[-97.3144,33.867],[-97.3392,33.8621],[-97.3585,33.83],[-97.3729,33.8195],[-97.4265,33.8194],[-97.4531,33.8285],[-97.4629,33.8418],[-97.451,33.8914],[-97.484,33.9158]]]},"properties":{"GEOID":"23620","NAME":"Gainesville, TX","LSAD":"M2"}},
{"type":"Feature","geometry":{"type":"Polygon","coordinates":[[[-89.2238,45.0292],[-89.2242,45.1186],[-89.426,45.1191],[-89.4243,45.3802],[-89.4249,45.4782],[-89.4283,45.5554],[-90.0434,45.5551],[-90.0422,45.375],[-90.0461,45.3403],[-90.0437,45.1202],[-90.1978,45.1206],[-90.1975,45.0336],[-90.315,45.0338],[-90.317,44.7864],[-90.3163,44.6852],[-89.8449,44.6849],[-89.4899,44.6858],[-89.3459,44.6814],[-89.2237,44.6814],[-89.2238,45.0292]]]},"properties":{"GEOID":"48140","NAME":"Wausau-Weston, WI","LSAD":"M1"}},
{"type":"Feature","geometry":{"type":"Polygon","coordinates":[[[-103.7382,34.6047],[-103.9488,34.6051],[-103.9492,34.2596],[-103.9457,34.2596],[-103.946,34.0825],[-103.8417,34.0819],[-103.8419,33.8192],[-103.7169,33.8196],[-103.7183,33.6562],[-103.5098,33.6573],[-103.5101,33.5701],[-103.0526,33.5706],[-103.0436,34.0036],[-103.0439,34.3026],[-103.4519,34.3032],[-103.7401,34.3031],[-103.7395,34.5212],[-103.7382,34.6047]]]},"properties":{"GEOID":"38780","NAME":"Portales, NM","LSAD":"M2"}},
{"type":"Feature","geometry":{"type":"Polygon","coordinates":[[[-83.1114,40.7029],[-83.3047,40.702],[-83.3047,40.6871],[-83.4198,40.6873],[-83.4199,40.5864],[-83.4156,40.5154],[-83.4187,40.5052],[-83.2482,40.507],[-83.2486,40.444],[-83.1731,40.4394],[-83.0208,40.4338],[-83.0168,40.4845],[-82.9584,40.4907],[-82.9578,40.6451],[-82.8598,40.6464],[-82.8583,40.705],[-83.1114,40.7029]]]},"properties":{"GEOID":"32020","NAME":"Marion, OH","LSAD":"M2"}},
{"type":"Feature","geometry":{"type":"Polygon","coordinates":[[[-91.8314,41.8619],[-91.8308,41.8038],[-91.8342,41.6867],[-91.8331,41.6004],[-91.8271,41.6005],[-91.8292,41.5115],[-91.946,41.5107],[-91.9469,41.3376],[-91.9456,41.1636],[-91.8212,41.1616],[-91.716,41.1628],[-91.4857,41.1624],[-91.484,41.4238],[-91.3685,41.4232],[-91.3664,41.5984],[-91.3662,41.8601],[-91.4819,41.8598],[-91.7145,41.862],[-91.8314,41.8619]]]},"properties":{"GEOID":"26980","NAME":"Iowa City, IA","LSAD":"M1"}},
{"type":"Feature","geometry":{"type":"Polygon","coordinates":[[[-89.5071,33.7218],[-89.5069,33.6776],[-89.5065,33.4598],[-89.3811,33.4603],[-89.3602,33.4716],[-89.3382,33.4712],[-89.3198,33.4965],[-89.2611,33.5186],[-89.246,33.5162],[-89.181,33.5328],[-89.0884,33.5332],[-89.0883,33.286],[-88.6691,33.2869],[-88.6712,33.5062],[-88.6715,33.5651],[-88.7153,33.5592],[-88.7328,33.5652],[-88.9842,33.5643],[-89.0186,33.5621],[-89.0185,33.6354],[-89.0343,33.6354],[-89.0345,33.7394],[-89.1918,33.7386],[-89.1919,33.7222],[-89.5071,33.7218]]]},"properties":{"GEOID":"44260","NAME":"Starkville, MS","LSAD":"M2"}},
{"type":"Feature","geometry":{"type":"Polygon","coordinates":[[[-81.0867,40.9016],[-81.0873,40.7278],[-80.9172,40.7269],[-80.9181,40.6435],[-80.8608,40.6426],[-80.862,40.5994],[-80.7471,40.597],[-80.7473,40.5833],[-80.668,40.5825],[-80.6344,40.6161],[-80.5988,40.6253],[-80.5767,40.6142],[-80.519,40.6388],[-80.519,40.8513],[-80.5198,40.9003],[-80.6321,40.8998],[-80.8219,40.9009],[-80.8216,40.9298],[-80.8958,40.9302],[-80.896,40.901],[-81.0867,40.9016]]]},"properties":{"GEOID":"41400","NAME":"Salem, OH","LSAD":"M2"}},
{"type":"Feature","geometry":{"type":"Polygon","coordinates":[[[-85.1941,41.5264],[-85.1921,41.2642],[-85.001,41.2669],[-84.8036,41.2713],[-84.804,41.426],[-84.8047,41.5301],[-85.0069,41.5275],[-85.1941,41.5264]]]},"properties":{"GEOID":"12140","NAME":"Auburn, IN","LSAD":"M2"}},
{"type":"Feature","geometry":{"type":"Polygon","coordinates":[[[-89.1444,38.4739],[-89.1456,38.3367],[-89.1498,38.1251],[-89.0546,38.1247],[-88.8527,38.1266],[-88.7046,38.1252],[-88.7001,38.3427],[-88.699,38.4749],[-88.9224,38.477],[-89.0332,38.474],[-89.1444,38.4739]]]},"properties":{"GEOID":"34500","NAME":"Mount Vernon, IL","LSAD":"M2"}},
{"type":"Feature","geometry":{"type":"Polygon","coordinates":[[[-101.6235,36.0554],[-101.6228,35.6241],[-101.293,35.6248],[-101.0861,35.6253],[-101.0857,36.0553],[-101.3058,36.0552],[-101.6235,36.0554]]]},"properties":{"GEOID":"14420","NAME":"Borger, TX","LSAD":"M2"}},
{"type":"Feature","geometry":{"type":"Polygon","coordinates":[[[-117.0398,47.1273],[-117.0394,46.7002],[-117.0397,46.5417],[-116.7191,46.5429],[-116.7055,46.574],[-116.6593,46.6118],[-116.6117,46.6312],[-116.582,46.6285],[-116.4561,46.6291],[-116.3295,46.628],[-116.3294,47.0219],[-116.4582,47.0221],[-116.4581,47.0366],[-116.7711,47.0374],[-116.8353,47.0325],[-116.8483,47.0472],[-116.8962,47.0779],[-116.9252,47.0816],[-116.954,47.0689],[-116.9774,47.0891],[-116.9677,47.1152],[-117.001,47.1305],[-117.0398,47.1273]]]},"properties":{"GEOID":"34140","NAME":"Moscow, ID","LSAD":"M2"}},
{"type":"Feature","geometry":{"type":"Polygon","coordinates":[[[-76.5354,40.5552],[-76.678,40.4747],[-76.6255,40.3393],[-76.5695,40.1961],[-76.5663,40.1966],[-76.4354,40.2382],[-76.3077,40.255],[-76.1512,40.316],[-76.2055,40.3607],[-76.2319,40.3663],[-76.4402,40.496],[-76.5354,40.5552]]]},"properties":{"GEOID":"30140","NAME":"Lebanon, PA","LSAD":"M1"}},
{"type":"Feature","geometry":{"type":"Polygon","coordinates":[[[-85.5273,34.5887],[-85.5137,34.5242],[-85.4621,34.2864],[-85.3874,34.2861],[-85.3633,34.3383],[-85.3349,34.3697],[-85.2802,34.3895],[-85.2224,34.4155],[-85.2151,34.4296],[-85.1803,34.4363],[-85.1476,34.515],[-85.1077,34.5875],[-85.3714,34.5893],[-85.5273,34.5887]]]},"properties":{"GEOID":"44900","NAME":"Summerville, GA","LSAD":"M2"}},
{"type":"Feature","geometry":{"type":"Polygon","coordinates":[[[-85.2015,40.0045],[-85.2009,39.8738],[-85.2207,39.8736],[-85.2211,39.7884],[-85.1835,39.7884],[-85.1851,39.7155],[-85.0346,39.7148],[-85.0344,39.7293],[-84.9695,39.7268],[-84.8141,39.7266],[-84.8124,39.9169],[-84.8109,40.0051],[-84.8928,40.0064],[-85.125,40.0041],[-85.2015,40.0045]]]},"properties":{"GEOID":"39980","NAME":"Richmond, IN","LSAD":"M2"}},
{"type":"Feature","geometry":{"type":"Polygon","coordinates":[[[-86.2092,42.7674],[-86.2066,42.7095],[-86.2179,42.6594],[-86.229,42.6377],[-86.2256,42.5948],[-86.2406,42.54],[-86.2466,42.4901],[-86.2738,42.4193],[-86.0116,42.4189],[-85.7647,42.4207],[-85.5432,42.4214],[-85.5432,42.5909],[-85.5456,42.7681],[-85.8745,42.7675],[-85.9803,42.7689],[-86.2092,42.7674]]]},"properties":{"GEOID":"26090","NAME":"Holland, MI","LSAD":"M2"}},
{"type":"Feature","geometry":{"type":"Polygon","coordinates":[[[-90.64,38.0765],[-90.6438,37.7931],[-90.6479,37.6428],[-90.1992,37.6412],[-90.1468,37.6417],[-90.1105,37.6713],[-90.1542,37.6998],[-90.2002,37.6696],[-90.3483,37.7935],[-90.4591,37.8789],[-90.3229,37.9817],[-90.416,38.0423],[-90.5833,38.0035],[-90.6128,38.0159],[-90.6215,38.0404],[-90.6122,38.0701],[-90.64,38.0765]]]},"properties":{"GEOID":"22100","NAME":"Farmington, MO","LSAD":"M2"}},
{"type":"Feature","geometry":{"type":"Polygon","coordinates":[[[-93.511,38.5562],[-93.5127,38.5125],[-93.2919,38.5063],[-93.2905,38.5354],[-93.1793,38.5341],[-93.0673,38.5301],[-93.06,38.6931],[-93.0505,38.9282],[-93.106,38.9315],[-93.3111,38.9361],[-93.4964,38.9428],[-93.4973,38.9284],[-93.4931,38.8992],[-93.5096,38.6358],[-93.511,38.5562]]]},"properties":{"GEOID":"42740","NAME":"Sedalia, MO","LSAD":"M2"}},
{"type":"Feature","geometry":{"type":"Polygon","coordinates":[[[-80.5193,41.8496],[-80.5192,41.4999],[-80.5192,41.4891],[-80.326,41.4843],[-80.1254,41.4804],[-80.1256,41.4863],[-79.9998,41.49],[-79.9581,41.5135],[-79.9095,41.5501],[-79.8927,41.5741],[-79.8501,41.5871],[-79.8297,41.602],[-79.8291,41.6221],[-79.7684,41.6177],[-79.6132,41.6169],[-79.6131,41.6239],[-79.6121,41.8503],[-79.6804,41.8515],[-80.1465,41.849],[-80.5193,41.8496]]]},"properties":{"GEOID":"32740","NAME":"Meadville, PA","LSAD":"M2"}},
{"type":"Feature","geometry":{"type":"Polygon","coordinates":[[[-97.9221,38.1737],[-98.1423,38.1739],[-98.1422,38.1595],[-98.2159,38.1588],[-98.216,38.1735],[-98.4728,38.1728],[-98.4723,37.8245],[-98.4649,37.8245],[-98.4648,37.7327],[-98.2645,37.7325],[-97.8078,37.7339],[-97.6987,37.7351],[-97.7021,37.8252],[-97.7018,38.1738],[-97.9221,38.1737]]]},"properties":{"GEOID":"26740","NAME":"Hutchinson, KS","LSAD":"M2"}},
{"type":"Feature","geometry":{"type":"Polygon","coordinates":[[[-84.977,34.9877],[-84.9974,34.9724],[-84.9978,34.9406],[-85.0234,34.9008],[-85.0233,34.8711],[-85.0616,34.8636],[-85.0616,34.8195],[-85.1317,34.8197],[-85.1448,34.7676],[-85.1684,34.7202],[-85.0508,34.72],[-85.0504,34.6225],[-85.0504,34.616],[-84.8639,34.6158],[-84.8638,34.6086],[-84.7797,34.6083],[-84.7457,34.622],[-84.7157,34.6229],[-84.7053,34.5908],[-84.6545,34.5832],[-84.6571,34.7289],[-84.6396,34.7536],[-84.6415,34.7774],[-84.6097,34.7909],[-84.5822,34.8246],[-84.6228,34.8571],[-84.6215,34.9883],[-84.977,34.9877]]]},"properties":{"GEOID":"19140","NAME":"Dalton, GA","LSAD":"M1"}},
{"type":"Feature","geometry":{"type":"Polygon","coordinates":[[[-82.9957,31.781],[-83.028,31.7783],[-83.0888,31.809],[-83.129,31.81],[-83.1381,31.8253],[-83.18,31.8504],[-83.2096,31.8446],[-83.4802,31.8473],[-83.4844,31.8348],[-83.4592,31.7943],[-83.4536,31.7579],[-83.3703,31.7571],[-83.3696,31.7697],[-83.3397,31.7696],[-83.3253,31.7566],[-83.3256,31.6806],[-83.2656,31.6799],[-83.2664,31.6542],[-83.1772,31.6517],[-83.1764,31.6784],[-82.9984,31.6732],[-82.9957,31.781]]]},"properties":{"GEOID":"22340","NAME":"Fitzgerald, GA","LSAD":"M2"}},
{"type":"Feature","geometry":{"type":"Polygon","coordinates":[[[-73.4873,42.0496],[-73.4896,42.0001],[-73.5182,41.6667],[-73.4847,41.6474],[-73.4978,41.6381],[-73.4552,41.5472],[-73.4415,41.4913],[-73.387,41.5148],[-73.3753,41.4892],[-73.3268,41.4695],[-73.3105,41.4688],[-73.3265,41.4838],[-73.3189,41.5052],[-73.2428,41.513],[-73.2042,41.5085],[-73.1555,41.5143],[-73.1647,41.5571],[-73.0924,41.5705],[-73.083,41.5856],[-73.058,41.5886],[-73.058,41.6067],[-73.0215,41.6271],[-72.9832,41.6396],[-73.0169,41.7982],[-72.949,41.8064],[-72.9365,41.8403],[-72.9536,41.8539],[-72.9406,41.8952],[-72.9153,41.8968],[-72.8871,41.9731],[-73.0295,41.9666],[-73.0088,42.0389],[-73.0533,42.0399],[-73.4328,42.0506],[-73.4873,42.0496]]]},"properties":{"GEOID":"45860","NAME":"Torrington, CT","LSAD":"M2"}},
{"type":"Feature","geometry":{"type":"Polygon","coordinates":[[[-94.6059,40.1261],[-94.6034,40.2713],[-94.5985,40.3867],[-94.6086,40.3868],[-94.6084,40.4724],[-94.6319,40.4725],[-94.632,40.5712],[-94.9917,40.5757],[-95.2023,40.5785],[-95.202,40.4791],[-95.1777,40.4789],[-95.1776,40.3922],[-95.1806,40.2617],[-95.0716,40.2609],[-95.0638,40.2059],[-95.061,40.1429],[-95.0431,40.1301],[-94.785,40.127],[-94.6059,40.1261]]]},"properties":{"GEOID":"32340","NAME":"Maryville, MO","LSAD":"M2"}},
{"type":"Feature","geometry":{"type":"Polygon","coordinates":[[[-100.6606,32.5253],[-100.6591,32.7338],[-100.6559,32.9635],[-100.9902,32.965],[-101.0387,32.9702],[-101.1734,32.9636],[-101.1743,32.7411],[-101.1746,32.5277],[-101.0344,32.5279],[-100.7834,32.5254],[-100.6606,32.5253]]]},"properties":{"GEOID":"43660","NAME":"Snyder, TX","LSAD":"M2"}},
{"type":"Feature","geometry":{"type":"Polygon","coordinates":[[[-95.3881,43.2552],[-95.3882,42.9099],[-94.9139,42.9097],[-94.9137,43.2551],[-95.3881,43.2552]]]},"properties":{"GEOID":"43980","NAME":"Spencer, IA","LSAD":"M2"}},
{"type":"Feature","geometry":{"type":"Polygon","coordinates":[[[-76.965,42.2785],[-76.9658,42.0013],[-76.9271,42.0017],[-76.5577,42.0001],[-76.5613,42.0095],[-76.5415,42.0517],[-76.5506,42.0796],[-76.5612,42.1559],[-76.5365,42.1554],[-76.5358,42.2501],[-76.5383,42.2818],[-76.6193,42.2829],[-76.6195,42.2487],[-76.6481,42.2381],[-76.6858,42.2483],[-76.7327,42.2481],[-76.7339,42.2937],[-76.8429,42.2938],[-76.9648,42.2874],[-76.965,42.2785]]]},"properties":{"GEOID":"21300","NAME":"Elmira, NY","LSAD":"M1"}},
{"type":"Feature","geometry":{"type":"Polygon","coordinates":[[[-88.0432,44.241],[-88.0438,44.1822],[-88.0418,43.8917],[-87.7313,43.8922],[-87.719,43.9378],[-87.6989,43.9659],[-87.6834,44.0201],[-87.6561,44.0518],[-87.6481,44.1037],[-87.6009,44.1317],[-87.5632,44.1442],[-87.5197,44.1799],[-87.5084,44.2297],[-87.5412,44.2931],[-87.543,44.3275],[-87.8875,44.3276],[-87.8881,44.2405],[-88.0432,44.241]]]},"properties":{"GEOID":"31820","NAME":"Manitowoc, WI","LSAD":"M2"}},
{"type":"Feature","geometry":{"type":"Polygon","coordinates":[[[-82.1843,40.4564],[-82.1959,40.2391],[-82.1828,40.2386],[-82.1871,40.1669],[-82.093,40.1626],[-81.7163,40.1522],[-81.6709,40.151],[-81.6676,40.2225],[-81.6227,40.2213],[-81.616,40.3681],[-81.7123,40.3708],[-81.7091,40.4448],[-81.8939,40.4481],[-82.1843,40.4564]]]},"properties":{"GEOID":"18740","NAME":"Coshocton, OH","LSAD":"M2"}},
{"type":"Feature","geometry":{"type":"Polygon","coordinates":[[[-99.4538,27.2651],[-99.4415,27.2499],[-99.4452,27.2233],[-99.4333,27.2113],[-99.4263,27.1763],[-99.438,27.1541],[-99.4306,27.1266],[-99.4418,27.1054],[-99.4345,27.0785],[-99.4523,27.0627],[-99.4461,27.0233],[-99.4155,27.0172],[-99.4037,26.9974],[-99.3773,26.9738],[-99.3931,26.964],[-99.3883,26.9442],[-99.3671,26.929],[-99.3373,26.9228],[-99.3218,26.9068],[-99.3289,26.8798],[-99.3168,26.8658],[-99.2951,26.8654],[-99.2686,26.8432],[-99.2622,26.8157],[-99.2424,26.7883],[-99.24,26.7459],[-99.2089,26.7248],[-99.2099,26.6939],[-99.2005,26.6564],[-99.1781,26.6205],[-99.1695,26.5717],[-99.0111,26.675],[-98.9542,26.7857],[-98.9543,27.0031],[-98.9547,27.2694],[-99.3336,27.2732],[-99.3706,27.3192],[-99.4538,27.2651]]]},"properties":{"GEOID":"49820","NAME":"Zapata, TX","LSAD":"M2"}},
{"type":"Feature","geometry":{"type":"Polygon","coordinates":[[[-95.1317,45.4124],[-95.2553,45.4127],[-95.2552,45.2387],[-95.2467,45.2387],[-95.2485,44.8913],[-94.7581,44.8921],[-94.7571,45.0663],[-94.7575,45.2391],[-94.7635,45.2391],[-94.7631,45.3261],[-94.7629,45.4129],[-95.1317,45.4124]]]},"properties":{"GEOID":"48820","NAME":"Willmar, MN","LSAD":"M2"}},
{"type":"Feature","geometry":{"type":"Polygon","coordinates":[[[-87.0926,40.2148],[-87.091,39.953],[-87.0915,39.8673],[-87.0095,39.8667],[-86.6951,39.8648],[-86.6958,40.1787],[-86.6956,40.2144],[-87.0926,40.2148]]]},"properties":{"GEOID":"18820","NAME":"Crawfordsville, IN","LSAD":"M2"}},
{"type":"Feature","geometry":{"type":"Polygon","coordinates":[[[-84.8033,40.9894],[-84.8029,40.9226],[-84.8021,40.7281],[-84.6344,40.7276],[-84.4562,40.7283],[-84.4562,40.6849],[-84.3968,40.6849],[-84.3974,40.8159],[-84.3401,40.8161],[-84.3405,40.8591],[-84.341,40.9036],[-84.3984,40.9033],[-84.3995,40.9903],[-84.8033,40.9894]]]},"properties":{"GEOID":"46780","NAME":"Van Wert, OH","LSAD":"M2"}},
{"type":"Feature","geometry":{"type":"Polygon","coordinates":[[[-66.2575,18.0759],[-66.3208,18.1261],[-66.3143,18.1514],[-66.3221,18.1642],[-66.3738,18.1737],[-66.4137,18.1633],[-66.4361,18.1755],[-66.4446,18.1767],[-66.4328,18.1727],[-66.4292,18.1564],[-66.4194,18.1453],[-66.4312,18.0854],[-66.427,18.0426],[-66.3718,18.0326],[-66.3568,18.0369],[-66.3312,18.0159],[-66.313,18.0444],[-66.2798,18.0685],[-66.2575,18.0759]]]},"properties":{"GEOID":"17620","NAME":"Coamo, PR","LSAD":"M2"}},
{"type":"Feature","geometry":{"type":"Polygon","coordinates":[[[-96.0935,44.6043],[-96.0931,44.5444],[-96.0804,44.5431],[-96.0786,44.1966],[-95.5936,44.1955],[-95.5948,44.5423],[-95.6043,44.5425],[-95.604,44.6299],[-96.0929,44.6305],[-96.0935,44.6043]]]},"properties":{"GEOID":"32140","NAME":"Marshall, MN","LSAD":"M2"}},
{"type":"Feature","geometry":{"type":"Polygon","coordinates":[[[-76.3803,40.7754],[-76.5708,40.706],[-76.6925,40.6638],[-76.7016,40.6581],[-76.5354,40.5552],[-76.4402,40.496],[-76.4186,40.4956],[-76.3382,40.5155],[-76.256,40.5171],[-76.2194,40.5287],[-76.1716,40.5349],[-76.1059,40.5622],[-76.0796,40.5661],[-76.0425,40.584],[-76.0122,40.5777],[-75.9932,40.6397],[-75.8915,40.6773],[-75.8083,40.7073],[-75.7578,40.7354],[-75.886,40.8163],[-75.9976,40.9133],[-76.028,40.9023],[-76.2078,40.9497],[-76.2846,40.8836],[-76.3072,40.8018],[-76.3803,40.7754]]]},"properties":{"GEOID":"39060","NAME":"Pottsville, PA","LSAD":"M2"}},
{"type":"Feature","geometry":{"type":"Polygon","coordinates":[[[-87.5135,36.3347],[-87.5239,36.2512],[-87.5304,36.2324],[-87.5668,36.1779],[-87.5518,36.1375],[-87.5445,36.0942],[-87.5453,36.0466],[-87.5524,36.016],[-87.5345,35.9931],[-87.2742,35.9646],[-87.2042,35.9592],[-87.2014,35.9406],[-87.2341,35.7247],[-87.2558,35.7003],[-87.2894,35.6969],[-87.3079,35.6861],[-87.3328,35.6347],[-87.3529,35.6179],[-87.3523,35.5846],[-87.3149,35.5676],[-87.3177,35.5491],[-87.2899,35.548],[-87.2834,35.4969],[-87.2748,35.4834],[-87.2945,35.4447],[-87.2279,35.4293],[-87.2066,35.4332],[-87.1657,35.4369],[-87.1225,35.4561],[-87.0592,35.4314],[-87.0301,35.4322],[-87.0176,35.4159],[-86.9608,35.417],[-86.955,35.4515],[-86.8955,35.4811],[-86.8496,35.5255],[-86.8274,35.5821],[-86.8119,35.6964],[-86.7823,35.7034],[-86.6969,35.7054],[-86.6394,35.6859],[-86.6364,35.702],[-86.5431,35.6976],[-86.4732,35.6463],[-86.4451,35.6435],[-86.4166,35.6496],[-86.4052,35.6222],[-86.3729,35.6307],[-86.3786,35.6428],[-86.336,35.6621],[-86.3104,35.6616],[-86.3013,35.6457],[-86.2798,35.6459],[-86.2452,35.6319],[-86.2408,35.658],[-86.2468,35.6854],[-86.2196,35.7062],[-86.1919,35.7019],[-86.1434,35.6617],[-86.1203,35.6609],[-86.0889,35.6468],[-86.0532,35.644],[-86.0153,35.6494],[-85.9851,35.6601],[-85.9913,35.6974],[-85.9849,35.7346],[-85.9139,35.8225],[-85.8852,35.8397],[-85.908,35.8725],[-85.9921,35.9489],[-86.0148,35.9611],[-86.0482,36.05],[-86.0565,36.0593],[-86.0561,36.0904],[-86.0302,36.084],[-85.9861,36.0871],[-85.9692,36.0991],[-85.9101,36.1169],[-85.865,36.0938],[-85.8426,36.1195],[-85.8074,36.1316],[-85.8031,36.1747],[-85.7862,36.2107],[-85.7801,36.238],[-85.8037,36.2557],[-85.8239,36.2513],[-85.8465,36.2882],[-85.8139,36.4995],[-85.7965,36.6135],[-85.8322,36.622],[-85.9729,36.6285],[-86.1976,36.6394],[-86.3331,36.6488],[-86.4114,36.6506],[-86.5078,36.6524],[-86.5641,36.6335],[-86.5899,36.6525],[-86.7138,36.6493],[-87.115,36.6424],[-87.1298,36.5723],[-87.1413,36.5549],[-87.1161,36.5392],[-87.1287,36.462],[-87.1713,36.4276],[-87.1794,36.4066],[-87.2056,36.4095],[-87.2151,36.3959],[-87.2498,36.378],[-87.2634,36.3543],[-87.2805,36.3545],[-87.2865,36.3219],[-87.3272,36.3159],[-87.5135,36.3347]]]},"properties":{"GEOID":"34980","NAME":"Nashville-Davidson--Murfreesboro--Franklin, TN","LSAD":"M1"}},
{"type":"Feature","geometry":{"type":"Polygon","coordinates":[[[-88.7452,40.0552],[-88.7457,39.7921],[-88.4623,39.7918],[-88.4622,39.8791],[-88.2364,39.8791],[-87.9376,39.8798],[-87.9392,40.0545],[-87.9421,40.2255],[-87.9288,40.2256],[-87.9324,40.3994],[-88.1174,40.4006],[-88.347,40.3984],[-88.46,40.3989],[-88.4604,40.2819],[-88.5749,40.2815],[-88.688,40.1423],[-88.6881,40.0986],[-88.7453,40.0988],[-88.7452,40.0552]]]},"properties":{"GEOID":"16580","NAME":"Champaign-Urbana, IL","LSAD":"M1"}},
{"type":"Feature","geometry":{"type":"Polygon","coordinates":[[[-71.5317,43.761],[-71.5215,43.698],[-71.6483,43.6845],[-71.6551,43.6613],[-71.6512,43.6211],[-71.6881,43.595],[-71.7133,43.6005],[-71.7276,43.5634],[-71.6773,43.5005],[-71.638,43.4918],[-71.62,43.4439],[-71.6011,43.435],[-71.5612,43.4548],[-71.5494,43.4524],[-71.3491,43.3466],[-71.236,43.285],[-71.1594,43.3551],[-71.1908,43.515],[-71.1627,43.539],[-71.1988,43.5588],[-71.258,43.5713],[-71.4604,43.7097],[-71.5317,43.761]]]},"properties":{"GEOID":"29060","NAME":"Laconia, NH","LSAD":"M2"}},
{"type":"Feature","geometry":{"type":"Polygon","coordinates":[[[-84.8023,40.5722],[-84.8041,40.3528],[-84.6744,40.3519],[-84.4346,40.3543],[-84.4344,40.3545],[-84.4554,40.3586],[-84.4562,40.6849],[-84.4562,40.7283],[-84.6344,40.7276],[-84.8021,40.7281],[-84.8023,40.5722]]]},"properties":{"GEOID":"16380","NAME":"Celina, OH","LSAD":"M2"}},
{"type":"Feature","geometry":{"type":"Polygon","coordinates":[[[-97.4625,36.5936],[-97.7469,36.5933],[-98.1043,36.5936],[-98.1045,36.4197],[-98.1039,36.1649],[-97.6756,36.1647],[-97.4608,36.1645],[-97.4616,36.5936],[-97.4625,36.5936]]]},"properties":{"GEOID":"21420","NAME":"Enid, OK","LSAD":"M1"}},
{"type":"Feature","geometry":{"type":"Polygon","coordinates":[[[-84.3633,42.0735],[-84.3604,41.7066],[-84.1344,41.7129],[-83.7631,41.7235],[-83.7674,41.821],[-83.7739,42.0824],[-84.0083,42.078],[-84.0082,42.0736],[-84.132,42.0716],[-84.1798,42.0738],[-84.3633,42.0735]]]},"properties":{"GEOID":"10300","NAME":"Adrian, MI","LSAD":"M2"}},
{"type":"Feature","geometry":{"type":"Polygon","coordinates":[[[-96.9085,41.0461],[-97.3681,41.0469],[-97.3684,40.6986],[-96.9135,40.6979],[-96.9126,40.5236],[-96.4636,40.523],[-96.4638,40.784],[-96.4639,41.0451],[-96.9085,41.0461]]]},"properties":{"GEOID":"30700","NAME":"Lincoln, NE","LSAD":"M1"}},
{"type":"Feature","geometry":{"type":"Polygon","coordinates":[[[-85.6845,39.35],[-85.6867,39.2614],[-85.6868,39.1309],[-85.5663,39.1328],[-85.4401,39.1956],[-85.2965,39.2683],[-85.2976,39.4533],[-85.6293,39.4528],[-85.6306,39.3502],[-85.6845,39.35]]]},"properties":{"GEOID":"24700","NAME":"Greensburg, IN","LSAD":"M2"}},
{"type":"Feature","geometry":{"type":"Polygon","coordinates":[[[-86.1459,31.6177],[-86.1439,31.5377],[-86.1566,31.5302],[-86.1948,31.5299],[-86.194,31.4401],[-86.1964,31.4254],[-86.1935,31.1922],[-85.9383,31.1963],[-85.7914,31.1963],[-85.7896,31.3727],[-85.7891,31.618],[-85.9999,31.6193],[-86.1459,31.6177]]]},"properties":{"GEOID":"21460","NAME":"Enterprise, AL","LSAD":"M2"}},
{"type":"Feature","geometry":{"type":"Polygon","coordinates":[[[-86.6823,38.9924],[-86.6831,38.6866],[-86.4601,38.6887],[-86.3087,38.6881],[-86.3096,38.7307],[-86.2921,38.7351],[-86.2753,38.7638],[-86.2804,38.991],[-86.3175,38.9909],[-86.6823,38.9924]]]},"properties":{"GEOID":"13260","NAME":"Bedford, IN","LSAD":"M2"}},
{"type":"Feature","geometry":{"type":"Polygon","coordinates":[[[-123.2019,47.0851],[-123.2031,46.997],[-123.1584,46.9959],[-123.1606,46.7934],[-123.1609,46.7643],[-122.8032,46.7633],[-122.571,46.7633],[-122.2031,46.7631],[-122.2361,46.7729],[-122.2696,46.7668],[-122.3125,46.796],[-122.3027,46.8087],[-122.3186,46.8284],[-122.3712,46.8454],[-122.406,46.8425],[-122.4907,46.8673],[-122.4978,46.9088],[-122.5662,46.9398],[-122.5845,46.9743],[-122.6374,46.9771],[-122.6303,46.9983],[-122.6716,47.0149],[-122.6773,47.0433],[-122.7075,47.0853],[-122.6927,47.1013],[-122.7132,47.0935],[-122.7863,47.1271],[-122.7933,47.1525],[-122.8584,47.1678],[-122.9035,47.1575],[-122.9113,47.176],[-122.947,47.1856],[-122.9528,47.1701],[-123.0024,47.1513],[-123.0154,47.1238],[-123.0606,47.114],[-123.0751,47.0848],[-123.2019,47.0851]]]},"properties":{"GEOID":"36500","NAME":"Olympia-Lacey-Tumwater, WA","LSAD":"M1"}},
{"type":"Feature","geometry":{"type":"MultiPolygon","coordinates":[[[[-75.7268,35.9358],[-75.6977,35.9016],[-75.6728,35.8824],[-75.6606,35.8625],[-75.6679,35.8235],[-75.6144,35.8157],[-75.6168,35.8563],[-75.6277,35.8831],[-75.6595,35.9196],[-75.6911,35.9369],[-75.7268,35.9358]]],[[[-75.7325,35.2004],[-75.7204,35.1986],[-75.6492,35.2225],[-75.6022,35.2326],[-75.5581,35.2343],[-75.5313,35.2266],[-75.5188,35.2575],[-75.506,35.3252],[-75.4858,35.4007],[-75.4792,35.4834],[-75.4619,35.5575],[-75.4619,35.5927],[-75.4752,35.6616],[-75.5047,35.7443],[-75.5214,35.754],[-75.4959,35.673],[-75.4714,35.6217],[-75.4687,35.574],[-75.4761,35.5343],[-75.488,35.5113],[-75.4838,35.494],[-75.4952,35.3891],[-75.5137,35.3569],[-75.5151,35.3009],[-75.5239,35.2696],[-75.5379,35.2729],[-75.5798,35.263],[-75.6188,35.2469],[-75.6413,35.2287],[-75.6682,35.219],[-75.6863,35.231],[-75.7006,35.2114],[-75.7325,35.2004]]],[[[-75.7954,36.2271],[-75.7724,36.2175],[-75.7459,36.1441],[-75.7519,36.1224],[-75.7397,36.0753],[-75.7371,36.0408],[-75.7152,36.0483],[-75.7106,36.0256],[-75.7276,36.0034],[-75.6823,35.9958],[-75.6671,35.9714],[-75.6445,35.9644],[-75.6154,35.9264],[-75.6122,35.9053],[-75.6229,35.8923],[-75.6022,35.8744],[-75.5889,35.8449],[-75.5575,35.796],[-75.5455,35.8051],[-75.5698,35.8633],[-75.6585,36.0204],[-75.7183,36.1137],[-75.7733,36.2315],[-75.7954,36.2271]]],[[[-76.013,35.6701],[-75.9013,35.669],[-75.8921,35.6445],[-75.8688,35.6299],[-75.8718,35.6106],[-75.8528,35.5847],[-75.8305,35.5929],[-75.812,35.5833],[-75.7522,35.608],[-75.7349,35.6302],[-75.7804,35.6841],[-75.7673,35.7056],[-75.7381,35.6946],[-75.7257,35.7145],[-75.7262,35.7392],[-75.7386,35.7494],[-75.7348,35.8373],[-75.7519,35.851],[-75.7495,35.8841],[-75.7612,35.8889],[-75.7823,35.9196],[-75.7825,35.9334],[-75.8094,35.9593],[-75.8709,35.9786],[-75.9104,35.9736],[-75.9473,35.9598],[-75.9216,35.9359],[-75.9478,35.9203],[-75.9626,35.9014],[-75.9861,35.889],[-75.9881,35.8618],[-75.976,35.8385],[-75.9941,35.8125],[-75.9829,35.7726],[-76.0012,35.7253],[-75.9998,35.694],[-76.013,35.6701]]]]},"properties":{"GEOID":"28620","NAME":"Kill Devil Hills, NC","LSAD":"M2"}},
{"type":"Feature","geometry":{"type":"Polygon","coordinates":[[[-77.3566,40.8073],[-77.3541,40.7017],[-77.2879,40.6936],[-77.1505,40.6771],[-77.1096,40.6916],[-77.0939,40.6762],[-77.0355,40.6769],[-77.0138,40.6622],[-77.0031,40.6387],[-76.9458,40.6503],[-76.9399,40.6381],[-76.912,40.6676],[-76.8798,40.6872],[-76.8565,40.7226],[-76.8593,40.777],[-76.8493,40.8097],[-76.813,40.8471],[-76.8002,40.882],[-76.8582,40.8893],[-76.8781,40.8845],[-76.9418,40.8881],[-77.0103,40.8697],[-77.0188,40.8583],[-77.052,40.8694],[-77.0741,40.8683],[-77.1296,40.8538],[-77.3212,40.8172],[-77.3566,40.8073]]]},"properties":{"GEOID":"42780","NAME":"Selinsgrove, PA","LSAD":"M2"}},
{"type":"Feature","geometry":{"type":"Polygon","coordinates":[[[-94.618,36.9989],[-94.6183,36.7666],[-94.2815,36.7549],[-94.0689,36.7478],[-94.0578,37.0916],[-94.0523,37.2901],[-94.0838,37.2909],[-94.0821,37.3493],[-94.4475,37.358],[-94.6175,37.3642],[-94.6176,37.3384],[-94.618,36.9989]]]},"properties":{"GEOID":"27900","NAME":"Joplin, MO","LSAD":"M1"}},
{"type":"Feature","geometry":{"type":"Polygon","coordinates":[[[-88.7771,42.8427],[-88.7789,42.7548],[-88.7766,42.6675],[-88.7766,42.492],[-88.7074,42.4936],[-88.6387,42.495],[-88.3047,42.4948],[-88.3059,42.6108],[-88.308,42.7568],[-88.3064,42.8421],[-88.5415,42.843],[-88.7771,42.8427]]]},"properties":{"GEOID":"48580","NAME":"Whitewater, WI","LSAD":"M2"}},
{"type":"Feature","geometry":{"type":"Polygon","coordinates":[[[-85.5932,32.7285],[-85.6103,32.7139],[-85.6799,32.7125],[-85.6968,32.6974],[-85.6959,32.5959],[-85.6957,32.582],[-85.6613,32.5823],[-85.6611,32.5679],[-85.4893,32.4969],[-85.4386,32.4971],[-85.434,32.4098],[-85.3301,32.4108],[-85.3338,32.4686],[-85.0593,32.473],[-85.0608,32.5092],[-85.0008,32.5102],[-85.0225,32.5429],[-85.0675,32.5795],[-85.0894,32.6254],[-85.1053,32.6448],[-85.0885,32.6578],[-85.117,32.692],[-85.1185,32.7408],[-85.1348,32.7468],[-85.2848,32.7451],[-85.285,32.7307],[-85.5932,32.7285]]]},"properties":{"GEOID":"12220","NAME":"Auburn-Opelika, AL","LSAD":"M1"}},
{"type":"Feature","geometry":{"type":"Polygon","coordinates":[[[-94.618,36.9989],[-95.0076,36.9995],[-95.034,36.9943],[-95.0281,36.9665],[-94.9992,36.9431],[-94.9994,36.6706],[-94.7825,36.6706],[-94.7792,36.6678],[-94.618,36.6679],[-94.6183,36.7666],[-94.618,36.9989]]]},"properties":{"GEOID":"33060","NAME":"Miami, OK","LSAD":"M2"}},
{"type":"Feature","geometry":{"type":"Polygon","coordinates":[[[-88.3655,34.7556],[-88.3635,34.9956],[-88.823,34.9952],[-88.8235,34.8586],[-88.753,34.8588],[-88.7531,34.757],[-88.7185,34.7568],[-88.3655,34.7556]]]},"properties":{"GEOID":"18420","NAME":"Corinth, MS","LSAD":"M2"}},
{"type":"Feature","geometry":{"type":"Polygon","coordinates":[[[-89.7213,34.5543],[-89.7222,34.4223],[-89.7194,34.338],[-89.721,34.1925],[-89.5094,34.191],[-89.5097,34.1621],[-89.2455,34.1612],[-89.2463,34.3793],[-89.2461,34.4956],[-89.2928,34.5158],[-89.3327,34.5245],[-89.3698,34.5186],[-89.4065,34.526],[-89.4245,34.5191],[-89.4557,34.5325],[-89.4767,34.554],[-89.7213,34.5543]]]},"properties":{"GEOID":"37060","NAME":"Oxford, MS","LSAD":"M2"}},
{"type":"Feature","geometry":{"type":"Polygon","coordinates":[[[-90.7368,31.6985],[-90.7373,31.6111],[-90.6332,31.6114],[-90.6333,31.3493],[-90.5482,31.3496],[-90.2604,31.3503],[-90.2439,31.3503],[-90.2452,31.7175],[-90.28,31.6999],[-90.3801,31.7002],[-90.3794,31.6852],[-90.4136,31.6853],[-90.4142,31.7005],[-90.5622,31.6983],[-90.7368,31.6985]]]},"properties":{"GEOID":"15020","NAME":"Brookhaven, MS","LSAD":"M2"}},
{"type":"Feature","geometry":{"type":"Polygon","coordinates":[[[-85.6845,39.35],[-85.8709,39.3493],[-86.0856,39.3442],[-86.079,39.0796],[-86.0803,39.0503],[-86.0799,39.036],[-85.8605,39.0409],[-85.8474,39.0595],[-85.8229,39.0697],[-85.7988,39.0685],[-85.7998,39.1289],[-85.6868,39.1309],[-85.6867,39.2614],[-85.6845,39.35]]]},"properties":{"GEOID":"18020","NAME":"Columbus, IN","LSAD":"M1"}},
{"type":"Feature","geometry":{"type":"Polygon","coordinates":[[[-105.0492,38.258],[-105.0483,38.1278],[-105.0507,38.1138],[-105.0499,37.9155],[-105.0137,37.8813],[-104.6464,37.9005],[-104.3511,37.8175],[-104.0611,37.7347],[-104.0597,37.8526],[-104.0584,38.261],[-104.0549,38.2763],[-104.0539,38.5224],[-104.3755,38.5206],[-104.718,38.5196],[-104.9415,38.5196],[-104.9404,38.2583],[-105.0492,38.258]]]},"properties":{"GEOID":"39380","NAME":"Pueblo, CO","LSAD":"M1"}},
{"type":"Feature","geometry":{"type":"Polygon","coordinates":[[[-80.0415,36.7944],[-80.075,36.7908],[-80.0944,36.7796],[-80.089,36.7618],[-80.0942,36.7246],[-80.0758,36.6808],[-80.0584,36.6568],[-80.0595,36.6329],[-80.0502,36.6093],[-80.0535,36.5425],[-80.0273,36.5425],[-79.7148,36.542],[-79.6407,36.8561],[-79.6692,36.8278],[-79.691,36.8288],[-79.738,36.8118],[-79.7638,36.7923],[-79.7868,36.8007],[-79.8021,36.7921],[-79.9998,36.8307],[-80.0132,36.7837],[-80.0415,36.7944]]]},"properties":{"GEOID":"32300","NAME":"Martinsville, VA","LSAD":"M2"}},
{"type":"Feature","geometry":{"type":"Polygon","coordinates":[[[-92.18,41.1627],[-92.1791,40.8997],[-91.7182,40.9011],[-91.716,41.1628],[-91.8212,41.1616],[-91.9456,41.1636],[-92.18,41.1627]]]},"properties":{"GEOID":"21840","NAME":"Fairfield, IA","LSAD":"M2"}},
{"type":"Feature","geometry":{"type":"Polygon","coordinates":[[[-123.2296,42.7026],[-123.2292,42.3898],[-123.2292,42.1283],[-123.2311,42.0039],[-123.1457,42.0088],[-123.044,42.0031],[-122.7131,42.0042],[-122.3785,42.0095],[-122.2897,42.0081],[-122.2875,42.1272],[-122.2878,42.4745],[-122.2847,42.4745],[-122.2829,42.8001],[-122.2827,42.9965],[-122.401,42.9966],[-122.4209,42.9689],[-122.4602,42.9399],[-122.5603,42.9392],[-122.5603,42.9247],[-122.6003,42.8957],[-122.6378,42.897],[-122.6377,42.8811],[-122.6772,42.8811],[-122.6772,42.8666],[-122.7364,42.8235],[-122.7752,42.8288],[-122.775,42.8068],[-122.7948,42.7782],[-122.8529,42.7746],[-122.9512,42.7748],[-122.9705,42.7609],[-123.0098,42.7521],[-123.1127,42.7522],[-123.1522,42.7558],[-123.152,42.7377],[-123.1805,42.7378],[-123.2296,42.7026]]]},"properties":{"GEOID":"32780","NAME":"Medford, OR","LSAD":"M1"}},
{"type":"Feature","geometry":{"type":"Polygon","coordinates":[[[-104.0523,41.3932],[-103.7967,41.3932],[-103.4479,41.3937],[-103.3705,41.3947],[-103.3672,41.5159],[-103.3712,41.7244],[-103.3626,41.744],[-103.3615,41.8302],[-103.3633,42.0029],[-103.4015,42.0035],[-103.4016,42.0904],[-103.4441,42.0907],[-103.4443,42.4373],[-103.48,42.4373],[-103.4803,42.7849],[-103.5031,42.7849],[-103.5051,43.0008],[-103.8139,43.0014],[-104.053,43.0006],[-104.0526,42.6501],[-104.0531,42.5],[-104.0526,42.125],[-104.053,41.8855],[-104.0525,41.5643],[-104.0523,41.3932]]]},"properties":{"GEOID":"42420","NAME":"Scottsbluff, NE","LSAD":"M2"}},
{"type":"Feature","geometry":{"type":"Polygon","coordinates":[[[-96.0537,43.5872],[-96.0532,43.5001],[-95.7497,43.4999],[-95.4544,43.5005],[-95.452,43.761],[-95.4525,43.848],[-95.7726,43.8482],[-96.0523,43.8491],[-96.0537,43.5872]]]},"properties":{"GEOID":"49380","NAME":"Worthington, MN","LSAD":"M2"}},
{"type":"Feature","geometry":{"type":"Polygon","coordinates":[[[-97.6052,31.5878],[-97.4186,31.3202],[-97.3434,31.2442],[-97.2781,31.2798],[-97.0701,30.986],[-96.9113,31.069],[-96.8305,31.1052],[-96.7325,31.1525],[-96.5969,31.2209],[-96.7499,31.4484],[-96.9649,31.7557],[-97.0373,31.8631],[-97.2655,31.751],[-97.58,31.5989],[-97.6052,31.5878]]]},"properties":{"GEOID":"47380","NAME":"Waco, TX","LSAD":"M1"}},
{"type":"Feature","geometry":{"type":"Polygon","coordinates":[[[-85.6838,38.8154],[-85.6833,38.7367],[-85.6462,38.7299],[-85.6458,38.708],[-85.6087,38.7079],[-85.6082,38.6787],[-85.5709,38.6785],[-85.57,38.6062],[-85.4967,38.6067],[-85.4788,38.5862],[-85.4286,38.5864],[-85.4397,38.6115],[-85.4387,38.6593],[-85.4555,38.6821],[-85.4524,38.7082],[-85.4363,38.7285],[-85.4102,38.7371],[-85.3723,38.7305],[-85.3053,38.7415],[-85.2685,38.7402],[-85.2465,38.7318],[-85.2262,38.7059],[-85.2015,38.6911],[-85.2036,38.8169],[-85.2032,38.9138],[-85.4449,38.913],[-85.5382,38.9122],[-85.5374,38.8828],[-85.5738,38.8827],[-85.5738,38.8537],[-85.611,38.8538],[-85.6106,38.8242],[-85.6841,38.8239],[-85.6838,38.8154]]]},"properties":{"GEOID":"31500","NAME":"Madison, IN","LSAD":"M2"}},
{"type":"Feature","geometry":{"type":"Polygon","coordinates":[[[-85.7913,41.7591],[-86.0626,41.7605],[-86.0595,41.4792],[-86.0592,41.4358],[-85.8171,41.4349],[-85.6535,41.4369],[-85.6547,41.5233],[-85.6598,41.7591],[-85.7913,41.7591]]]},"properties":{"GEOID":"21140","NAME":"Elkhart-Goshen, IN","LSAD":"M1"}},
{"type":"Feature","geometry":{"type":"Polygon","coordinates":[[[-82.3365,41.0658],[-82.4369,41.0654],[-82.4329,40.9929],[-82.4179,40.9929],[-82.4168,40.8146],[-82.3886,40.8082],[-82.379,40.7872],[-82.3784,40.7271],[-82.3392,40.7267],[-82.337,40.555],[-82.2203,40.5682],[-82.2211,40.6674],[-82.1262,40.6684],[-82.1273,40.8043],[-82.125,40.8863],[-82.1293,40.9918],[-82.1734,40.9921],[-82.1715,41.0635],[-82.3365,41.0658]]]},"properties":{"GEOID":"11740","NAME":"Ashland, OH","LSAD":"M2"}},
{"type":"Feature","geometry":{"type":"Polygon","coordinates":[[[-104.8515,32.5205],[-104.8513,32.2535],[-104.8476,32.2535],[-104.8477,32.0001],[-104.7721,31.9975],[-104.7546,32.0005],[-104.3296,32.0001],[-104.0245,32],[-103.7229,32.0002],[-103.723,32.2389],[-103.7229,32.5223],[-103.8142,32.5224],[-103.8145,32.9651],[-104.1076,32.9654],[-104.5507,32.964],[-104.8416,32.9632],[-104.8421,32.8873],[-104.8422,32.5205],[-104.8515,32.5205]]]},"properties":{"GEOID":"16100","NAME":"Carlsbad-Artesia, NM","LSAD":"M2"}},
{"type":"Feature","geometry":{"type":"Polygon","coordinates":[[[-89.2463,34.3793],[-89.2455,34.1612],[-89.2444,34.0739],[-88.7271,34.0749],[-88.7187,34.0893],[-88.4938,34.0891],[-88.2038,34.0866],[-88.1656,34.3831],[-88.1563,34.4632],[-88.3292,34.4636],[-88.3308,34.5804],[-88.3307,34.7407],[-88.3655,34.7556],[-88.7185,34.7568],[-88.7178,34.5965],[-88.7354,34.5965],[-88.7367,34.4947],[-88.7894,34.4949],[-88.7898,34.3937],[-88.8251,34.3939],[-88.825,34.3648],[-88.9285,34.365],[-88.9289,34.3794],[-89.2463,34.3793]]]},"properties":{"GEOID":"46180","NAME":"Tupelo, MS","LSAD":"M2"}},
{"type":"Feature","geometry":{"type":"Polygon","coordinates":[[[-101.0861,35.6253],[-101.086,35.3719],[-101.0863,35.1821],[-100.9714,35.1833],[-100.539,35.1831],[-100.5383,35.3127],[-100.5413,35.75],[-100.5396,35.9543],[-100.5402,36.0565],[-101.037,36.0579],[-101.0857,36.0553],[-101.0861,35.6253]]]},"properties":{"GEOID":"37420","NAME":"Pampa, TX","LSAD":"M2"}},
{"type":"Feature","geometry":{"type":"Polygon","coordinates":[[[-69.3557,45.0735],[-69.2813,44.8087],[-69.2668,44.7219],[-69.2052,44.7296],[-69.1837,44.644],[-69.0886,44.6593],[-68.8375,44.7021],[-68.8158,44.6838],[-68.7978,44.6888],[-68.7719,44.6644],[-68.744,44.6606],[-68.7269,44.6961],[-68.6909,44.7217],[-68.6471,44.7036],[-68.6167,44.741],[-68.4452,44.763],[-68.5011,44.9807],[-68.3759,44.9974],[-68.3969,45.0833],[-68.2705,45.1001],[-68.3037,45.2215],[-68.055,45.2526],[-67.9398,45.2678],[-67.9669,45.3519],[-67.9579,45.3532],[-68.048,45.6399],[-68.2601,45.6045],[-68.2575,45.5979],[-68.4144,45.5728],[-68.433,45.5785],[-68.4307,45.7599],[-68.4266,45.8534],[-68.4276,45.9446],[-68.4317,45.9524],[-68.4323,46.0356],[-68.4369,46.0429],[-68.4374,46.2075],[-68.4364,46.3821],[-68.6949,46.3826],[-68.6949,46.3955],[-68.8194,46.3958],[-68.8221,46.1669],[-68.827,45.6848],[-68.9589,45.6622],[-68.9507,45.6384],[-68.9517,45.5818],[-68.9647,45.5124],[-68.8573,45.5273],[-68.8312,45.4424],[-68.7761,45.2403],[-68.8809,45.2249],[-68.8566,45.1428],[-69.125,45.1049],[-69.3557,45.0735]]]},"properties":{"GEOID":"12620","NAME":"Bangor, ME","LSAD":"M1"}},
{"type":"Feature","geometry":{"type":"Polygon","coordinates":[[[-92.0212,38.0106],[-92.0225,37.8807],[-92.0293,37.6025],[-91.8091,37.5989],[-91.8062,37.7913],[-91.5288,37.789],[-91.5264,37.9414],[-91.525,38.1524],[-91.6306,38.1535],[-91.6324,38.051],[-91.7468,38.0532],[-91.8951,38.0512],[-91.9352,38.0309],[-91.9583,38.0363],[-91.9663,38.0097],[-92.0212,38.0106]]]},"properties":{"GEOID":"40620","NAME":"Rolla, MO","LSAD":"M2"}},
{"type":"Feature","geometry":{"type":"Polygon","coordinates":[[[-85.8178,44.513],[-85.8206,44.3755],[-85.8212,44.1642],[-85.3858,44.1651],[-85.1126,44.1645],[-84.8517,44.1614],[-84.8558,44.422],[-84.8509,44.5111],[-85.0929,44.5105],[-85.3841,44.5124],[-85.5569,44.5121],[-85.8178,44.513]]]},"properties":{"GEOID":"15620","NAME":"Cadillac, MI","LSAD":"M2"}},
{"type":"Feature","geometry":{"type":"Polygon","coordinates":[[[-70.1294,44.4872],[-70.1005,44.3839],[-70.1289,44.3682],[-70.1029,44.3372],[-70.099,44.3195],[-70.0746,44.2986],[-70.0757,44.2062],[-70.0605,44.1918],[-69.9938,44.1806],[-70.0185,44.1579],[-70.0274,44.1306],[-70.0055,44.1245],[-69.8978,44.1077],[-69.8781,44.1534],[-69.855,44.1679],[-69.7636,44.1532],[-69.7582,44.1393],[-69.6567,44.1224],[-69.6654,44.2276],[-69.6502,44.2796],[-69.5474,44.261],[-69.5214,44.2806],[-69.5064,44.3429],[-69.4455,44.4638],[-69.396,44.4571],[-69.3724,44.5446],[-69.4168,44.5511],[-69.3931,44.6404],[-69.4606,44.6471],[-69.4429,44.6724],[-69.4756,44.6767],[-69.4675,44.708],[-69.4834,44.7203],[-69.6331,44.7004],[-69.6287,44.6724],[-69.5791,44.627],[-69.6057,44.5773],[-69.7421,44.5982],[-69.7763,44.6082],[-69.7928,44.5773],[-69.8185,44.5813],[-69.8204,44.6032],[-69.8533,44.6215],[-69.9305,44.6109],[-69.9535,44.5747],[-70.0402,44.5887],[-70.0424,44.571],[-70.0722,44.5293],[-70.0355,44.5081],[-70.0423,44.4852],[-70.1294,44.4872]]]},"properties":{"GEOID":"12300","NAME":"Augusta-Waterville, ME","LSAD":"M2"}},
{"type":"Feature","geometry":{"type":"Polygon","coordinates":[[[-83.9916,38.5937],[-83.9683,38.5828],[-83.961,38.5329],[-83.9303,38.4923],[-83.8593,38.4563],[-83.7217,38.504],[-83.6419,38.5254],[-83.6246,38.6114],[-83.6404,38.6349],[-83.6714,38.6274],[-83.7053,38.6398],[-83.7722,38.6582],[-83.7836,38.6956],[-83.8406,38.7219],[-83.859,38.7568],[-83.9039,38.7682],[-83.9916,38.5937]]]},"properties":{"GEOID":"32500","NAME":"Maysville, KY","LSAD":"M2"}},
{"type":"Feature","geometry":{"type":"Polygon","coordinates":[[[-111.5547,34.4717],[-111.5545,34.4394],[-111.5767,34.4206],[-111.601,34.4193],[-111.612,34.4051],[-111.6596,34.3863],[-111.6654,34.3531],[-111.6659,34.2855],[-111.6965,34.2504],[-111.7043,34.2268],[-111.6902,34.2],[-111.6939,34.1855],[-111.7205,34.1604],[-111.712,34.1511],[-111.5007,34.151],[-111.4708,34.1116],[-111.4854,34.0951],[-111.4638,34.0724],[-111.4714,34.0421],[-111.4924,34.0379],[-111.495,34],[-111.4665,34.0059],[-111.4331,33.9844],[-111.4529,33.9622],[-111.4471,33.9349],[-111.4051,33.9192],[-111.4123,33.8847],[-111.3881,33.8634],[-111.3955,33.8409],[-111.3798,33.7957],[-111.3894,33.7767],[-111.3868,33.75],[-111.3593,33.741],[-111.3367,33.7205],[-111.3314,33.6884],[-111.3152,33.6815],[-111.2575,33.621],[-111.2242,33.6031],[-111.2094,33.6335],[-111.1534,33.6776],[-111.04,33.466],[-110.9746,33.3418],[-110.9467,33.2502],[-110.7832,32.9848],[-110.7638,33.0049],[-110.7293,33.0273],[-110.7168,33.0528],[-110.7257,33.0694],[-110.6833,33.0881],[-110.678,33.1112],[-110.6568,33.1135],[-110.6344,33.1424],[-110.5938,33.1338],[-110.569,33.1448],[-110.5047,33.1862],[-110.4633,33.1833],[-110.449,33.1945],[-110.4086,33.192],[-110.4352,33.2392],[-110.4572,33.2953],[-110.4415,33.3817],[-110.4187,33.3863],[-110.4131,33.4015],[-110.363,33.3982],[-110.3412,33.4269],[-110.3131,33.4335],[-110.2924,33.4297],[-110.2723,33.4421],[-110.2153,33.436],[-110.1697,33.4654],[-110.0006,33.4659],[-110.0006,33.5769],[-110.0007,34],[-110.2525,34],[-110.7507,34],[-110.7507,34.2633],[-110.7646,34.2924],[-110.796,34.2991],[-110.8246,34.2954],[-110.8481,34.2672],[-110.8774,34.2758],[-110.8969,34.3024],[-110.9408,34.3105],[-110.9691,34.3243],[-111.0113,34.36],[-111.0332,34.3409],[-111.05,34.3472],[-111.0397,34.3733],[-111.0763,34.3816],[-111.0875,34.395],[-111.1183,34.383],[-111.1509,34.3794],[-111.161,34.4038],[-111.2219,34.4167],[-111.2541,34.4523],[-111.311,34.428],[-111.3541,34.4246],[-111.3717,34.4396],[-111.3994,34.4223],[-111.4071,34.3769],[-111.4247,34.3946],[-111.4269,34.4481],[-111.4673,34.4142],[-111.5085,34.4222],[-111.525,34.4115],[-111.5492,34.4201],[-111.509,34.4547],[-111.5285,34.4704],[-111.5547,34.4717]]]},"properties":{"GEOID":"37740","NAME":"Payson, AZ","LSAD":"M2"}},
{"type":"Feature","geometry":{"type":"Polygon","coordinates":[[[-91.6656,45.208],[-91.6664,45.1208],[-91.6515,45.1204],[-91.6505,44.854],[-91.6504,44.6836],[-91.6502,44.5966],[-91.3482,44.596],[-91.2865,44.5968],[-90.9223,44.5963],[-90.9215,44.7705],[-90.9228,45.1193],[-90.926,45.1193],[-90.9252,45.2921],[-91.2344,45.292],[-91.541,45.2921],[-91.5422,45.2065],[-91.6656,45.208]]]},"properties":{"GEOID":"20740","NAME":"Eau Claire, WI","LSAD":"M1"}},
{"type":"Feature","geometry":{"type":"Polygon","coordinates":[[[-76.2747,42.7713],[-76.2656,42.6236],[-76.2534,42.4076],[-76.0222,42.4128],[-76.0214,42.409],[-75.864,42.4157],[-75.8898,42.7238],[-75.8961,42.791],[-76.0802,42.78],[-76.2747,42.7713]]]},"properties":{"GEOID":"18660","NAME":"Cortland, NY","LSAD":"M2"}},
{"type":"Feature","geometry":{"type":"Polygon","coordinates":[[[-84.1311,42.4246],[-84.1308,42.25],[-84.1341,42.1693],[-84.132,42.0716],[-84.0082,42.0736],[-84.0083,42.078],[-83.7739,42.0824],[-83.5394,42.0856],[-83.5454,42.3058],[-83.5519,42.4352],[-83.7448,42.4285],[-83.7651,42.4294],[-83.9446,42.4241],[-84.1311,42.4246]]]},"properties":{"GEOID":"11460","NAME":"Ann Arbor, MI","LSAD":"M1"}},
{"type":"Feature","geometry":{"type":"MultiPolygon","coordinates":[[[[-80.4879,25.2082],[-80.4655,25.2118],[-80.443,25.185],[-80.4619,25.1601],[-80.4613,25.1325],[-80.4333,25.1078],[-80.3997,25.1085],[-80.3582,25.1532],[-80.3604,25.1771],[-80.3435,25.1955],[-80.2874,25.2841],[-80.2776,25.3103],[-80.253,25.3405],[-80.267,25.3521],[-80.2806,25.3287],[-80.3066,25.3006],[-80.3442,25.2766],[-80.3322,25.263],[-80.3344,25.2405],[-80.3528,25.2076],[-80.3719,25.2063],[-80.4017,25.1921],[-80.4205,25.212],[-80.4136,25.2355],[-80.3979,25.2535],[-80.4189,25.2363],[-80.4414,25.2439],[-80.4936,25.2273],[-80.4879,25.2082]]],[[[-81.1248,24.7071],[-81.108,24.6886],[-81.0824,24.692],[-81.0671,24.7149],[-81.0343,24.7273],[-81.0238,24.7169],[-80.9923,24.7332],[-81.0506,24.7376],[-81.0769,24.7165],[-81.1248,24.7071]]],[[[-81.47,25.8036],[-81.424,25.7937],[-81.415,25.7844],[-81.3814,25.7755],[-81.3819,25.7492],[-81.3552,25.7287],[-81.2903,25.6875],[-81.2899,25.6543],[-81.2733,25.6385],[-81.2715,25.6143],[-81.2417,25.6065],[-81.2336,25.5689],[-81.2093,25.5486],[-81.2032,25.5342],[-81.2097,25.5065],[-81.189,25.4807],[-81.168,25.4695],[-81.1671,25.4509],[-81.1471,25.4043],[-81.1505,25.3873],[-81.123,25.3791],[-81.1214,25.3388],[-81.1401,25.3411],[-81.1519,25.3248],[-81.1671,25.27],[-81.172,25.2223],[-81.1555,25.2081],[-81.1423,25.183],[-81.141,25.1572],[-81.1119,25.1455],[-81.0839,25.1162],[-81.0505,25.1283],[-80.9992,25.1242],[-80.9718,25.134],[-80.9006,25.1397],[-80.9001,25.162],[-80.8579,25.1766],[-80.862,25.2429],[-80.8622,25.3642],[-80.8732,25.364],[-80.8731,25.8054],[-81.2127,25.8039],[-81.47,25.8036]]],[[[-81.812,24.5488],[-81.8036,24.5445],[-81.7353,24.5568],[-81.6852,24.5587],[-81.6651,24.5733],[-81.6043,24.5862],[-81.5592,24.6096],[-81.5108,24.6257],[-81.5059,24.6545],[-81.4818,24.6478],[-81.4469,24.6534],[-81.4064,24.6425],[-81.3948,24.6211],[-81.3466,24.6358],[-81.2969,24.6554],[-81.3088,24.6646],[-81.3196,24.7027],[-81.3418,24.7071],[-81.3663,24.7424],[-81.3718,24.7791],[-81.4055,24.7927],[-81.4202,24.778],[-81.4515,24.7669],[-81.458,24.7818],[-81.4396,24.8037],[-81.4435,24.8134],[-81.4981,24.7926],[-81.5158,24.7562],[-81.5614,24.7604],[-81.5846,24.7367],[-81.6723,24.6995],[-81.7013,24.6777],[-81.7543,24.654],[-81.7653,24.6326],[-81.7283,24.6176],[-81.722,24.6067],[-81.7528,24.5802],[-81.7664,24.586],[-81.794,24.5757],[-81.812,24.5488]]]]},"properties":{"GEOID":"28580","NAME":"Key West, FL","LSAD":"M2"}},
{"type":"Feature","geometry":{"type":"Polygon","coordinates":[[[-113.0077,43.1109],[-113.0078,42.8631],[-112.8166,42.8632],[-112.8071,42.8826],[-112.7836,42.8875],[-112.7792,42.9138],[-112.7357,42.9732],[-112.7416,42.9889],[-112.6983,42.9959],[-112.6566,43.0219],[-112.2426,43.0215],[-112.063,43.0224],[-111.9472,43.021],[-111.5895,43.0201],[-111.5897,43.1946],[-111.588,43.2818],[-111.8225,43.2823],[-111.8225,43.366],[-112.0438,43.3667],[-112.0437,43.4101],[-112.1034,43.4103],[-112.1033,43.4251],[-112.52,43.4252],[-112.5199,43.6266],[-112.6392,43.6266],[-112.6991,43.6231],[-112.6989,43.5401],[-112.8163,43.5359],[-112.8167,43.4492],[-112.9368,43.4494],[-112.9369,43.3673],[-112.947,43.3673],[-112.947,43.2848],[-113.0073,43.2848],[-113.0077,43.1109]]]},"properties":{"GEOID":"13940","NAME":"Blackfoot, ID","LSAD":"M2"}},
{"type":"Feature","geometry":{"type":"Polygon","coordinates":[[[-96.9324,34.8545],[-96.9324,34.5933],[-96.8271,34.5932],[-96.8273,34.5061],[-96.5121,34.5056],[-96.5122,34.6801],[-96.4064,34.68],[-96.4061,34.9342],[-96.4138,34.9156],[-96.4343,34.9022],[-96.4604,34.9165],[-96.498,34.9027],[-96.5126,34.8755],[-96.5286,34.8696],[-96.5771,34.9166],[-96.5958,34.906],[-96.646,34.9014],[-96.6677,34.9296],[-96.692,34.9333],[-96.7115,34.9163],[-96.6892,34.8956],[-96.6942,34.8685],[-96.7229,34.8568],[-96.7421,34.8694],[-96.7555,34.8998],[-96.7757,34.9],[-96.7986,34.9059],[-96.7982,34.93],[-96.8215,34.9461],[-96.8531,34.9288],[-96.8854,34.9263],[-96.9106,34.9587],[-96.9306,34.9644],[-96.9324,34.8545]]]},"properties":{"GEOID":"10220","NAME":"Ada, OK","LSAD":"M2"}},
{"type":"Feature","geometry":{"type":"Polygon","coordinates":[[[-106.2482,35.9663],[-106.3004,35.9734],[-106.3154,35.9524],[-106.3861,35.9527],[-106.3995,35.9601],[-106.4007,35.8076],[-106.357,35.8164],[-106.2826,35.7919],[-106.2505,35.7558],[-106.2243,35.7671],[-106.1805,35.8088],[-106.1755,35.8279],[-106.2254,35.8288],[-106.2483,35.8392],[-106.2483,35.8557],[-106.2456,35.9307],[-106.2482,35.9663]]]},"properties":{"GEOID":"31060","NAME":"Los Alamos, NM","LSAD":"M2"}},
{"type":"Feature","geometry":{"type":"Polygon","coordinates":[[[-90.1904,36.2014],[-90.321,36.2006],[-90.3196,36.2591],[-90.4448,36.2595],[-90.661,36.2666],[-90.8067,36.267],[-90.8098,36.1497],[-90.7475,36.1491],[-90.7717,36.1224],[-90.7726,36.1075],[-90.8207,36.0798],[-90.8377,36.0229],[-90.8549,36.0026],[-90.8423,35.9832],[-90.852,35.9679],[-90.5544,35.9654],[-90.3873,35.9647],[-90.3779,35.9957],[-90.3371,36.0478],[-90.3207,36.0871],[-90.2931,36.1144],[-90.2488,36.1298],[-90.2204,36.1848],[-90.1904,36.2014]]]},"properties":{"GEOID":"37500","NAME":"Paragould, AR","LSAD":"M2"}},
{"type":"Feature","geometry":{"type":"Polygon","coordinates":[[[-98.0668,32.5588],[-98.0685,32.5116],[-98.0012,32.3623],[-97.9456,32.2335],[-97.7828,32.3165],[-97.6156,32.3186],[-97.6171,32.5555],[-97.9193,32.5571],[-98.0668,32.5588]]]},"properties":{"GEOID":"24180","NAME":"Granbury, TX","LSAD":"M2"}},
{"type":"Feature","geometry":{"type":"Polygon","coordinates":[[[-94.6175,37.3642],[-94.6168,37.5215],[-94.6177,37.6731],[-95.088,37.6745],[-95.0882,37.3838],[-95.075,37.3838],[-95.0752,37.3399],[-94.6176,37.3384],[-94.6175,37.3642]]]},"properties":{"GEOID":"38260","NAME":"Pittsburg, KS","LSAD":"M2"}},
{"type":"Feature","geometry":{"type":"Polygon","coordinates":[[[-89.1439,38.5031],[-89.1444,38.4739],[-89.0332,38.474],[-88.9224,38.477],[-88.699,38.4749],[-88.6976,38.7086],[-88.6952,38.8263],[-88.8076,38.8245],[-89.0318,38.8228],[-89.1381,38.8242],[-89.1384,38.7363],[-89.1439,38.5031]]]},"properties":{"GEOID":"16460","NAME":"Centralia, IL","LSAD":"M2"}},
{"type":"Feature","geometry":{"type":"Polygon","coordinates":[[[-103.0424,35.1831],[-103.0426,34.9541],[-103.0428,34.7474],[-102.7607,34.7475],[-102.3709,34.746],[-102.1688,34.7474],[-102.1675,34.9247],[-102.1675,35.1832],[-102.6256,35.1873],[-102.8362,35.1838],[-103.0424,35.1831]]]},"properties":{"GEOID":"25820","NAME":"Hereford, TX","LSAD":"M2"}},
{"type":"Feature","geometry":{"type":"Polygon","coordinates":[[[-90.5678,34.524],[-90.5813,34.5156],[-90.5931,34.4773],[-90.5777,34.431],[-90.5862,34.4092],[-90.6135,34.3903],[-90.6409,34.3889],[-90.6668,34.3558],[-90.6575,34.3222],[-90.6781,34.313],[-90.6931,34.3226],[-90.6786,34.3711],[-90.7205,34.3608],[-90.7496,34.3681],[-90.7687,34.3478],[-90.7364,34.3121],[-90.738,34.2893],[-90.7656,34.2695],[-90.8167,34.2806],[-90.8336,34.2741],[-90.8395,34.2162],[-90.8813,34.2164],[-90.9063,34.2444],[-90.929,34.2445],[-90.9345,34.2179],[-90.9144,34.1957],[-90.8876,34.1824],[-90.8544,34.1868],[-90.8166,34.183],[-90.8076,34.1618],[-90.8361,34.1379],[-90.8604,34.1392],[-90.91,34.1655],[-90.9586,34.1355],[-90.9566,34.1201],[-90.7816,34.1207],[-90.6595,34.1189],[-90.6604,33.9876],[-90.657,33.9876],[-90.451,33.9857],[-90.4506,34.2624],[-90.399,34.2615],[-90.3995,34.4238],[-90.5678,34.524]]]},"properties":{"GEOID":"17260","NAME":"Clarksdale, MS","LSAD":"M2"}},
{"type":"Feature","geometry":{"type":"Polygon","coordinates":[[[-97.3719,38.6094],[-97.3721,38.9141],[-97.3711,39.1755],[-97.3698,39.306],[-97.9291,39.3064],[-97.9297,39.2193],[-97.9283,39.0309],[-97.9285,38.697],[-97.9248,38.6099],[-97.6215,38.6089],[-97.3719,38.6094]]]},"properties":{"GEOID":"41460","NAME":"Salina, KS","LSAD":"M2"}},
{"type":"Feature","geometry":{"type":"Polygon","coordinates":[[[-82.2897,39.3842],[-82.2985,39.295],[-82.2602,39.2929],[-82.2686,39.2038],[-82.0792,39.1938],[-81.7558,39.1805],[-81.7256,39.2158],[-81.7218,39.2696],[-81.8184,39.2726],[-81.8166,39.3021],[-81.8346,39.3176],[-81.8537,39.3182],[-81.8449,39.4502],[-82.0558,39.4601],[-82.0475,39.5508],[-82.1592,39.5566],[-82.1674,39.4663],[-82.2804,39.4729],[-82.2897,39.3842]]]},"properties":{"GEOID":"11900","NAME":"Athens, OH","LSAD":"M2"}},
{"type":"Feature","geometry":{"type":"Polygon","coordinates":[[[-76.7138,43.024],[-76.9639,43.0132],[-76.9634,42.8729],[-76.9813,42.8612],[-76.9735,42.8337],[-76.9779,42.7732],[-76.9474,42.7644],[-76.945,42.7373],[-76.8953,42.6563],[-76.8956,42.5415],[-76.6967,42.5468],[-76.586,42.5499],[-76.6182,42.5667],[-76.6453,42.5917],[-76.6665,42.6235],[-76.6853,42.6703],[-76.7197,42.7004],[-76.7335,42.7279],[-76.7401,42.7894],[-76.7195,42.8254],[-76.7212,42.8696],[-76.7375,42.9021],[-76.7367,42.9703],[-76.7276,42.9781],[-76.7138,43.024]]]},"properties":{"GEOID":"42900","NAME":"Seneca Falls, NY","LSAD":"M2"}},
{"type":"Feature","geometry":{"type":"Polygon","coordinates":[[[-93.3044,36.8169],[-93.3096,36.73],[-93.3153,36.4984],[-93.2931,36.4983],[-93.126,36.4979],[-92.854,36.498],[-92.7723,36.4978],[-92.7649,36.8061],[-92.9093,36.8092],[-93.3044,36.8169]]]},"properties":{"GEOID":"14700","NAME":"Branson, MO","LSAD":"M2"}},
{"type":"Feature","geometry":{"type":"Polygon","coordinates":[[[-102.7991,32.0858],[-102.7976,31.7707],[-102.7989,31.6518],[-102.6331,31.6512],[-102.2873,31.6513],[-102.2874,31.8737],[-102.287,32.087],[-102.7179,32.0869],[-102.7991,32.0858]]]},"properties":{"GEOID":"36220","NAME":"Odessa, TX","LSAD":"M1"}},
{"type":"Feature","geometry":{"type":"Polygon","coordinates":[[[-98.0561,33.0033],[-98.4266,33.0079],[-98.4272,32.9523],[-98.5756,32.9543],[-98.5763,32.5152],[-98.4752,32.513],[-98.0685,32.5116],[-98.0668,32.5588],[-98.0595,32.8426],[-98.0561,33.0033]]]},"properties":{"GEOID":"33420","NAME":"Mineral Wells, TX","LSAD":"M2"}},
{"type":"Feature","geometry":{"type":"Polygon","coordinates":[[[-99.6031,29.6272],[-99.7554,29.6248],[-100.1121,29.6233],[-100.1123,29.4416],[-100.1114,29.0863],[-99.8624,29.0888],[-99.6846,29.0893],[-99.4139,29.0913],[-99.4123,29.3449],[-99.4118,29.6275],[-99.6031,29.6272]]]},"properties":{"GEOID":"46620","NAME":"Uvalde, TX","LSAD":"M2"}},
{"type":"Feature","geometry":{"type":"Polygon","coordinates":[[[-78.4655,43.1286],[-78.4631,43.0134],[-78.4644,42.8675],[-78.3075,42.8699],[-78.0742,42.8702],[-78.0742,42.8637],[-77.955,42.8628],[-77.9555,42.9059],[-77.9352,42.9053],[-77.9342,42.9456],[-77.9114,42.9451],[-77.9041,43.0371],[-77.951,43.0395],[-77.9059,43.1336],[-78.0481,43.1315],[-78.1155,43.1324],[-78.3703,43.1306],[-78.4655,43.1286]]]},"properties":{"GEOID":"12860","NAME":"Batavia, NY","LSAD":"M2"}},
{"type":"Feature","geometry":{"type":"Polygon","coordinates":[[[-85.6547,41.5233],[-85.6535,41.4369],[-85.6519,41.2948],[-85.5363,41.2952],[-85.5372,41.2662],[-85.3078,41.2642],[-85.1921,41.2642],[-85.1941,41.5264],[-85.5584,41.5247],[-85.6547,41.5233]]]},"properties":{"GEOID":"28340","NAME":"Kendallville, IN","LSAD":"M2"}},
{"type":"Feature","geometry":{"type":"Polygon","coordinates":[[[-90.1368,33.7216],[-90.137,33.6769],[-89.9791,33.6762],[-89.7869,33.6767],[-89.5069,33.6776],[-89.5071,33.7218],[-89.5074,33.8675],[-89.769,33.8673],[-89.7693,33.8971],[-89.9261,33.898],[-89.9263,33.8239],[-89.9783,33.824],[-89.9793,33.8097],[-90.1365,33.8093],[-90.1368,33.7216]]]},"properties":{"GEOID":"24980","NAME":"Grenada, MS","LSAD":"M2"}},
{"type":"Feature","geometry":{"type":"Polygon","coordinates":[[[-101.5419,37.9146],[-101.5428,37.8276],[-101.527,37.8276],[-101.5271,37.7363],[-101.1985,37.7363],[-100.9439,37.7368],[-100.6523,37.7363],[-100.6517,37.8287],[-100.6652,37.8288],[-100.6642,38.0025],[-100.4455,38.0007],[-100.2266,38.001],[-100.2255,38.0882],[-100.2271,38.2622],[-100.6297,38.2639],[-100.9046,38.2652],[-101.1033,38.2646],[-101.5423,38.2632],[-101.5412,38.075],[-101.5419,37.9146]]]},"properties":{"GEOID":"23780","NAME":"Garden City, KS","LSAD":"M2"}},
{"type":"Feature","geometry":{"type":"Polygon","coordinates":[[[-100.1465,32.5228],[-100.1485,32.4186],[-100.1519,32.0826],[-99.8626,32.0815],[-99.714,32.0821],[-99.4995,32.08],[-99.1959,32.0792],[-99.1187,32.0796],[-99.1175,32.2504],[-99.1143,32.5148],[-99.612,32.5147],[-99.6118,32.7501],[-99.612,32.957],[-100.0202,32.9603],[-100.1442,32.96],[-100.1453,32.7155],[-100.1465,32.5228]]]},"properties":{"GEOID":"10180","NAME":"Abilene, TX","LSAD":"M1"}},
{"type":"Feature","geometry":{"type":"Polygon","coordinates":[[[-82.0556,29.7182],[-82.05,29.7135],[-82.0561,29.6568],[-82.0559,29.4712],[-82.032,29.4914],[-82.0044,29.5017],[-81.9642,29.5038],[-81.9318,29.5164],[-81.8611,29.5149],[-81.843,29.521],[-81.8428,29.4865],[-81.7762,29.4874],[-81.7749,29.4292],[-81.7418,29.4299],[-81.7414,29.371],[-81.6685,29.3717],[-81.6607,29.3433],[-81.6809,29.3244],[-81.5489,29.3545],[-81.4509,29.3785],[-81.4763,29.3962],[-81.4872,29.4472],[-81.5205,29.4965],[-81.5237,29.6224],[-81.5252,29.7595],[-81.5665,29.8029],[-81.5812,29.8402],[-81.8124,29.8365],[-81.862,29.8002],[-81.9093,29.7936],[-81.9234,29.781],[-81.9394,29.7475],[-81.9756,29.747],[-82.0071,29.7395],[-82.0289,29.7187],[-82.0492,29.7187],[-82.0556,29.7182]]]},"properties":{"GEOID":"37260","NAME":"Palatka, FL","LSAD":"M2"}},
{"type":"Feature","geometry":{"type":"Polygon","coordinates":[[[-105.2782,41.6567],[-105.2774,41.3989],[-105.2806,41.331],[-105.2787,41.0456],[-105.2769,40.9982],[-104.9434,40.9981],[-104.676,41.001],[-104.4677,41.0015],[-104.0532,41.0014],[-104.0535,41.1573],[-104.0523,41.3932],[-104.0525,41.5643],[-104.5005,41.5644],[-104.653,41.565],[-104.6533,41.653],[-104.8433,41.6535],[-105.0562,41.6561],[-105.2782,41.6567]]]},"properties":{"GEOID":"16940","NAME":"Cheyenne, WY","LSAD":"M1"}},
{"type":"Feature","geometry":{"type":"Polygon","coordinates":[[[-105.926,34.26],[-105.9248,34.2011],[-105.9255,33.911],[-105.9247,33.8256],[-106.0527,33.8256],[-106.0527,33.6503],[-106.1583,33.6524],[-106.2683,33.6605],[-106.3737,33.6605],[-106.3719,33.3906],[-106.3457,33.3906],[-106.1077,33.3894],[-105.7272,33.3906],[-105.726,33.3048],[-105.4195,33.3051],[-105.3174,33.306],[-105.317,33.1323],[-105.1086,33.1317],[-105.0065,33.1344],[-105.0065,33.1389],[-104.9054,33.1389],[-104.9038,33.3059],[-104.8851,33.3058],[-104.8851,33.3933],[-104.8924,33.3982],[-104.8911,33.8223],[-104.8946,33.8244],[-104.8934,34.0884],[-104.8917,34.347],[-105.3131,34.3472],[-105.3132,34.26],[-105.4918,34.2598],[-105.926,34.26]]]},"properties":{"GEOID":"40760","NAME":"Ruidoso, NM","LSAD":"M2"}},
{"type":"Feature","geometry":{"type":"Polygon","coordinates":[[[-93.2317,42.2089],[-93.2319,41.8627],[-92.766,41.8624],[-92.7675,42.2101],[-93.0017,42.2093],[-93.2317,42.2089]]]},"properties":{"GEOID":"32260","NAME":"Marshalltown, IA","LSAD":"M2"}},
{"type":"Feature","geometry":{"type":"Polygon","coordinates":[[[-99.1959,32.0792],[-99.2034,31.7582],[-99.2028,31.4672],[-99.1807,31.455],[-99.1621,31.4678],[-99.1251,31.4565],[-99.0833,31.4586],[-99.0411,31.4906],[-99.0182,31.4695],[-98.9429,31.5121],[-98.78,31.6107],[-98.76,31.6879],[-98.6684,31.7005],[-98.9244,32.078],[-99.1187,32.0796],[-99.1959,32.0792]]]},"properties":{"GEOID":"15220","NAME":"Brownwood, TX","LSAD":"M2"}},
{"type":"Feature","geometry":{"type":"Polygon","coordinates":[[[-88.3064,42.8421],[-88.308,42.7568],[-88.3059,42.6108],[-88.1882,42.6115],[-88.1883,42.6697],[-87.9534,42.6696],[-87.8059,42.6679],[-87.7851,42.7008],[-87.7737,42.77],[-87.7579,42.7821],[-87.794,42.8062],[-87.8271,42.8422],[-87.9519,42.8435],[-88.3064,42.8421]]]},"properties":{"GEOID":"39540","NAME":"Racine, WI","LSAD":"M1"}},
{"type":"Feature","geometry":{"type":"Polygon","coordinates":[[[-89.0068,43.633],[-89.0047,43.3717],[-89.0095,43.3235],[-89.0088,43.1977],[-88.7346,43.1978],[-88.5358,43.196],[-88.418,43.1947],[-88.4184,43.3702],[-88.4015,43.3701],[-88.4004,43.5435],[-88.401,43.6309],[-88.6746,43.6332],[-88.8861,43.6335],[-89.0068,43.633]]]},"properties":{"GEOID":"13180","NAME":"Beaver Dam, WI","LSAD":"M2"}},
{"type":"Feature","geometry":{"type":"Polygon","coordinates":[[[-83.977,39.5694],[-84.0075,39.2551],[-83.8657,39.2473],[-83.8344,39.2457],[-83.8359,39.2233],[-83.8083,39.2247],[-83.7848,39.2629],[-83.5909,39.3787],[-83.5763,39.5445],[-83.6702,39.5503],[-83.977,39.5694]]]},"properties":{"GEOID":"48940","NAME":"Wilmington, OH","LSAD":"M2"}},
{"type":"Feature","geometry":{"type":"Polygon","coordinates":[[[-84.606,43.8154],[-84.6081,43.626],[-84.6075,43.466],[-84.3699,43.466],[-84.3698,43.4816],[-84.1706,43.482],[-84.1681,43.5689],[-84.1673,43.8259],[-84.3665,43.8284],[-84.3667,43.8136],[-84.606,43.8154]]]},"properties":{"GEOID":"33220","NAME":"Midland, MI","LSAD":"M1"}},
{"type":"Feature","geometry":{"type":"Polygon","coordinates":[[[-92.6404,41.1613],[-92.6391,40.8989],[-92.1791,40.8997],[-92.18,41.1627],[-92.4102,41.1619],[-92.6404,41.1613]]]},"properties":{"GEOID":"36900","NAME":"Ottumwa, IA","LSAD":"M2"}},
{"type":"Feature","geometry":{"type":"Polygon","coordinates":[[[-101.0665,36.9979],[-101.415,36.996],[-101.7399,36.9945],[-102.0282,36.9931],[-102.0283,36.8494],[-102.0321,36.8492],[-102.0323,36.5006],[-101.8266,36.4997],[-101.44,36.4994],[-101.0852,36.4992],[-100.9542,36.4996],[-100.9539,36.8482],[-100.9456,36.8487],[-100.9455,36.9982],[-101.0665,36.9979]]]},"properties":{"GEOID":"25100","NAME":"Guymon, OK","LSAD":"M2"}},
{"type":"Feature","geometry":{"type":"Polygon","coordinates":[[[-98.0891,34.6812],[-98.1418,34.6812],[-98.1421,34.507],[-98.1392,34.507],[-98.1392,34.2898],[-97.999,34.2891],[-97.5625,34.2892],[-97.5623,34.507],[-97.563,34.6812],[-97.6685,34.6813],[-98.0891,34.6812]]]},"properties":{"GEOID":"20340","NAME":"Duncan, OK","LSAD":"M2"}},
{"type":"Feature","geometry":{"type":"Polygon","coordinates":[[[-82.0543,27.6464],[-82.0558,27.3383],[-81.8589,27.3367],[-81.8588,27.3403],[-81.5641,27.3406],[-81.5635,27.6466],[-81.7892,27.6462],[-82.0543,27.6464]]]},"properties":{"GEOID":"48100","NAME":"Wauchula, FL","LSAD":"M2"}},
{"type":"Feature","geometry":{"type":"Polygon","coordinates":[[[-93.3944,34.7434],[-93.3939,34.6852],[-93.4022,34.6852],[-93.4072,34.3974],[-93.1942,34.3929],[-92.9481,34.3893],[-92.9478,34.449],[-92.9135,34.4484],[-92.9151,34.5061],[-92.7932,34.5036],[-92.7915,34.5619],[-92.809,34.5622],[-92.808,34.5904],[-92.8769,34.5912],[-92.8754,34.6352],[-92.98,34.6372],[-92.9791,34.6849],[-92.9697,34.6852],[-92.9693,34.7723],[-93.27,34.772],[-93.2878,34.7732],[-93.3945,34.7724],[-93.3944,34.7434]]]},"properties":{"GEOID":"26300","NAME":"Hot Springs, AR","LSAD":"M1"}},
{"type":"Feature","geometry":{"type":"Polygon","coordinates":[[[-92.0648,42.2973],[-92.0642,42.4682],[-92.0814,42.4682],[-92.0816,42.907],[-92.5542,42.9071],[-92.5543,42.5559],[-92.7906,42.5558],[-93.027,42.5568],[-93.0271,42.4708],[-93.0029,42.4706],[-93.0017,42.2093],[-92.7675,42.2101],[-92.7681,42.2967],[-92.2988,42.2975],[-92.0648,42.2973]]]},"properties":{"GEOID":"47940","NAME":"Waterloo-Cedar Falls, IA","LSAD":"M1"}},
{"type":"Feature","geometry":{"type":"Polygon","coordinates":[[[-76.6967,42.5468],[-76.6857,42.3751],[-76.6906,42.3732],[-76.6914,42.2843],[-76.6193,42.2829],[-76.5383,42.2818],[-76.474,42.2811],[-76.4745,42.2638],[-76.4162,42.263],[-76.4153,42.3184],[-76.3509,42.3183],[-76.3506,42.3084],[-76.2882,42.3082],[-76.2501,42.2967],[-76.2514,42.3249],[-76.242,42.3634],[-76.2995,42.385],[-76.2947,42.4051],[-76.2534,42.4076],[-76.2656,42.6236],[-76.4584,42.6186],[-76.4589,42.6274],[-76.6143,42.6221],[-76.6665,42.6235],[-76.6453,42.5917],[-76.6182,42.5667],[-76.586,42.5499],[-76.6967,42.5468]]]},"properties":{"GEOID":"27060","NAME":"Ithaca, NY","LSAD":"M1"}},
{"type":"Feature","geometry":{"type":"Polygon","coordinates":[[[-95.5007,38.7388],[-95.5012,38.6953],[-95.509,38.659],[-95.5083,38.4339],[-95.5083,38.3903],[-95.0658,38.3899],[-95.0649,38.625],[-95.0658,38.6949],[-95.0564,38.7386],[-95.5007,38.7388]]]},"properties":{"GEOID":"36840","NAME":"Ottawa, KS","LSAD":"M2"}},
{"type":"Feature","geometry":{"type":"Polygon","coordinates":[[[-89.356,35.8176],[-89.4018,35.8227],[-89.4397,35.7659],[-89.4324,35.7299],[-89.4527,35.6825],[-89.4664,35.6827],[-89.47,35.5952],[-89.5021,35.5806],[-89.479,35.5642],[-89.4699,35.5466],[-89.4742,35.403],[-89.1839,35.3971],[-89.1826,35.4328],[-89.0789,35.4314],[-89.0695,35.6927],[-89.117,35.6992],[-89.1561,35.728],[-89.2044,35.7472],[-89.2712,35.7549],[-89.2876,35.7732],[-89.3095,35.7729],[-89.3398,35.7907],[-89.356,35.8176]]]},"properties":{"GEOID":"15140","NAME":"Brownsville, TN","LSAD":"M2"}},
{"type":"Feature","geometry":{"type":"Polygon","coordinates":[[[-82.0558,27.3383],[-82.0575,27.0321],[-81.9925,27.0317],[-81.9832,27.0353],[-81.7717,27.0339],[-81.5626,27.0338],[-81.5641,27.3406],[-81.8588,27.3403],[-81.8589,27.3367],[-82.0558,27.3383]]]},"properties":{"GEOID":"11580","NAME":"Arcadia, FL","LSAD":"M2"}},
{"type":"Feature","geometry":{"type":"Polygon","coordinates":[[[-74.7126,43.2861],[-74.6962,43.1799],[-74.735,43.1434],[-74.7284,43.1252],[-74.7589,43.1196],[-74.7737,43.0834],[-74.7599,43.0474],[-74.5424,42.9855],[-74.0975,42.9829],[-74.1401,43.254],[-74.2242,43.2482],[-74.2209,43.2214],[-74.3224,43.2147],[-74.3264,43.2416],[-74.5347,43.2281],[-74.7126,43.2861]]]},"properties":{"GEOID":"24100","NAME":"Gloversville, NY","LSAD":"M2"}},
{"type":"Feature","geometry":{"type":"Polygon","coordinates":[[[-89.2175,39.8137],[-89.2572,39.8098],[-89.297,39.7895],[-89.3126,39.7713],[-89.36,39.7675],[-89.3626,39.7558],[-89.4096,39.7436],[-89.4252,39.762],[-89.4251,39.6837],[-89.4789,39.684],[-89.4785,39.6408],[-89.535,39.6411],[-89.5337,39.5246],[-89.5308,39.3489],[-89.1398,39.3489],[-89.0254,39.3459],[-89.024,39.5231],[-89.0257,39.6542],[-89.1391,39.6551],[-89.142,39.8013],[-89.1799,39.8154],[-89.2175,39.8137]]]},"properties":{"GEOID":"45380","NAME":"Taylorville, IL","LSAD":"M2"}},
{"type":"Feature","geometry":{"type":"Polygon","coordinates":[[[-118.9798,47.2617],[-118.9827,46.9113],[-119.3687,46.9126],[-119.3694,46.7377],[-119.0808,46.7378],[-118.8196,46.7356],[-118.3589,46.7366],[-118.2102,46.7388],[-118.1902,46.7514],[-118.1261,46.7614],[-118.0954,46.779],[-118.048,46.7682],[-118.0359,46.785],[-118.0124,46.7908],[-118.0199,46.8122],[-117.9975,46.8225],[-118.0047,46.8479],[-117.9709,46.8672],[-117.9593,46.9148],[-117.9609,47.2606],[-118.4447,47.2608],[-118.8302,47.261],[-118.9798,47.2617]]]},"properties":{"GEOID":"36830","NAME":"Othello, WA","LSAD":"M2"}},
{"type":"Feature","geometry":{"type":"Polygon","coordinates":[[[-85.8852,35.8397],[-85.9139,35.8225],[-85.9849,35.7346],[-85.9913,35.6974],[-85.9851,35.6601],[-85.9583,35.6191],[-85.9344,35.563],[-85.9045,35.5413],[-85.8825,35.539],[-85.877,35.5241],[-85.8174,35.5135],[-85.7536,35.5242],[-85.7033,35.5287],[-85.6073,35.5317],[-85.5575,35.533],[-85.5946,35.6179],[-85.6051,35.7085],[-85.5918,35.7543],[-85.6079,35.7714],[-85.6001,35.7908],[-85.6417,35.8167],[-85.6714,35.8207],[-85.6821,35.8313],[-85.7518,35.85],[-85.7875,35.843],[-85.8729,35.8464],[-85.8852,35.8397]]]},"properties":{"GEOID":"32660","NAME":"McMinnville, TN","LSAD":"M2"}},
{"type":"Feature","geometry":{"type":"Polygon","coordinates":[[[-94.369,43.848],[-94.8544,43.8481],[-94.8546,43.501],[-94.5665,43.5004],[-94.248,43.5001],[-94.2471,43.8479],[-94.369,43.848]]]},"properties":{"GEOID":"21860","NAME":"Fairmont, MN","LSAD":"M2"}},
{"type":"Feature","geometry":{"type":"Polygon","coordinates":[[[-90.2424,41.783],[-90.2479,41.7469],[-90.2365,41.7407],[-90.2372,41.6996],[-90.2297,41.6754],[-90.1895,41.6634],[-90.1618,41.6446],[-90.1648,41.5973],[-90.1855,41.5846],[-89.8624,41.584],[-89.6315,41.5849],[-89.6324,41.6716],[-89.6293,41.9016],[-89.6289,41.93],[-89.6854,41.9303],[-89.978,41.9312],[-90.1518,41.9289],[-90.1536,41.9066],[-90.17,41.8764],[-90.188,41.8032],[-90.2424,41.783]]]},"properties":{"GEOID":"44580","NAME":"Sterling, IL","LSAD":"M2"}},
{"type":"Feature","geometry":{"type":"Polygon","coordinates":[[[-92.1204,36.4989],[-91.9858,36.4984],[-91.6723,36.4995],[-91.672,36.6062],[-91.6783,36.6251],[-91.6742,36.7878],[-91.66,36.7875],[-91.6556,37.0489],[-91.8751,37.0507],[-91.9808,37.0556],[-92.0887,37.0562],[-92.096,36.794],[-92.1123,36.7942],[-92.1204,36.4989]]]},"properties":{"GEOID":"48460","NAME":"West Plains, MO","LSAD":"M2"}},
{"type":"Feature","geometry":{"type":"Polygon","coordinates":[[[-92.2988,42.2975],[-92.2991,42.0795],[-92.2973,41.9785],[-92.2982,41.8628],[-91.8314,41.8619],[-91.7145,41.862],[-91.4819,41.8598],[-91.3662,41.8601],[-91.3659,41.9474],[-90.8985,41.9462],[-90.8984,42.0335],[-90.898,42.2952],[-91.1301,42.2958],[-91.48,42.2962],[-91.7144,42.2965],[-91.8311,42.2991],[-92.0648,42.2973],[-92.2988,42.2975]]]},"properties":{"GEOID":"16300","NAME":"Cedar Rapids, IA","LSAD":"M1"}},
{"type":"Feature","geometry":{"type":"Polygon","coordinates":[[[-76.9271,42.0017],[-76.8986,41.7945],[-76.8747,41.5969],[-76.8137,41.59],[-76.4111,41.5568],[-76.2201,41.5413],[-76.198,41.6478],[-76.1152,41.6518],[-76.1455,41.9989],[-76.3437,41.9983],[-76.5577,42.0001],[-76.9271,42.0017]]]},"properties":{"GEOID":"42380","NAME":"Sayre, PA","LSAD":"M2"}},
{"type":"Feature","geometry":{"type":"Polygon","coordinates":[[[-95.5211,37.384],[-95.518,37.2517],[-95.5214,37.1937],[-95.5224,36.9993],[-95.0735,36.9995],[-95.0752,37.3399],[-95.075,37.3838],[-95.0882,37.3838],[-95.5211,37.384]]]},"properties":{"GEOID":"37660","NAME":"Parsons, KS","LSAD":"M2"}},
{"type":"Feature","geometry":{"type":"MultiPolygon","coordinates":[[[[-97.2682,27.576],[-97.3043,27.5073],[-97.3075,27.4811],[-97.3304,27.4345],[-97.3363,27.4027],[-97.3618,27.3591],[-97.3663,27.3306],[-97.356,27.3087],[-97.371,27.2988],[-97.3612,27.2726],[-97.3825,27.2462],[-97.3793,27.2096],[-97.3945,27.124],[-97.3859,27.0847],[-97.3905,27.0456],[-97.3935,26.9713],[-97.3869,26.9572],[-97.3941,26.9154],[-97.3914,26.8839],[-97.3984,26.8679],[-97.3888,26.8393],[-97.3909,26.8164],[-97.329,26.6468],[-97.307,26.6003],[-97.2902,26.6003],[-97.3122,26.6663],[-97.3376,26.7533],[-97.3636,26.866],[-97.3761,26.9604],[-97.3789,27.0101],[-97.3769,27.1026],[-97.3705,27.1656],[-97.3572,27.2407],[-97.3383,27.311],[-97.3189,27.3698],[-97.2751,27.4754],[-97.2227,27.5765],[-97.2417,27.5828],[-97.2682,27.576]]],[[[-97.9421,27.6359],[-98.0598,27.6359],[-98.0581,27.261],[-97.9861,27.2605],[-97.9857,27.0546],[-97.9855,26.7809],[-97.9853,26.6158],[-97.9574,26.6118],[-97.8617,26.598],[-97.6253,26.5992],[-97.5003,26.601],[-97.4406,26.5999],[-97.4449,26.6335],[-97.4647,26.6942],[-97.4786,26.8067],[-97.4648,26.824],[-97.4603,26.8473],[-97.4441,26.9872],[-97.4344,27.1451],[-97.4416,27.1638],[-97.4223,27.2577],[-97.4382,27.2638],[-97.5002,27.2445],[-97.5296,27.2292],[-97.5969,27.2431],[-97.6311,27.2422],[-97.6473,27.2764],[-97.6613,27.2889],[-97.6549,27.3051],[-97.6758,27.3122],[-97.692,27.3337],[-97.7088,27.3856],[-97.6798,27.3762],[-97.6601,27.3577],[-97.6682,27.3457],[-97.6514,27.3246],[-97.6332,27.3246],[-97.635,27.2987],[-97.6072,27.287],[-97.5838,27.3091],[-97.5337,27.34],[-97.4979,27.3722],[-97.4815,27.3405],[-97.5175,27.305],[-97.5322,27.2786],[-97.5083,27.275],[-97.4829,27.2979],[-97.4508,27.3137],[-97.4144,27.3216],[-97.4007,27.343],[-97.3694,27.4104],[-97.3676,27.4433],[-97.3511,27.4818],[-97.3447,27.513],[-97.3246,27.5611],[-97.5734,27.5603],[-97.8407,27.5584],[-97.858,27.5807],[-97.8738,27.5877],[-97.8772,27.609],[-97.8909,27.6212],[-97.9209,27.623],[-97.9421,27.6359]]]]},"properties":{"GEOID":"28780","NAME":"Kingsville, TX","LSAD":"M2"}},
{"type":"Feature","geometry":{"type":"Polygon","coordinates":[[[-84.4854,39.9185],[-84.4792,39.591],[-84.2857,39.5896],[-83.977,39.5694],[-83.6702,39.5503],[-83.6533,39.7169],[-83.6472,39.773],[-83.7389,39.7813],[-83.7409,39.7891],[-83.8294,39.7978],[-83.8274,39.8226],[-83.9413,39.8288],[-83.9398,39.8434],[-84.0537,39.8505],[-84.0361,40.0402],[-84.0229,40.1839],[-84.2191,40.1955],[-84.2187,40.2],[-84.4326,40.197],[-84.4259,39.9196],[-84.4854,39.9185]]]},"properties":{"GEOID":"19430","NAME":"Dayton-Kettering, OH","LSAD":"M1"}},
{"type":"Feature","geometry":{"type":"Polygon","coordinates":[[[-124.4796,42.9543],[-124.2584,42.9549],[-124.2394,42.9338],[-124.2196,42.9338],[-124.2142,42.904],[-124.1613,42.8835],[-124.1464,42.8621],[-124.1412,42.8285],[-124.1649,42.8178],[-124.16,42.7399],[-124.1387,42.74],[-124.1387,42.6711],[-124.0899,42.6855],[-123.9963,42.6857],[-123.9766,42.7146],[-123.9259,42.7397],[-123.9257,42.7745],[-123.8685,42.7748],[-123.8499,42.789],[-123.8116,42.7888],[-123.8204,42.8241],[-123.8191,42.8844],[-123.8211,42.9963],[-123.7616,42.9963],[-123.7613,43.0832],[-123.7021,43.0871],[-123.7048,43.2577],[-123.7644,43.2581],[-123.7645,43.3448],[-123.7615,43.4223],[-123.7649,43.4315],[-123.8176,43.4313],[-123.8167,43.5164],[-123.8756,43.5159],[-123.8757,43.6084],[-124.219,43.6109],[-124.232,43.5624],[-124.2556,43.5022],[-124.2869,43.4363],[-124.315,43.3884],[-124.3533,43.3427],[-124.373,43.339],[-124.4028,43.3059],[-124.3825,43.2702],[-124.4017,43.1849],[-124.4241,43.1269],[-124.4469,43.0318],[-124.4796,42.9543]]]},"properties":{"GEOID":"18300","NAME":"Coos Bay, OR","LSAD":"M2"}},
{"type":"Feature","geometry":{"type":"Polygon","coordinates":[[[-106.0248,44.9935],[-106.0231,44.8688],[-106.0143,44.8578],[-106.015,44.7071],[-106.0107,44.6932],[-106.0097,44.564],[-106.0145,44.521],[-106.0167,44.3045],[-106.0165,44.1697],[-106.0114,44.1697],[-106.0092,43.8216],[-106.0176,43.8215],[-106.0189,43.625],[-106.0174,43.495],[-105.6998,43.4958],[-105.4469,43.4967],[-105.1255,43.4979],[-104.7505,43.5011],[-104.2502,43.5026],[-104.0549,43.5033],[-104.0554,43.8535],[-104.0547,44.1411],[-104.0555,44.3177],[-104.0558,44.571],[-104.0559,44.875],[-104.0579,44.9976],[-104.6313,44.9988],[-105.1692,45.0001],[-105.6538,45.0004],[-105.9131,45.0002],[-105.9282,44.9935],[-106.0248,44.9935]]]},"properties":{"GEOID":"23940","NAME":"Gillette, WY","LSAD":"M2"}},
{"type":"Feature","geometry":{"type":"Polygon","coordinates":[[[-88.1623,43.8915],[-88.1599,43.6313],[-88.1609,43.5429],[-88.0405,43.5424],[-87.7919,43.543],[-87.7813,43.5785],[-87.7343,43.6392],[-87.7027,43.6876],[-87.7102,43.7371],[-87.6961,43.7631],[-87.7264,43.8104],[-87.7313,43.8922],[-88.0418,43.8917],[-88.1623,43.8915]]]},"properties":{"GEOID":"43100","NAME":"Sheboygan, WI","LSAD":"M1"}},
{"type":"Feature","geometry":{"type":"Polygon","coordinates":[[[-75.8915,40.6773],[-75.9932,40.6397],[-76.0122,40.5777],[-76.0425,40.584],[-76.0796,40.5661],[-76.1059,40.5622],[-76.1716,40.5349],[-76.2194,40.5287],[-76.256,40.5171],[-76.3382,40.5155],[-76.4186,40.4956],[-76.4402,40.496],[-76.2319,40.3663],[-76.2055,40.3607],[-76.1512,40.316],[-75.8734,40.1371],[-75.7432,40.2167],[-75.6959,40.2424],[-75.5297,40.447],[-75.8239,40.6328],[-75.8915,40.6773]]]},"properties":{"GEOID":"39740","NAME":"Reading, PA","LSAD":"M1"}},
{"type":"Feature","geometry":{"type":"Polygon","coordinates":[[[-120.0034,39.1127],[-120.001,38.9996],[-119.9043,38.9333],[-119.7269,38.8109],[-119.3301,38.5359],[-119.3299,38.6487],[-119.3478,38.6488],[-119.3499,38.7362],[-119.406,38.7335],[-119.403,38.8093],[-119.4216,38.8239],[-119.4218,38.8529],[-119.4401,38.853],[-119.4398,38.8821],[-119.4217,38.8822],[-119.4202,38.9547],[-119.4023,38.9547],[-119.4019,38.9837],[-119.3485,38.9829],[-119.3105,38.9909],[-119.3108,39.0847],[-119.5504,39.0863],[-119.7521,39.0849],[-119.7612,39.114],[-120.0034,39.1127]]]},"properties":{"GEOID":"23820","NAME":"Gardnerville Ranchos, NV","LSAD":"M2"}},
{"type":"Feature","geometry":{"type":"Polygon","coordinates":[[[-92.8554,37.8957],[-92.8599,37.7212],[-92.8463,37.721],[-92.8535,37.484],[-92.6867,37.4815],[-92.4682,37.4757],[-92.2523,37.4729],[-92.2495,37.6045],[-92.2489,37.6485],[-92.4137,37.7142],[-92.4092,37.8592],[-92.4495,37.8354],[-92.453,37.8241],[-92.5015,37.8277],[-92.5135,37.8109],[-92.549,37.8005],[-92.5726,37.824],[-92.6001,37.8403],[-92.6145,37.8632],[-92.6202,37.8925],[-92.8554,37.8957]]]},"properties":{"GEOID":"30060","NAME":"Lebanon, MO","LSAD":"M2"}},
{"type":"Feature","geometry":{"type":"Polygon","coordinates":[[[-88.8857,43.8952],[-88.8861,43.6335],[-88.6746,43.6332],[-88.401,43.6309],[-88.4004,43.5435],[-88.1609,43.5429],[-88.1599,43.6313],[-88.1623,43.8915],[-88.1617,43.9377],[-88.4042,43.9382],[-88.4032,43.893],[-88.8857,43.8952]]]},"properties":{"GEOID":"22540","NAME":"Fond du Lac, WI","LSAD":"M1"}},
{"type":"Feature","geometry":{"type":"Polygon","coordinates":[[[-103.5818,40.5234],[-103.6959,40.522],[-103.8034,40.5242],[-104.1477,40.5244],[-104.1475,40.3511],[-104.1505,40.3502],[-104.1503,40.0009],[-103.7057,40.0014],[-103.472,40.0015],[-103.4732,40.1468],[-103.471,40.3498],[-103.4646,40.3499],[-103.4654,40.4363],[-103.4672,40.5233],[-103.5818,40.5234]]]},"properties":{"GEOID":"22820","NAME":"Fort Morgan, CO","LSAD":"M2"}},
{"type":"Feature","geometry":{"type":"Polygon","coordinates":[[[-81.7681,35.1804],[-81.3666,35.1649],[-81.328,35.1634],[-81.3237,35.1896],[-81.3217,35.2604],[-81.3535,35.2774],[-81.3665,35.3142],[-81.3567,35.3306],[-81.3989,35.3531],[-81.4553,35.4189],[-81.4814,35.4715],[-81.513,35.5233],[-81.5092,35.5504],[-81.5376,35.5642],[-81.5672,35.5582],[-81.6072,35.5668],[-81.6484,35.5617],[-81.692,35.58],[-81.6945,35.5019],[-81.7029,35.3573],[-81.7595,35.2226],[-81.7681,35.1804]]]},"properties":{"GEOID":"43140","NAME":"Shelby, NC","LSAD":"M2"}},
{"type":"Feature","geometry":{"type":"Polygon","coordinates":[[[-87.2945,35.4447],[-87.3258,35.4564],[-87.4485,35.4578],[-87.4488,35.4206],[-87.5096,35.4147],[-87.5168,35.3982],[-87.5754,35.3985],[-87.5784,35.2691],[-87.5778,35.1594],[-87.5904,35.1428],[-87.5888,35.0584],[-87.5786,35.0349],[-87.6057,35.0359],[-87.6062,35.0036],[-87.4286,35.0028],[-87.2241,34.9993],[-87.2247,35.0489],[-87.214,35.1233],[-87.205,35.1523],[-87.2216,35.1733],[-87.2166,35.1986],[-87.214,35.3463],[-87.215,35.3813],[-87.2066,35.4332],[-87.2279,35.4293],[-87.2945,35.4447]]]},"properties":{"GEOID":"29980","NAME":"Lawrenceburg, TN","LSAD":"M2"}},
{"type":"Feature","geometry":{"type":"Polygon","coordinates":[[[-89.6293,41.9016],[-89.6324,41.6716],[-89.6315,41.5849],[-89.1666,41.5853],[-89.1672,41.6287],[-89.052,41.6267],[-88.9387,41.6283],[-88.9416,41.7261],[-88.9413,41.8918],[-89.2834,41.8879],[-89.3606,41.888],[-89.3604,41.9026],[-89.3987,41.9028],[-89.4646,41.9116],[-89.48,41.9025],[-89.6293,41.9016]]]},"properties":{"GEOID":"19940","NAME":"Dixon, IL","LSAD":"M2"}},
{"type":"Feature","geometry":{"type":"Polygon","coordinates":[[[-102.0959,46.9813],[-102.1449,46.9814],[-102.1448,47.0103],[-102.5255,47.0102],[-102.5254,46.9813],[-103.0327,46.9806],[-103.0324,47.3287],[-103.6094,47.3285],[-103.6667,47.3293],[-103.6671,46.9798],[-103.6096,46.9799],[-103.6093,46.6298],[-103.2317,46.6298],[-102.6564,46.63],[-102.4024,46.63],[-102.0967,46.631],[-102.0962,46.7178],[-102.0972,46.9805],[-102.0959,46.9813]]]},"properties":{"GEOID":"19860","NAME":"Dickinson, ND","LSAD":"M2"}},
{"type":"Feature","geometry":{"type":"Polygon","coordinates":[[[-117.8651,39.0737],[-118.1963,38.9999],[-118.1962,38.9191],[-117.946,38.699],[-117.7212,38.4999],[-117.6259,38.4161],[-117.4497,38.2569],[-117.2409,38.0699],[-117.2411,38.0501],[-117.2193,38.0503],[-117.1656,38.0017],[-117.1654,37.7499],[-117.1655,37.3139],[-117.166,36.9712],[-117.0009,36.8477],[-116.7103,36.6275],[-116.3759,36.3726],[-116.0972,36.1583],[-115.846,35.9642],[-115.8458,36.1708],[-115.8958,36.1722],[-115.8951,36.4211],[-115.8957,36.684],[-115.8969,36.8421],[-115.8964,36.922],[-115.8963,37.3753],[-115.895,37.7113],[-115.8939,38.0505],[-115.4009,38.0507],[-115.0008,38.0508],[-115.0008,38.5117],[-115.0008,38.6773],[-115.1258,38.7446],[-115.5009,38.9469],[-115.9071,39.1618],[-116.0023,39.1612],[-116.3352,39.1618],[-116.6009,39.1615],[-116.7508,39.1615],[-117.0141,39.1634],[-117.3319,39.1634],[-117.5067,39.1384],[-117.7755,39.0934],[-117.8651,39.0737]]]},"properties":{"GEOID":"37220","NAME":"Pahrump, NV","LSAD":"M2"}},
{"type":"Feature","geometry":{"type":"Polygon","coordinates":[[[-98.0931,34.855],[-98.4615,34.8551],[-98.8261,34.8554],[-98.8261,34.5074],[-98.662,34.5075],[-98.662,34.3334],[-98.6097,34.3337],[-98.61,34.1572],[-98.5771,34.149],[-98.5606,34.1236],[-98.5363,34.1073],[-98.5041,34.0723],[-98.4863,34.0626],[-98.4437,34.0822],[-98.4116,34.0881],[-98.3984,34.1046],[-98.395,34.1313],[-98.364,34.1571],[-98.3254,34.151],[-98.3002,34.1346],[-98.2565,34.1295],[-98.231,34.134],[-98.2001,34.1168],[-98.1691,34.1142],[-98.139,34.1418],[-98.1392,34.2898],[-98.1392,34.507],[-98.1421,34.507],[-98.1418,34.6812],[-98.0891,34.6812],[-98.089,34.8407],[-98.0931,34.855]]]},"properties":{"GEOID":"30020","NAME":"Lawton, OK","LSAD":"M1"}},
{"type":"Feature","geometry":{"type":"Polygon","coordinates":[[[-83.6494,31.568],[-83.6506,31.4847],[-83.6658,31.4851],[-83.6667,31.4342],[-83.6518,31.4339],[-83.6541,31.3307],[-83.5126,31.3274],[-83.4606,31.3263],[-83.4449,31.3496],[-83.4152,31.3759],[-83.3999,31.3764],[-83.3709,31.4011],[-83.3695,31.4651],[-83.3822,31.4871],[-83.397,31.5311],[-83.4206,31.5535],[-83.4709,31.556],[-83.4708,31.5694],[-83.501,31.5701],[-83.5007,31.594],[-83.6051,31.5979],[-83.649,31.5965],[-83.6494,31.568]]]},"properties":{"GEOID":"45700","NAME":"Tifton, GA","LSAD":"M2"}},
{"type":"Feature","geometry":{"type":"Polygon","coordinates":[[[-97.4623,36.9987],[-97.4625,36.5936],[-97.4616,36.5936],[-97.0576,36.5939],[-97.0447,36.6027],[-97.053,36.6439],[-97.062,36.6507],[-97.0641,36.6842],[-97.0307,36.7016],[-96.9957,36.6882],[-96.9319,36.6861],[-96.9209,36.7171],[-96.8886,36.7518],[-96.8664,36.7529],[-96.8341,36.7434],[-96.8226,36.7676],[-96.7887,36.7676],[-96.7887,36.782],[-96.7524,36.7821],[-96.7522,36.9412],[-96.7498,36.999],[-97.1477,36.9991],[-97.4623,36.9987]]]},"properties":{"GEOID":"38620","NAME":"Ponca City, OK","LSAD":"M2"}},
{"type":"Feature","geometry":{"type":"Polygon","coordinates":[[[-97.2524,41.7431],[-97.0199,41.743],[-97.0194,42.0906],[-97.3684,42.0909],[-97.3676,42.4388],[-97.8344,42.4377],[-97.8343,42.089],[-97.8322,41.7422],[-97.8305,41.7422],[-97.2524,41.7431]]]},"properties":{"GEOID":"35740","NAME":"Norfolk, NE","LSAD":"M2"}},
{"type":"Feature","geometry":{"type":"Polygon","coordinates":[[[-97.1605,43.0831],[-97.1604,42.7997],[-97.1313,42.7719],[-97.0718,42.7723],[-97.0158,42.7616],[-96.9822,42.7606],[-96.9612,42.7406],[-96.9635,42.7206],[-96.9376,42.7196],[-96.9068,42.7338],[-96.8434,42.712],[-96.8062,42.7042],[-96.8057,43.0837],[-97.1605,43.0831]]]},"properties":{"GEOID":"46820","NAME":"Vermillion, SD","LSAD":"M2"}},
{"type":"Feature","geometry":{"type":"Polygon","coordinates":[[[-79.5319,36.2497],[-79.5392,36.0826],[-79.5424,35.8433],[-79.2373,35.8442],[-79.2645,35.9141],[-79.258,36.2434],[-79.5319,36.2497]]]},"properties":{"GEOID":"15500","NAME":"Burlington, NC","LSAD":"M1"}},
{"type":"Feature","geometry":{"type":"Polygon","coordinates":[[[-99.3017,30.2867],[-99.7541,30.2907],[-99.7576,30.0741],[-99.6899,30.0739],[-99.6912,29.9086],[-99.6028,29.9077],[-99.2786,29.9042],[-99.177,29.8951],[-99.1072,29.8658],[-98.9177,29.7814],[-98.9206,29.9891],[-98.9201,30.1383],[-99.301,30.1343],[-99.3017,30.2867]]]},"properties":{"GEOID":"28500","NAME":"Kerrville, TX","LSAD":"M2"}},
{"type":"Feature","geometry":{"type":"MultiPolygon","coordinates":[[[[-130.9831,55.366],[-130.961,55.3159],[-130.9296,55.3408],[-130.9482,55.3825],[-130.9831,55.366]]],[[[-131.2447,55.0745],[-131.2394,55.0618],[-131.1968,55.0432],[-131.1936,55.0712],[-131.1751,55.0867],[-131.1898,55.1083],[-131.2112,55.1127],[-131.2447,55.0745]]],[[[-131.4587,55.266],[-131.4266,55.2385],[-131.408,55.2535],[-131.4587,55.266]]],[[[-131.4984,54.9347],[-131.4421,54.9038],[-131.3989,54.8895],[-131.3894,54.8695],[-131.3436,54.8558],[-131.3202,54.8709],[-131.2628,54.8604],[-131.2561,54.8769],[-131.1915,54.9146],[-131.2455,54.9335],[-131.2327,54.9487],[-131.2544,54.9757],[-131.2441,55.0033],[-131.3044,54.9907],[-131.335,54.9949],[-131.3689,54.9764],[-131.4025,54.9758],[-131.417,54.9633],[-131.467,54.9685],[-131.4984,54.9347]]],[[[-131.5396,55.0024],[-131.5185,54.9732],[-131.498,54.9912],[-131.5396,55.0024]]],[[[-131.6176,54.948],[-131.5887,54.9308],[-131.5708,54.9464],[-131.5887,54.9704],[-131.6176,54.948]]],[[[-131.7128,55.8613],[-131.601,55.8539],[-131.5872,55.8665],[-131.6392,55.9129],[-131.6895,55.8902],[-131.6749,55.8624],[-131.7128,55.8613]]],[[[-131.851,55.5255],[-131.837,55.4922],[-131.785,55.5012],[-131.7578,55.5152],[-131.7537,55.5434],[-131.8107,55.5406],[-131.851,55.5255]]],[[[-132.2028,55.628],[-132.1857,55.5878],[-132.1201,55.5497],[-132.0449,55.5345],[-132.0243,55.5165],[-131.9798,55.4993],[-131.9404,55.5486],[-131.9364,55.5914],[-131.9609,55.604],[-131.9647,55.6344],[-131.9136,55.611],[-131.8925,55.6153],[-131.8499,55.6551],[-131.8195,55.6688],[-131.8674,55.722],[-131.8252,55.718],[-131.8003,55.7678],[-131.7682,55.7938],[-131.769,55.8241],[-131.8411,55.8444],[-131.8908,55.8445],[-131.9174,55.8639],[-131.7973,55.883],[-131.7583,55.8782],[-131.6792,55.9183],[-131.6168,55.9397],[-131.5993,55.9],[-131.5582,55.867],[-131.5621,55.8522],[-131.5374,55.8347],[-131.7114,55.8362],[-131.7033,55.7899],[-131.6745,55.7988],[-131.6291,55.7832],[-131.5358,55.8048],[-131.4964,55.7926],[-131.5472,55.7746],[-131.5815,55.781],[-131.6203,55.7632],[-131.6712,55.7712],[-131.7254,55.7446],[-131.7332,55.7276],[-131.7067,55.7064],[-131.7032,55.6867],[-131.7232,55.6346],[-131.6999,55.6135],[-131.6422,55.6037],[-131.674,55.5856],[-131.7175,55.5159],[-131.7782,55.4793],[-131.8266,55.4704],[-131.8302,55.449],[-131.735,55.4007],[-131.7321,55.364],[-131.836,55.4228],[-131.8464,55.3911],[-131.8802,55.3739],[-131.8552,55.3519],[-131.8703,55.3183],[-131.846,55.2703],[-131.8408,55.2318],[-131.7923,55.153],[-131.7646,55.1288],[-131.723,55.1402],[-131.7404,55.1566],[-131.7103,55.1937],[-131.748,55.2197],[-131.7266,55.2305],[-131.6894,55.2239],[-131.6711,55.2592],[-131.6927,55.3044],[-131.6466,55.2853],[-131.6165,55.2938],[-131.6878,55.3444],[-131.6401,55.3407],[-131.5945,55.3152],[-131.5318,55.295],[-131.5042,55.3337],[-131.4822,55.3263],[-131.4288,55.3465],[-131.3909,55.3391],[-131.4542,55.3206],[-131.4807,55.2951],[-131.4608,55.2773],[-131.4038,55.2619],[-131.3553,55.2592],[-131.2991,55.2767],[-131.2532,55.3319],[-131.287,55.3583],[-131.2933,55.381],[-131.2226,55.3958],[-131.1987,55.3915],[-131.1957,55.3589],[-131.2402,55.2872],[-131.3099,55.2399],[-131.2727,55.2217],[-131.2673,55.2082],[-131.2042,55.1899],[-131.1588,55.197],[-131.1339,55.2235],[-131.0636,55.2601],[-131.0518,55.326],[-131.0345,55.3381],[-131.0273,55.3714],[-131.036,55.3994],[-131.0087,55.4048],[-130.9699,55.3944],[-130.9887,55.4622],[-130.9813,55.5183],[-130.9831,55.5659],[-130.9476,55.5536],[-130.9295,55.5736],[-130.9595,55.5886],[-130.9399,55.6192],[-130.9468,55.6507],[-130.971,55.6803],[-130.9727,55.7055],[-131.0525,55.7728],[-131.0432,55.783],[-131.0739,55.8309],[-131.1672,55.9092],[-131.2367,55.9498],[-131.2537,55.971],[-131.2822,55.9715],[-131.3318,55.9566],[-131.3422,55.9681],[-131.3098,55.9907],[-131.2287,56.0051],[-131.1294,56.0545],[-131.1002,56.036],[-131.2133,55.989],[-131.1796,55.9472],[-131.0923,55.8949],[-131.0036,55.8059],[-130.9677,55.7843],[-130.8946,55.7041],[-130.9042,55.6864],[-130.8647,55.5426],[-130.8791,55.5224],[-130.872,55.503],[-130.9203,55.4461],[-130.9038,55.4013],[-130.8759,55.3843],[-130.8836,55.3619],[-130.8719,55.314],[-130.8838,55.2939],[-130.9251,55.3007],[-130.9875,55.2488],[-131.0926,55.1927],[-131.0727,55.1236],[-131.0349,55.108],[-131.0276,55.0927],[-130.9942,55.0851],[-130.8983,55.1041],[-130.8722,55.1259],[-130.8161,55.1448],[-130.7955,55.1029],[-130.7734,55.0927],[-130.7413,55.1014],[-130.7335,55.1311],[-130.7062,55.124],[-130.72,55.0939],[-130.7942,55.0731],[-130.8232,55.0946],[-130.827,55.1163],[-130.8578,55.1153],[-130.8708,55.0986],[-130.9107,55.0842],[-130.9895,55.068],[-131.0146,54.9996],[-130.9796,54.9803],[-130.9463,54.9476],[-130.9475,54.9327],[-130.9754,54.9214],[-130.957,54.9023],[-130.9482,54.8292],[-130.9346,54.8007],[-130.8574,54.7636],[-130.8144,54.774],[-130.7656,54.8103],[-130.7378,54.8074],[-130.7492,54.7751],[-130.7384,54.7486],[-130.7179,54.7367],[-130.6532,54.7239],[-130.6281,54.7393],[-130.659,54.7631],[-130.6289,54.7827],[-130.5682,54.7922],[-130.4594,54.8485],[-130.3445,54.9188],[-130.2733,54.974],[-130.1876,55.0628],[-130.1809,55.0913],[-130.1461,55.1428],[-130.1028,55.1926],[-129.9742,55.2819],[-129.9766,55.3004],[-130.0211,55.3379],[-130.0412,55.4517],[-130.0899,55.498],[-130.1279,55.581],[-130.1117,55.6829],[-130.148,55.715],[-130.1524,55.7663],[-130.1923,55.7889],[-130.2103,55.8106],[-130.238,55.8166],[-130.2985,55.8671],[-130.2887,55.887],[-130.312,55.9095],[-130.333,55.9042],[-130.3886,55.9432],[-130.3834,55.957],[-130.2951,55.9971],[-130.262,55.9852],[-130.2227,55.9984],[-130.292,56.0562],[-130.2824,56.0796],[-130.2564,56.0968],[-130.3501,56.1285],[-130.426,56.1416],[-130.4679,56.2431],[-130.5405,56.2475],[-130.6233,56.2669],[-130.782,56.3668],[-131.0873,56.406],[-131.0878,56.3814],[-131.1144,56.3587],[-131.0962,56.3352],[-131.0192,56.3171],[-131.0394,56.2997],[-131.0184,56.2734],[-131.016,56.2499],[-131.0611,56.2367],[-131.0627,56.2265],[-131.1067,56.1951],[-131.2105,56.1847],[-131.2405,56.1726],[-131.2534,56.2069],[-131.3363,56.1812],[-131.3573,56.158],[-131.3929,56.1398],[-131.4396,56.1297],[-131.4,56.0843],[-131.3692,56.0699],[-131.3858,56.0531],[-131.3643,56.0179],[-131.4132,56.0264],[-131.4711,56.0232],[-131.5281,56.0354],[-131.527,56.0532],[-131.585,56.0665],[-131.6008,56.0817],[-131.6534,56.1039],[-131.6862,56.0949],[-131.6642,56.0675],[-131.6824,56.0537],[-131.7326,56.0646],[-131.7703,56.0565],[-131.8332,56.0535],[-131.8608,56.036],[-131.881,55.9981],[-131.9054,55.9749],[-131.8734,55.9529],[-131.8949,55.9208],[-131.9579,55.9079],[-131.958,55.8844],[-132.0077,55.8697],[-132.011,55.8548],[-131.9356,55.7984],[-131.939,55.7853],[-131.9786,55.7534],[-131.9844,55.7257],[-131.9627,55.7008],[-132.0089,55.6871],[-132.0588,55.7109],[-132.0887,55.6974],[-132.0912,55.6607],[-132.1505,55.6497],[-132.2028,55.628]]]]},"properties":{"GEOID":"28540","NAME":"Ketchikan, AK","LSAD":"M2"}},
{"type":"Feature","geometry":{"type":"MultiPolygon","coordinates":[[[[-85.8847,45.4448],[-85.8751,45.4254],[-85.8422,45.3911],[-85.8265,45.4059],[-85.8521,45.4369],[-85.8847,45.4448]]],[[[-86.0645,45.1396],[-86.0587,45.1008],[-85.9995,45.0541],[-85.9769,45.0627],[-85.9841,45.0871],[-85.9768,45.1384],[-85.9894,45.1511],[-86.0444,45.1596],[-86.0645,45.1396]]],[[[-86.1557,45.0144],[-86.1348,44.997],[-86.096,45.0064],[-86.1019,45.0228],[-86.0852,45.0395],[-86.1179,45.0485],[-86.1381,45.043],[-86.1557,45.0144]]],[[[-84.8509,44.5111],[-84.8499,44.7125],[-84.8473,44.858],[-85.2917,44.8596],[-85.3276,44.8508],[-85.3165,44.8231],[-85.3751,44.8293],[-85.382,44.8596],[-85.4431,44.8598],[-85.4715,44.8166],[-85.4994,44.8043],[-85.5067,44.7657],[-85.5272,44.7475],[-85.5766,44.7602],[-85.5595,44.7875],[-85.5559,44.8183],[-85.5399,44.8342],[-85.4997,44.8561],[-85.4886,44.9017],[-85.4913,44.9276],[-85.4749,44.9917],[-85.52,44.974],[-85.5397,44.9168],[-85.5329,44.8732],[-85.5489,44.8632],[-85.5791,44.8177],[-85.5993,44.7659],[-85.6408,44.7756],[-85.6333,44.8004],[-85.6514,44.8316],[-85.6455,44.8836],[-85.6246,44.9221],[-85.6048,44.9384],[-85.599,44.9812],[-85.6295,44.9667],[-85.6495,44.9746],[-85.6357,44.9934],[-85.5997,45.0217],[-85.5969,45.0451],[-85.5801,45.0664],[-85.6143,45.1276],[-85.5998,45.1493],[-85.5702,45.1551],[-85.5315,45.1772],[-85.5407,45.2109],[-85.586,45.1804],[-85.6175,45.187],[-85.656,45.1458],[-85.6757,45.1154],[-85.6811,45.0927],[-85.7123,45.0656],[-85.7408,45.0556],[-85.7629,45.0226],[-85.78,45.0096],[-85.7783,44.9831],[-85.8074,44.9498],[-85.8361,44.9403],[-85.8699,44.939],[-85.8915,44.9578],[-85.9316,44.9688],[-85.9672,44.9295],[-85.9802,44.9061],[-86.0215,44.9028],[-86.0438,44.9147],[-86.0667,44.9057],[-86.0725,44.8848],[-86.0665,44.8199],[-86.0786,44.7944],[-86.074,44.7699],[-86.0896,44.742],[-86.1211,44.728],[-86.1548,44.7321],[-86.1806,44.7187],[-86.2325,44.7061],[-86.2568,44.6868],[-86.259,44.6637],[-86.2254,44.5946],[-86.2204,44.5682],[-86.2347,44.5183],[-85.9793,44.5135],[-85.8178,44.513],[-85.5569,44.5121],[-85.3841,44.5124],[-85.0929,44.5105],[-84.8509,44.5111]]]]},"properties":{"GEOID":"45900","NAME":"Traverse City, MI","LSAD":"M2"}},
{"type":"Feature","geometry":{"type":"Polygon","coordinates":[[[-111.0466,41.2516],[-111.0467,40.998],[-110.7507,40.9968],[-110.5398,40.9963],[-110.5007,40.9947],[-110.2378,40.9954],[-110.0485,40.9976],[-110.049,41.2464],[-110.048,41.578],[-110.5849,41.5792],[-111.0458,41.5798],[-111.0466,41.2516]]]},"properties":{"GEOID":"21740","NAME":"Evanston, WY","LSAD":"M2"}},
{"type":"Feature","geometry":{"type":"Polygon","coordinates":[[[-119.3242,41.9942],[-119.327,41.8569],[-119.327,41.5906],[-119.3211,41.5909],[-119.324,41.4145],[-119.3046,41.4147],[-119.3057,41.2345],[-119.3311,41.2351],[-119.3298,40.9604],[-119.3096,40.9604],[-118.7867,40.9609],[-118.7867,40.8559],[-118.5455,40.8559],[-118.2485,40.8569],[-118.001,40.858],[-117.6442,40.8578],[-117.6444,40.6843],[-117.3094,40.6835],[-117.3,40.6763],[-117.3006,40.5261],[-117.2468,40.6424],[-117.0187,40.643],[-117.0184,41.0003],[-117.0187,41.2963],[-117.0183,41.4999],[-117.0186,41.7499],[-117.0182,41.9993],[-117.0262,41.9999],[-117.1978,42.0004],[-117.626,41.9981],[-117.8735,41.9983],[-118.1974,41.997],[-118.501,41.9954],[-118.6964,41.9918],[-119.001,41.9938],[-119.2083,41.9932],[-119.3242,41.9942]]]},"properties":{"GEOID":"49080","NAME":"Winnemucca, NV","LSAD":"M2"}},
{"type":"Feature","geometry":{"type":"Polygon","coordinates":[[[-85.9464,40.9992],[-85.9415,40.7944],[-85.9395,40.651],[-85.8648,40.6517],[-85.6386,40.6531],[-85.6438,41.0023],[-85.6832,41.0019],[-85.6842,41.0467],[-85.7958,41.0436],[-85.9456,41.0429],[-85.9464,40.9992]]]},"properties":{"GEOID":"47340","NAME":"Wabash, IN","LSAD":"M2"}},
{"type":"Feature","geometry":{"type":"Polygon","coordinates":[[[-117.0423,47.9775],[-117.0425,47.839],[-117.0408,47.5741],[-117.0401,47.366],[-116.8108,47.3663],[-116.8108,47.3806],[-116.7352,47.3859],[-116.7354,47.3715],[-116.6291,47.3714],[-116.6291,47.4003],[-116.5865,47.4003],[-116.5865,47.4147],[-116.4376,47.4127],[-116.3294,47.414],[-116.3295,47.7327],[-116.3295,47.8904],[-116.5051,47.8901],[-116.5043,47.9914],[-116.633,47.9915],[-116.6341,47.9771],[-117.0423,47.9775]]]},"properties":{"GEOID":"17660","NAME":"Coeur d'Alene, ID","LSAD":"M1"}},
{"type":"Feature","geometry":{"type":"Polygon","coordinates":[[[-94.2561,44.9795],[-94.5019,44.9798],[-94.4977,44.8923],[-94.4978,44.6299],[-94.2547,44.6303],[-94.2541,44.7179],[-94.0105,44.7175],[-94.0099,44.8919],[-94.0122,44.9787],[-94.2561,44.9795]]]},"properties":{"GEOID":"26780","NAME":"Hutchinson, MN","LSAD":"M2"}},
{"type":"Feature","geometry":{"type":"Polygon","coordinates":[[[-96.3526,38.739],[-96.3538,38.5217],[-96.8195,38.5224],[-96.8195,38.3485],[-96.8377,38.3486],[-96.8409,38.2613],[-96.8408,38.0856],[-96.5228,38.0864],[-96.3581,38.0858],[-96.3573,38.1727],[-95.9589,38.1709],[-95.9585,38.2597],[-95.95,38.2597],[-95.9503,38.4341],[-95.9497,38.6954],[-95.9459,38.7391],[-96.3526,38.739]]]},"properties":{"GEOID":"21380","NAME":"Emporia, KS","LSAD":"M2"}},
{"type":"Feature","geometry":{"type":"Polygon","coordinates":[[[-97.3992,43.1694],[-97.6375,43.1688],[-97.6353,42.9959],[-97.6354,42.8514],[-97.6038,42.8583],[-97.5619,42.8476],[-97.5048,42.8585],[-97.4423,42.8462],[-97.4171,42.8659],[-97.3767,42.8652],[-97.3596,42.8548],[-97.3067,42.8676],[-97.2899,42.8555],[-97.2486,42.8554],[-97.2188,42.8458],[-97.2101,42.8093],[-97.1604,42.7997],[-97.1605,43.0831],[-97.1605,43.17],[-97.3992,43.1694]]]},"properties":{"GEOID":"49460","NAME":"Yankton, SD","LSAD":"M2"}},
{"type":"Feature","geometry":{"type":"Polygon","coordinates":[[[-86.6956,40.2144],[-86.6958,40.1787],[-86.4503,40.1769],[-86.2424,40.1808],[-86.2427,40.2158],[-86.243,40.3737],[-86.2808,40.3737],[-86.3093,40.3884],[-86.3092,40.4317],[-86.3758,40.4319],[-86.4685,40.431],[-86.6947,40.4322],[-86.6956,40.2144]]]},"properties":{"GEOID":"23140","NAME":"Frankfort, IN","LSAD":"M2"}},
{"type":"Feature","geometry":{"type":"Polygon","coordinates":[[[-99.7085,45.3182],[-99.709,45.2459],[-99.216,45.2449],[-98.8458,45.2447],[-98.4545,45.2419],[-97.9815,45.2404],[-97.9797,45.5453],[-97.9788,45.9359],[-98.4145,45.9365],[-98.7244,45.9387],[-98.725,45.5913],[-99.0921,45.5924],[-99.3826,45.5927],[-99.7077,45.5934],[-99.7085,45.3182]]]},"properties":{"GEOID":"10100","NAME":"Aberdeen, SD","LSAD":"M2"}},
{"type":"Feature","geometry":{"type":"Polygon","coordinates":[[[-94.7327,30.4901],[-94.5963,30.1121],[-94.4449,30.113],[-94.4422,29.8871],[-94.358,29.8875],[-94.3534,29.5748],[-94.3541,29.5626],[-94.185,29.6283],[-94.0958,29.6605],[-94.0014,29.6815],[-93.9526,29.6833],[-93.8377,29.679],[-93.838,29.6906],[-93.87,29.7355],[-93.8888,29.7422],[-93.8985,29.7716],[-93.9288,29.7971],[-93.9227,29.8188],[-93.9007,29.837],[-93.8551,29.8641],[-93.8304,29.8944],[-93.8166,29.9207],[-93.8078,29.9545],[-93.7869,29.9906],[-93.7716,29.9959],[-93.7397,30.024],[-93.7164,30.0691],[-93.7238,30.0941],[-93.7024,30.1127],[-93.6963,30.1516],[-93.719,30.2087],[-93.7052,30.2439],[-94.1174,30.2417],[-94.1067,30.2539],[-94.1194,30.2853],[-94.1027,30.3259],[-94.0834,30.3422],[-94.0992,30.3615],[-94.103,30.3921],[-94.119,30.4096],[-94.1074,30.4503],[-94.0796,30.4946],[-94.0717,30.526],[-94.5457,30.527],[-94.5379,30.4911],[-94.7327,30.4901]]]},"properties":{"GEOID":"13140","NAME":"Beaumont-Port Arthur, TX","LSAD":"M1"}},
{"type":"Feature","geometry":{"type":"Polygon","coordinates":[[[-78.9738,40.3954],[-79.0103,40.3402],[-79.02,40.3356],[-79.0561,40.2849],[-78.9273,40.2847],[-78.9021,40.2748],[-78.8912,40.2503],[-78.848,40.2449],[-78.6583,40.2432],[-78.6438,40.2591],[-78.6354,40.3095],[-78.6204,40.327],[-78.6022,40.3536],[-78.5615,40.3697],[-78.5529,40.4348],[-78.5405,40.4766],[-78.5398,40.5063],[-78.5182,40.5288],[-78.4791,40.5473],[-78.4412,40.5972],[-78.4478,40.6239],[-78.4388,40.6457],[-78.4086,40.6443],[-78.3487,40.7234],[-78.4029,40.7252],[-78.569,40.7256],[-78.6353,40.7231],[-78.8017,40.7246],[-78.8089,40.721],[-78.8506,40.6265],[-78.9216,40.4842],[-78.9738,40.3954]]]},"properties":{"GEOID":"27780","NAME":"Johnstown, PA","LSAD":"M1"}},
{"type":"Feature","geometry":{"type":"Polygon","coordinates":[[[-77.723,42.4712],[-77.7311,42.4041],[-77.7439,42.1445],[-77.7499,41.9988],[-77.5053,42.0001],[-77.1247,41.9994],[-76.9658,42.0013],[-76.965,42.2785],[-77.0748,42.2755],[-77.0997,42.2724],[-77.1072,42.4838],[-77.1495,42.5001],[-77.1496,42.5539],[-77.1438,42.5769],[-77.3068,42.5762],[-77.4909,42.5773],[-77.6599,42.5804],[-77.6613,42.5351],[-77.7206,42.5351],[-77.723,42.4712]]]},"properties":{"GEOID":"18500","NAME":"Corning, NY","LSAD":"M2"}},
{"type":"Feature","geometry":{"type":"Polygon","coordinates":[[[-93.4906,33.0184],[-93.2386,33.018],[-92.9888,33.0173],[-92.9785,33.3771],[-93.119,33.3803],[-93.1163,33.4529],[-93.221,33.4551],[-93.2213,33.4405],[-93.3656,33.4445],[-93.3871,33.4125],[-93.4107,33.3516],[-93.429,33.3152],[-93.442,33.2583],[-93.4817,33.2601],[-93.4906,33.0184]]]},"properties":{"GEOID":"31620","NAME":"Magnolia, AR","LSAD":"M2"}},
{"type":"Feature","geometry":{"type":"Polygon","coordinates":[[[-120.0045,39.1656],[-120.0034,39.1127],[-119.7612,39.114],[-119.7521,39.0849],[-119.5504,39.0863],[-119.5611,39.1364],[-119.5745,39.1546],[-119.5607,39.1785],[-119.5651,39.1949],[-119.6479,39.1951],[-119.6823,39.2092],[-119.7121,39.251],[-119.7521,39.2444],[-119.7989,39.2152],[-119.8439,39.2008],[-119.8808,39.1655],[-120.0045,39.1656]]]},"properties":{"GEOID":"16180","NAME":"Carson City, NV","LSAD":"M1"}},
{"type":"Feature","geometry":{"type":"Polygon","coordinates":[[[-89.7551,31.7747],[-89.7556,31.6098],[-89.7351,31.6103],[-89.717,31.5889],[-89.673,31.5647],[-89.6369,31.5589],[-89.6029,31.5388],[-89.5869,31.5134],[-89.5868,31.4337],[-89.6542,31.4338],[-89.654,31.0025],[-89.5519,31.0019],[-89.552,31.016],[-89.5013,31.016],[-89.4759,31.0014],[-89.476,30.9829],[-89.4253,30.9825],[-89.4248,31.0101],[-89.3489,31.0104],[-89.3407,31.001],[-89.3408,30.9099],[-89.1536,30.9099],[-88.885,30.9108],[-88.8345,30.9103],[-88.8343,30.998],[-88.8409,30.9984],[-88.8412,31.2595],[-88.8417,31.4337],[-88.9435,31.4335],[-89.3992,31.434],[-89.4012,31.7969],[-89.653,31.7807],[-89.7551,31.7747]]]},"properties":{"GEOID":"25620","NAME":"Hattiesburg, MS","LSAD":"M1"}},
{"type":"Feature","geometry":{"type":"Polygon","coordinates":[[[-93.4795,36.1251],[-93.4803,36.0816],[-93.4457,36.0808],[-93.4508,35.9675],[-93.4862,35.9534],[-93.4869,35.9243],[-93.5049,35.9251],[-93.506,35.881],[-93.5236,35.8815],[-93.5261,35.8236],[-93.5171,35.8233],[-93.5192,35.7635],[-93.5196,35.7345],[-93.3791,35.7307],[-93.1645,35.7289],[-92.9514,35.7246],[-92.9465,35.8129],[-92.9385,36.0717],[-92.9446,36.1153],[-92.8907,36.1142],[-92.8849,36.4909],[-92.8596,36.4719],[-92.854,36.498],[-93.126,36.4979],[-93.2931,36.4983],[-93.296,36.4816],[-93.2965,36.341],[-93.3008,36.1216],[-93.4795,36.1251]]]},"properties":{"GEOID":"25460","NAME":"Harrison, AR","LSAD":"M2"}},
{"type":"Feature","geometry":{"type":"Polygon","coordinates":[[[-101.2642,32.0871],[-101.2671,31.6509],[-101.2689,31.4428],[-101.2719,31.294],[-101.2748,31.0794],[-100.9738,31.0823],[-100.6888,31.0866],[-100.2504,31.0885],[-100.1152,31.088],[-100.1129,31.3993],[-100.1112,31.5803],[-100.227,31.5813],[-100.2346,31.5871],[-100.2358,31.693],[-100.4005,31.6926],[-100.6536,31.6942],[-100.8254,31.6962],[-100.8216,32.0866],[-101.184,32.0872],[-101.2642,32.0871]]]},"properties":{"GEOID":"41660","NAME":"San Angelo, TX","LSAD":"M1"}},
{"type":"Feature","geometry":{"type":"Polygon","coordinates":[[[-100.2273,37.8559],[-100.2146,37.8268],[-100.2162,37.4752],[-100.1072,37.4748],[-99.7382,37.4673],[-99.5561,37.4677],[-99.5603,37.8256],[-99.5706,37.8256],[-99.5699,37.913],[-100.0093,37.913],[-100.2271,37.914],[-100.2273,37.8559]]]},"properties":{"GEOID":"19980","NAME":"Dodge City, KS","LSAD":"M2"}},
{"type":"Feature","geometry":{"type":"Polygon","coordinates":[[[-99.4139,29.0913],[-99.4116,28.8192],[-99.409,28.6406],[-99.2146,28.6441],[-98.8008,28.6475],[-98.8046,29.0014],[-98.8049,29.0904],[-99.1253,29.0906],[-99.4139,29.0913]]]},"properties":{"GEOID":"37770","NAME":"Pearsall, TX","LSAD":"M2"}},
{"type":"Feature","geometry":{"type":"Polygon","coordinates":[[[-121.5237,45.7249],[-121.5331,45.7265],[-121.6312,45.7047],[-121.6684,45.7051],[-121.7351,45.694],[-121.8113,45.7068],[-121.8672,45.6933],[-121.9019,45.6707],[-121.922,45.6492],[-121.9181,45.5872],[-121.9033,45.5549],[-121.9169,45.5467],[-121.9066,45.5211],[-121.8748,45.5158],[-121.8637,45.4928],[-121.8068,45.4546],[-121.8069,45.4353],[-121.7762,45.4027],[-121.7242,45.3936],[-121.7005,45.3785],[-121.7047,45.3405],[-121.6801,45.2902],[-121.6965,45.2579],[-121.4819,45.2581],[-121.4822,45.5196],[-121.4406,45.5194],[-121.4412,45.6973],[-121.4992,45.7208],[-121.5237,45.7249]]]},"properties":{"GEOID":"26220","NAME":"Hood River, OR","LSAD":"M2"}},
{"type":"Feature","geometry":{"type":"Polygon","coordinates":[[[-88.6061,44.5905],[-88.7368,44.5906],[-88.7368,44.3739],[-88.7398,44.2433],[-88.4041,44.2441],[-88.4042,43.9382],[-88.1617,43.9377],[-88.1623,43.8915],[-88.0418,43.8917],[-88.0438,44.1822],[-88.0432,44.241],[-88.1926,44.2419],[-88.1909,44.2888],[-88.1905,44.5868],[-88.2452,44.5847],[-88.3869,44.5884],[-88.6061,44.5905]]]},"properties":{"GEOID":"11540","NAME":"Appleton, WI","LSAD":"M1"}},
{"type":"Feature","geometry":{"type":"Polygon","coordinates":[[[-78.1921,35.7305],[-78.1603,35.711],[-78.1575,35.6853],[-78.1256,35.6031],[-78.0648,35.5853],[-78.058,35.5978],[-77.9984,35.5856],[-77.8225,35.5854],[-77.8062,35.5835],[-77.7007,35.6523],[-77.6651,35.6749],[-77.7184,35.7288],[-77.7513,35.8278],[-77.8284,35.8672],[-77.8447,35.8376],[-77.874,35.8497],[-77.8974,35.8439],[-78.0198,35.7945],[-78.1471,35.7458],[-78.1921,35.7305]]]},"properties":{"GEOID":"48980","NAME":"Wilson, NC","LSAD":"M2"}},
{"type":"Feature","geometry":{"type":"Polygon","coordinates":[[[-97.7038,41.3949],[-97.7055,41.3091],[-97.8983,41.3082],[-97.8979,41.2936],[-98.0531,41.2931],[-98.0531,41.2785],[-98.1017,41.2787],[-98.1015,41.264],[-98.2754,41.2643],[-98.2739,41.3939],[-98.7443,41.3942],[-98.7492,41.1052],[-98.7485,41.0466],[-98.722,41.0467],[-98.7214,40.6989],[-98.2829,40.6983],[-98.2826,40.8687],[-98.2751,40.8796],[-98.2069,40.9366],[-98.1698,40.9548],[-98.1463,40.9843],[-98.089,41.0097],[-98.0263,41.0535],[-98.0105,41.0728],[-97.8857,41.1146],[-97.8283,41.1734],[-97.8007,41.1932],[-97.766,41.2349],[-97.7159,41.2642],[-97.6586,41.3049],[-97.5982,41.3172],[-97.5983,41.3331],[-97.5985,41.3951],[-97.7038,41.3949]]]},"properties":{"GEOID":"24260","NAME":"Grand Island, NE","LSAD":"M1"}},
{"type":"Feature","geometry":{"type":"Polygon","coordinates":[[[-94.1647,42.2099],[-94.1641,41.8632],[-93.9916,41.8631],[-93.4927,41.8631],[-93.2319,41.8627],[-93.2317,42.2089],[-93.5698,42.2093],[-93.9316,42.2099],[-94.1647,42.2099]]]},"properties":{"GEOID":"11180","NAME":"Ames, IA","LSAD":"M1"}},
{"type":"Feature","geometry":{"type":"Polygon","coordinates":[[[-94.6287,41.8628],[-94.6288,42.2094],[-95.0909,42.2104],[-95.0929,41.8634],[-94.7449,41.8624],[-94.6287,41.8628]]]},"properties":{"GEOID":"16140","NAME":"Carroll, IA","LSAD":"M2"}},
{"type":"Feature","geometry":{"type":"Polygon","coordinates":[[[-81.5657,26.7696],[-81.5665,26.7095],[-81.5638,26.5133],[-81.2718,26.5171],[-81.2719,26.4226],[-81.2682,26.2531],[-80.8797,26.2593],[-80.88,26.3461],[-80.8858,26.6092],[-80.8856,26.9589],[-80.9453,26.7691],[-81.0831,26.7683],[-81.4346,26.7688],[-81.5657,26.7696]]]},"properties":{"GEOID":"17500","NAME":"Clewiston, FL","LSAD":"M2"}},
{"type":"Feature","geometry":{"type":"Polygon","coordinates":[[[-93.7639,45.8221],[-93.7594,45.5596],[-94.1495,45.5591],[-94.1505,45.5291],[-94.142,45.4932],[-94.1003,45.4666],[-94.1017,45.4548],[-94.0495,45.4261],[-94.086,45.3798],[-94.0989,45.3434],[-94.1567,45.304],[-94.1943,45.3189],[-94.257,45.3063],[-94.2611,45.2839],[-94.2568,45.2393],[-94.2561,44.9795],[-94.0122,44.9787],[-94.0099,44.8919],[-94.0105,44.7175],[-93.8886,44.717],[-93.8888,44.6734],[-93.7682,44.6735],[-93.768,44.6403],[-93.7909,44.6286],[-93.8155,44.633],[-93.8613,44.6054],[-93.8897,44.5967],[-93.9003,44.5554],[-93.9122,44.5381],[-93.8882,44.5265],[-93.8873,44.5044],[-93.907,44.4737],[-93.9296,44.4567],[-93.9279,44.4454],[-93.962,44.3659],[-93.9327,44.3449],[-93.9598,44.3073],[-93.9911,44.2955],[-94.011,44.2768],[-94.0191,44.2395],[-93.768,44.2394],[-93.768,44.1958],[-93.5252,44.1961],[-93.5243,44.5436],[-93.2815,44.544],[-93.2817,44.472],[-93.0395,44.4719],[-93.0397,44.5125],[-92.9849,44.5188],[-92.9381,44.5114],[-92.9191,44.5176],[-92.919,44.5433],[-92.7926,44.543],[-92.7926,44.6297],[-92.732,44.6295],[-92.732,44.7137],[-92.6647,44.6634],[-92.6217,44.639],[-92.6215,44.615],[-92.5694,44.6035],[-92.5406,44.5673],[-92.5184,44.5752],[-92.481,44.5683],[-92.4373,44.5528],[-92.4151,44.5604],[-92.3476,44.5571],[-92.3162,44.541],[-92.1354,44.5396],[-92.1352,44.6844],[-92.1363,44.8578],[-92.1353,44.9338],[-92.1361,45.1214],[-92.1571,45.1216],[-92.1565,45.2096],[-92.3823,45.2092],[-92.5608,45.2104],[-92.758,45.2096],[-92.7602,45.2496],[-92.7517,45.2617],[-92.7587,45.291],[-92.7371,45.3005],[-92.699,45.3364],[-92.7041,45.3537],[-92.6504,45.3985],[-92.6466,45.4416],[-92.6802,45.4643],[-92.7267,45.5145],[-92.7261,45.5411],[-92.7702,45.5669],[-92.8233,45.5609],[-92.8711,45.5676],[-92.8837,45.5755],[-92.8879,45.639],[-92.8692,45.7176],[-92.8545,45.73],[-93.389,45.7307],[-93.5137,45.7343],[-93.518,45.8784],[-93.5181,45.9817],[-93.4325,45.9815],[-93.4306,46.2464],[-93.5339,46.2472],[-93.7963,46.2432],[-93.8109,46.2431],[-93.8104,46.1566],[-93.8103,45.9831],[-93.7689,45.9825],[-93.7684,45.9097],[-93.7639,45.8221]]]},"properties":{"GEOID":"33460","NAME":"Minneapolis-St. Paul-Bloomington, MN-WI","LSAD":"M1"}},
{"type":"Feature","geometry":{"type":"MultiPolygon","coordinates":[[[[-75.8647,38.3797],[-75.8493,38.365],[-75.8563,38.3495],[-75.8825,38.3291],[-75.917,38.2632],[-75.8957,38.2286],[-75.8834,38.2444],[-75.8187,38.2261],[-75.8641,38.2009],[-75.8881,38.2038],[-75.9424,38.1871],[-75.9596,38.1371],[-75.9371,38.1242],[-75.9048,38.1423],[-75.8808,38.148],[-75.8595,38.1405],[-75.8365,38.1506],[-75.8081,38.1405],[-75.8383,38.1262],[-75.8756,38.0802],[-75.871,38.0592],[-75.8443,38.0723],[-75.8006,38.0619],[-75.8435,38.0275],[-75.8575,38.0388],[-75.8855,37.9961],[-75.8679,37.9775],[-75.8612,37.9553],[-75.8899,37.9537],[-75.8927,37.9168],[-75.8607,37.9183],[-75.8332,37.9308],[-75.7838,37.9726],[-75.754,37.9758],[-75.7365,37.9632],[-75.7152,37.9782],[-75.6581,37.9595],[-75.6244,37.9942],[-75.2425,38.027],[-75.1938,38.096],[-75.159,38.1842],[-75.1029,38.3115],[-75.0855,38.3243],[-75.0546,38.4148],[-75.0497,38.4864],[-75.0655,38.661],[-75.0822,38.7722],[-75.0971,38.7887],[-75.134,38.7822],[-75.1906,38.8069],[-75.2631,38.8774],[-75.3041,38.9132],[-75.3119,38.9459],[-75.3528,38.9479],[-75.361,38.9575],[-75.4007,38.9477],[-75.3991,38.9269],[-75.4177,38.9143],[-75.4648,38.9112],[-75.5092,38.8758],[-75.5204,38.8557],[-75.5553,38.8356],[-75.7226,38.8299],[-75.7074,38.6354],[-75.7016,38.5607],[-75.7322,38.538],[-75.7449,38.5378],[-75.765,38.5065],[-75.8237,38.481],[-75.8167,38.4633],[-75.8367,38.4481],[-75.8198,38.4359],[-75.8456,38.4219],[-75.8647,38.3797]]],[[[-76.0502,37.9869],[-76.0465,37.9536],[-75.9939,37.9535],[-75.9932,37.985],[-75.9801,38.0049],[-76.0073,38.0367],[-76.041,38.032],[-76.0502,37.9869]]],[[[-76.0542,38.0943],[-76.0424,38.0819],[-76.0081,38.0915],[-76.0226,38.1062],[-76.0542,38.0943]]]]},"properties":{"GEOID":"41540","NAME":"Salisbury, MD-DE","LSAD":"M1"}},
{"type":"Feature","geometry":{"type":"Polygon","coordinates":[[[-86.0595,41.4792],[-86.2817,41.4787],[-86.4671,41.4765],[-86.4666,41.433],[-86.467,41.1714],[-86.0776,41.1729],[-86.054,41.1731],[-86.0592,41.4358],[-86.0595,41.4792]]]},"properties":{"GEOID":"38500","NAME":"Plymouth, IN","LSAD":"M2"}},
{"type":"Feature","geometry":{"type":"Polygon","coordinates":[[[-88.9293,40.7533],[-88.9869,40.7523],[-88.9847,40.665],[-89.0453,40.6639],[-89.0444,40.6274],[-89.1016,40.625],[-89.1342,40.6115],[-89.1338,40.5967],[-89.2694,40.5943],[-89.2637,40.3253],[-89.2626,40.2809],[-89.1488,40.282],[-89.0542,40.2831],[-88.5749,40.2815],[-88.4604,40.2819],[-88.46,40.3989],[-88.4595,40.6173],[-88.5745,40.6165],[-88.5823,40.6707],[-88.5843,40.7576],[-88.9293,40.7533]]]},"properties":{"GEOID":"14010","NAME":"Bloomington, IL","LSAD":"M1"}},
{"type":"Feature","geometry":{"type":"Polygon","coordinates":[[[-70.1294,44.4872],[-70.2013,44.478],[-70.2744,44.4406],[-70.2787,44.4152],[-70.2652,44.3629],[-70.3252,44.2084],[-70.3341,44.2108],[-70.4853,44.0604],[-70.4801,44.0321],[-70.402,43.9901],[-70.3639,43.9864],[-70.3154,44.0378],[-70.2003,43.952],[-70.197,43.946],[-70.1159,43.9067],[-70.0808,43.9265],[-70.0342,43.9757],[-70.0507,43.9941],[-70.0272,44.0434],[-70.0055,44.1245],[-70.0274,44.1306],[-70.0185,44.1579],[-69.9938,44.1806],[-70.0605,44.1918],[-70.0757,44.2062],[-70.0746,44.2986],[-70.099,44.3195],[-70.1029,44.3372],[-70.1289,44.3682],[-70.1005,44.3839],[-70.1294,44.4872]]]},"properties":{"GEOID":"30340","NAME":"Lewiston-Auburn, ME","LSAD":"M1"}},
{"type":"Feature","geometry":{"type":"Polygon","coordinates":[[[-100.6606,32.5253],[-100.6639,32.2609],[-100.6654,32.0854],[-100.3251,32.0814],[-100.1519,32.0826],[-100.1485,32.4186],[-100.1465,32.5228],[-100.3791,32.5238],[-100.6606,32.5253]]]},"properties":{"GEOID":"45020","NAME":"Sweetwater, TX","LSAD":"M2"}},
{"type":"Feature","geometry":{"type":"Polygon","coordinates":[[[-88.9105,31.8266],[-88.7634,31.8359],[-88.6224,31.8572],[-88.4732,31.8939],[-88.4386,32.1728],[-88.4039,32.4488],[-88.3733,32.7118],[-88.3479,32.9291],[-88.8128,32.926],[-88.9144,32.9266],[-88.9155,32.56],[-88.9138,32.2242],[-88.9136,32.1085],[-88.9105,31.8266]]]},"properties":{"GEOID":"32940","NAME":"Meridian, MS","LSAD":"M2"}},
{"type":"Feature","geometry":{"type":"Polygon","coordinates":[[[-87.6062,35.0036],[-88,35.0059],[-88.203,35.008],[-88.1988,34.9912],[-88.1761,34.9625],[-88.1546,34.9224],[-88.1367,34.9076],[-88.0979,34.8922],[-88.1184,34.7243],[-88.14,34.5817],[-87.9521,34.5751],[-87.5297,34.5671],[-87.5071,34.5859],[-87.5043,34.6166],[-87.4879,34.6278],[-87.4837,34.648],[-87.4495,34.6489],[-87.4431,34.6752],[-87.4504,34.6966],[-87.4331,34.7175],[-87.4279,34.7519],[-87.4344,34.7736],[-87.4265,34.8],[-87.3702,34.805],[-87.3442,34.7965],[-87.2979,34.7508],[-87.2607,34.7586],[-87.2783,34.7736],[-87.2149,34.8163],[-87.2108,34.999],[-87.2241,34.9993],[-87.4286,35.0028],[-87.6062,35.0036]]]},"properties":{"GEOID":"22520","NAME":"Florence-Muscle Shoals, AL","LSAD":"M1"}},
{"type":"Feature","geometry":{"type":"Polygon","coordinates":[[[-80.0273,36.5425],[-80.0351,36.2572],[-80.0433,36.011],[-80.0487,35.8826],[-80.0629,35.6126],[-80.0668,35.5057],[-79.9014,35.5099],[-79.768,35.5115],[-79.5558,35.515],[-79.5532,35.5993],[-79.5467,35.709],[-79.5424,35.8433],[-79.5392,36.0826],[-79.5319,36.2497],[-79.5136,36.5408],[-79.7148,36.542],[-80.0273,36.5425]]]},"properties":{"GEOID":"24660","NAME":"Greensboro-High Point, NC","LSAD":"M1"}},
{"type":"Feature","geometry":{"type":"Polygon","coordinates":[[[-75.8601,44.4033],[-75.6843,44.3228],[-75.6062,44.2896],[-75.4461,44.2177],[-75.3159,44.1593],[-75.1702,44.097],[-75.0628,44.0504],[-74.8542,44.0701],[-74.7386,44.0798],[-74.5352,44.0993],[-74.5445,44.1694],[-74.5257,44.1706],[-74.5535,44.3519],[-74.5826,44.5517],[-74.6097,44.7186],[-74.6419,44.9526],[-74.7203,44.953],[-74.7262,44.9949],[-74.7634,45.0056],[-74.7931,45.0046],[-74.8266,45.0159],[-74.8666,45.0005],[-74.8878,45],[-74.908,44.9834],[-74.9725,44.9834],[-74.9928,44.9774],[-75.0052,44.9584],[-75.0648,44.9294],[-75.0967,44.9271],[-75.1344,44.9151],[-75.1399,44.8967],[-75.2186,44.8776],[-75.3076,44.8368],[-75.302,44.8266],[-75.3445,44.8091],[-75.4776,44.7202],[-75.5059,44.7051],[-75.6184,44.6196],[-75.6624,44.5919],[-75.7662,44.5159],[-75.8078,44.4716],[-75.8208,44.4322],[-75.8601,44.4033]]]},"properties":{"GEOID":"36300","NAME":"Ogdensburg-Massena, NY","LSAD":"M2"}},
{"type":"Feature","geometry":{"type":"Polygon","coordinates":[[[-88.4709,39.215],[-88.8053,39.2163],[-88.8068,38.9116],[-88.5799,38.9154],[-88.3617,38.9108],[-88.3628,39.0012],[-88.3607,39.1711],[-88.4709,39.1715],[-88.4709,39.215]]]},"properties":{"GEOID":"20820","NAME":"Effingham, IL","LSAD":"M2"}},
{"type":"Feature","geometry":{"type":"Polygon","coordinates":[[[-98.9272,43.9495],[-98.927,43.9351],[-98.7959,43.935],[-98.3315,43.9377],[-98.3319,44.1967],[-97.9702,44.1946],[-97.8537,44.1952],[-97.8532,44.5439],[-97.8562,44.6312],[-98.3419,44.6327],[-98.7058,44.6342],[-98.7013,44.5473],[-98.7005,44.1967],[-98.926,44.1966],[-98.9272,43.9495]]]},"properties":{"GEOID":"26700","NAME":"Huron, SD","LSAD":"M2"}},
{"type":"Feature","geometry":{"type":"Polygon","coordinates":[[[-124.7328,48.1653],[-124.6918,48.1082],[-124.6965,48.0693],[-124.6854,48.0492],[-124.678,47.9923],[-124.6616,47.9466],[-124.6454,47.9353],[-124.6414,47.9079],[-124.6108,47.8806],[-124.4385,47.8831],[-124.352,47.8812],[-123.926,47.8814],[-123.5059,47.8811],[-123.5059,47.8669],[-122.9492,47.8668],[-122.9513,47.9251],[-122.9492,48.0652],[-122.9277,48.0653],[-122.9163,48.0954],[-122.9794,48.0959],[-123.0215,48.0841],[-123.007,48.0698],[-123.0206,48.0327],[-123.0462,48.072],[-123.0406,48.0843],[-123.0662,48.1205],[-123.1118,48.1484],[-123.1644,48.1659],[-123.2172,48.1272],[-123.2391,48.1182],[-123.2883,48.121],[-123.3146,48.1137],[-123.4247,48.1181],[-123.4621,48.1347],[-123.5072,48.1318],[-123.5511,48.1514],[-123.5908,48.1349],[-123.6363,48.1424],[-123.6427,48.1541],[-123.7095,48.1676],[-123.7781,48.1555],[-123.8667,48.1548],[-123.8865,48.161],[-123.9736,48.1643],[-124.0507,48.1777],[-124.1077,48.2001],[-124.1018,48.2169],[-124.1307,48.2206],[-124.1927,48.2463],[-124.2509,48.2648],[-124.2648,48.2546],[-124.2991,48.2682],[-124.3809,48.2847],[-124.5648,48.3679],[-124.6103,48.3667],[-124.6594,48.3909],[-124.7169,48.3898],[-124.7318,48.3812],[-124.6877,48.3388],[-124.6589,48.3311],[-124.6659,48.2993],[-124.6863,48.2874],[-124.6847,48.2552],[-124.7059,48.2399],[-124.6909,48.2126],[-124.7042,48.1844],[-124.7328,48.1653]]]},"properties":{"GEOID":"38820","NAME":"Port Angeles, WA","LSAD":"M2"}},
{"type":"Feature","geometry":{"type":"Polygon","coordinates":[[[-93.0495,43.8484],[-93.0492,43.4997],[-93.0243,43.4997],[-92.7282,43.5],[-92.4489,43.5004],[-92.449,43.8341],[-92.6893,43.8338],[-92.6894,43.8486],[-93.046,43.8485],[-93.0495,43.8484]]]},"properties":{"GEOID":"12380","NAME":"Austin, MN","LSAD":"M2"}},
{"type":"Feature","geometry":{"type":"Polygon","coordinates":[[[-99.3641,35.5088],[-99.5757,35.5089],[-99.5758,35.4217],[-100.0004,35.4224],[-100.0004,35.0299],[-99.7829,35.0301],[-99.7827,35.1169],[-99.3602,35.1167],[-99.3646,35.2045],[-99.3642,35.4653],[-99.3641,35.5088]]]},"properties":{"GEOID":"21120","NAME":"Elk City, OK","LSAD":"M2"}},
{"type":"Feature","geometry":{"type":"Polygon","coordinates":[[[-84.4562,40.6849],[-84.4554,40.3586],[-84.4344,40.3545],[-84.434,40.3782],[-84.3386,40.3789],[-84.3391,40.4811],[-84.0024,40.4831],[-83.9938,40.483],[-83.9939,40.5352],[-83.9085,40.5354],[-83.88,40.5387],[-83.8802,40.6447],[-84.1078,40.6431],[-84.1079,40.6579],[-84.2227,40.6569],[-84.2228,40.686],[-84.3968,40.6849],[-84.4562,40.6849]]]},"properties":{"GEOID":"47540","NAME":"Wapakoneta, OH","LSAD":"M2"}},
{"type":"Feature","geometry":{"type":"Polygon","coordinates":[[[-106.2505,35.7558],[-106.2487,35.6529],[-106.2489,35.3046],[-106.2456,35.3043],[-106.2437,35.1702],[-106.2439,35.04],[-106.0214,35.0407],[-105.7144,35.0416],[-105.7157,35.3042],[-105.7174,35.3042],[-105.7185,35.6532],[-105.7222,35.8121],[-105.7175,35.9787],[-105.7168,36.0023],[-106.0631,36.002],[-106.0542,35.9859],[-106.0543,35.9308],[-106.2456,35.9307],[-106.2483,35.8557],[-106.2483,35.8392],[-106.2254,35.8288],[-106.1755,35.8279],[-106.1805,35.8088],[-106.2243,35.7671],[-106.2505,35.7558]]]},"properties":{"GEOID":"42140","NAME":"Santa Fe, NM","LSAD":"M1"}},
{"type":"Feature","geometry":{"type":"Polygon","coordinates":[[[-99.4813,47.0672],[-99.481,46.9807],[-99.4459,46.9802],[-99.4497,46.6316],[-99.0478,46.6304],[-98.4391,46.6311],[-98.4397,46.9796],[-98.4675,46.9796],[-98.4672,47.3265],[-98.8022,47.3267],[-99.1018,47.3269],[-99.4811,47.327],[-99.4813,47.0672]]]},"properties":{"GEOID":"27420","NAME":"Jamestown, ND","LSAD":"M2"}},
{"type":"Feature","geometry":{"type":"Polygon","coordinates":[[[-97.128,44.5431],[-97.1297,44.1959],[-96.708,44.1954],[-96.4528,44.1968],[-96.452,44.5436],[-96.8855,44.5438],[-97.128,44.5431]]]},"properties":{"GEOID":"15100","NAME":"Brookings, SD","LSAD":"M2"}},
{"type":"Feature","geometry":{"type":"Polygon","coordinates":[[[-88.8129,36.9469],[-88.8132,36.7731],[-88.8196,36.7559],[-88.8163,36.6829],[-88.8168,36.5028],[-88.5163,36.5014],[-88.4891,36.5011],[-88.4857,36.7503],[-88.4841,36.9421],[-88.7002,36.9428],[-88.7094,36.9464],[-88.8129,36.9469]]]},"properties":{"GEOID":"32460","NAME":"Mayfield, KY","LSAD":"M2"}},
{"type":"Feature","geometry":{"type":"Polygon","coordinates":[[[-102.0762,32.9597],[-102.2085,32.959],[-102.2059,32.8188],[-102.2027,32.5233],[-101.9821,32.524],[-101.6887,32.5252],[-101.6906,32.7966],[-101.6913,32.9618],[-102.0762,32.9597]]]},"properties":{"GEOID":"29500","NAME":"Lamesa, TX","LSAD":"M2"}},
{"type":"Feature","geometry":{"type":"Polygon","coordinates":[[[-80.8689,27.8225],[-80.8816,27.8225],[-80.8801,27.7337],[-80.8738,27.7339],[-80.8731,27.6423],[-80.778,27.6432],[-80.7772,27.5587],[-80.6798,27.5585],[-80.3216,27.5574],[-80.3309,27.5961],[-80.3439,27.6163],[-80.3844,27.7412],[-80.4472,27.8599],[-80.4911,27.8546],[-80.5091,27.8221],[-80.7701,27.8237],[-80.8689,27.8225]]]},"properties":{"GEOID":"42680","NAME":"Sebastian-Vero Beach, FL","LSAD":"M1"}},
{"type":"Feature","geometry":{"type":"Polygon","coordinates":[[[-107.5349,43.5014],[-107.535,43.4728],[-107.517,43.4727],[-107.5157,43.2131],[-107.5167,43.128],[-107.5023,43.1281],[-107.5014,42.7815],[-107.5435,42.7814],[-107.542,42.4344],[-107.5229,42.4344],[-107.2189,42.4344],[-106.8917,42.4331],[-106.6256,42.4306],[-106.4737,42.4309],[-106.2435,42.4334],[-106.0759,42.4332],[-106.0757,42.7185],[-106.0727,42.7782],[-106.0757,43.1269],[-106.0732,43.2547],[-106.0739,43.4726],[-106.0781,43.4945],[-106.5166,43.4918],[-106.7987,43.492],[-107.1109,43.4924],[-107.1107,43.5003],[-107.2306,43.5015],[-107.5349,43.5014]]]},"properties":{"GEOID":"16220","NAME":"Casper, WY","LSAD":"M1"}},
{"type":"Feature","geometry":{"type":"Polygon","coordinates":[[[-85.8648,40.6517],[-85.8636,40.5655],[-85.8621,40.4069],[-85.8623,40.3784],[-85.5786,40.3795],[-85.4443,40.3791],[-85.447,40.5669],[-85.4488,40.6536],[-85.6386,40.6531],[-85.8648,40.6517]]]},"properties":{"GEOID":"31980","NAME":"Marion, IN","LSAD":"M2"}},
{"type":"Feature","geometry":{"type":"Polygon","coordinates":[[[-85.4621,34.2864],[-85.4219,34.0808],[-85.2581,34.0791],[-85.2576,34.1007],[-85.1574,34.0973],[-85.1575,34.0835],[-85.1225,34.0831],[-85.122,34.0967],[-85.0469,34.0964],[-85.0447,34.2136],[-85.0238,34.2134],[-85.0231,34.3471],[-85.0052,34.3471],[-85.0058,34.3924],[-85.0317,34.4014],[-85.0868,34.4013],[-85.0905,34.424],[-85.1114,34.4634],[-85.0901,34.4635],[-85.09,34.5419],[-85.0635,34.5425],[-85.0692,34.5872],[-85.1077,34.5875],[-85.1476,34.515],[-85.1803,34.4363],[-85.2151,34.4296],[-85.2224,34.4155],[-85.2802,34.3895],[-85.3349,34.3697],[-85.3633,34.3383],[-85.3874,34.2861],[-85.4621,34.2864]]]},"properties":{"GEOID":"40660","NAME":"Rome, GA","LSAD":"M1"}},
{"type":"Feature","geometry":{"type":"Polygon","coordinates":[[[-79.6121,41.8503],[-79.6131,41.6239],[-79.5121,41.6246],[-79.3611,41.6264],[-79.0916,41.6263],[-78.9561,41.6233],[-78.9486,41.8305],[-78.9214,41.8309],[-78.9171,41.8618],[-78.9155,41.9529],[-78.9189,41.9981],[-79.0613,41.9993],[-79.4725,41.9983],[-79.6108,41.999],[-79.6121,41.8503]]]},"properties":{"GEOID":"47620","NAME":"Warren, PA","LSAD":"M2"}},
{"type":"Feature","geometry":{"type":"Polygon","coordinates":[[[-93.4974,43.4996],[-93.4977,43.1272],[-93.4986,42.9085],[-93.2415,42.9077],[-93.0251,42.9075],[-93.023,43.0328],[-93.0242,43.2419],[-93.0243,43.4997],[-93.0492,43.4997],[-93.4974,43.4996]]]},"properties":{"GEOID":"32380","NAME":"Mason City, IA","LSAD":"M2"}},
{"type":"Feature","geometry":{"type":"Polygon","coordinates":[[[-92.4092,37.8592],[-92.4137,37.7142],[-92.2489,37.6485],[-92.2495,37.6045],[-92.177,37.6052],[-92.0293,37.6025],[-92.0225,37.8807],[-92.0212,38.0106],[-92.0614,38.0109],[-92.4063,38.0212],[-92.4092,37.8592]]]},"properties":{"GEOID":"22780","NAME":"Fort Leonard Wood, MO","LSAD":"M2"}},
{"type":"Feature","geometry":{"type":"Polygon","coordinates":[[[-89.603,40.3201],[-89.601,40.2184],[-89.6017,40.1224],[-89.6011,40.0923],[-89.5791,40.0924],[-89.5783,39.9761],[-89.4838,39.9767],[-89.4835,39.9332],[-89.405,39.9327],[-89.405,39.9182],[-89.2178,39.917],[-89.1435,39.9176],[-89.1448,40.0489],[-89.1488,40.282],[-89.2626,40.2809],[-89.2637,40.3253],[-89.603,40.3201]]]},"properties":{"GEOID":"30660","NAME":"Lincoln, IL","LSAD":"M2"}},
{"type":"Feature","geometry":{"type":"Polygon","coordinates":[[[-88.2515,41.1142],[-88.2473,40.9946],[-88.002,41.0001],[-87.5263,41.0103],[-87.5267,41.2981],[-87.7817,41.2959],[-88.0139,41.2924],[-88.0118,41.2055],[-88.2441,41.2016],[-88.2409,41.1144],[-88.2515,41.1142]]]},"properties":{"GEOID":"28100","NAME":"Kankakee, IL","LSAD":"M1"}},
{"type":"Feature","geometry":{"type":"Polygon","coordinates":[[[-96.092,34.7672],[-96.092,34.6806],[-95.8822,34.6805],[-95.882,34.5935],[-95.5145,34.5942],[-95.5141,34.8549],[-95.5075,34.8549],[-95.5077,35.0293],[-95.3494,35.0293],[-95.3495,35.16],[-95.455,35.1604],[-95.451,35.2028],[-95.4512,35.296],[-95.5,35.3009],[-95.5192,35.2804],[-95.5134,35.2687],[-95.5433,35.2519],[-95.5727,35.2443],[-95.6023,35.2207],[-95.6157,35.2497],[-95.6721,35.2273],[-95.6868,35.205],[-95.7162,35.1894],[-95.7439,35.1919],[-95.7685,35.179],[-95.7933,35.1973],[-95.8389,35.1843],[-95.8707,35.186],[-95.8922,35.1521],[-95.9285,35.1436],[-95.9656,35.1525],[-96.0051,35.1488],[-96.0089,35.1222],[-96.03,35.1203],[-96.0627,35.0881],[-96.0692,35.0566],[-96.0888,35.0499],[-96.089,34.8547],[-96.092,34.7672]]]},"properties":{"GEOID":"32540","NAME":"McAlester, OK","LSAD":"M2"}},
{"type":"Feature","geometry":{"type":"Polygon","coordinates":[[[-119.874,46.6283],[-119.8736,46.2146],[-119.8665,46.2146],[-119.8658,46.0409],[-119.8683,45.8359],[-119.8027,45.8475],[-119.7729,45.8456],[-119.6699,45.8569],[-119.6234,45.9056],[-119.5716,45.9255],[-119.5246,45.9086],[-119.4878,45.9063],[-119.4503,45.9174],[-119.3644,45.9216],[-119.3225,45.9332],[-119.2571,45.9399],[-119.1955,45.9279],[-119.1261,45.9329],[-119.0932,45.9427],[-119.0086,45.9793],[-118.9872,45.9998],[-118.9417,46.027],[-118.9423,46.0744],[-118.969,46.1188],[-118.968,46.1308],[-119.0142,46.1762],[-119.0415,46.1927],[-119.0235,46.2166],[-118.9728,46.2387],[-118.8607,46.2525],[-118.8213,46.286],[-118.7706,46.2932],[-118.7737,46.318],[-118.7462,46.3595],[-118.6971,46.3633],[-118.6912,46.3811],[-118.6338,46.414],[-118.638,46.4334],[-118.619,46.4744],[-118.6156,46.5045],[-118.5924,46.5259],[-118.5654,46.535],[-118.548,46.5559],[-118.4965,46.5755],[-118.4759,46.5951],[-118.4526,46.597],[-118.4232,46.5837],[-118.3897,46.5806],[-118.3617,46.598],[-118.3092,46.6064],[-118.2872,46.5949],[-118.2443,46.6007],[-118.2286,46.5934],[-118.2157,46.5889],[-118.1984,46.6105],[-118.2307,46.6564],[-118.2175,46.6791],[-118.2492,46.7326],[-118.2102,46.7388],[-118.3589,46.7366],[-118.8196,46.7356],[-119.0808,46.7378],[-119.3694,46.7377],[-119.3692,46.6782],[-119.4499,46.6862],[-119.4858,46.7157],[-119.5166,46.7276],[-119.5817,46.6699],[-119.6255,46.6447],[-119.6592,46.6403],[-119.7111,46.6488],[-119.751,46.6357],[-119.8224,46.6261],[-119.874,46.6283]]]},"properties":{"GEOID":"28420","NAME":"Kennewick-Richland, WA","LSAD":"M1"}},
{"type":"Feature","geometry":{"type":"MultiPolygon","coordinates":[[[[-83.774,46.0515],[-83.76,46.0384],[-83.7349,46.0536],[-83.751,46.0647],[-83.774,46.0515]]],[[[-83.8829,45.9755],[-83.8705,45.9623],[-83.8161,45.9501],[-83.7862,45.9329],[-83.757,45.9546],[-83.7412,45.9373],[-83.6877,45.9354],[-83.6577,45.9455],[-83.6206,45.9446],[-83.603,45.9246],[-83.5283,45.9178],[-83.512,45.9271],[-83.4998,45.9599],[-83.4732,45.9844],[-83.5064,45.9952],[-83.5408,46.0212],[-83.5472,46.0479],[-83.5927,46.0886],[-83.6256,46.1022],[-83.7198,46.101],[-83.7322,46.0869],[-83.6774,46.073],[-83.6717,46.0549],[-83.7663,46.0248],[-83.7811,45.9985],[-83.8061,45.9839],[-83.8451,46.0266],[-83.8674,46.007],[-83.8829,45.9755]]],[[[-85.2397,46.5068],[-85.2378,46.2454],[-85.1133,46.2457],[-85.1125,46.1583],[-84.6761,46.1576],[-84.3635,46.158],[-84.3631,46.0716],[-84.2389,46.0715],[-84.2393,45.9849],[-84.1142,45.9852],[-84.0682,45.9666],[-84.0176,45.959],[-83.9787,45.9687],[-83.9223,45.9674],[-83.8955,45.9864],[-83.9086,46.0115],[-83.9368,46.0302],[-83.9813,46.0273],[-84.0268,46.0534],[-84.0708,46.0929],[-84.0691,46.104],[-84.0296,46.1345],[-84.0604,46.1461],[-84.0893,46.1464],[-84.1456,46.1792],[-84.1696,46.1817],[-84.1967,46.1662],[-84.221,46.1631],[-84.2514,46.1759],[-84.273,46.2015],[-84.2579,46.2181],[-84.2132,46.2316],[-84.2093,46.2471],[-84.1759,46.246],[-84.1561,46.2298],[-84.1081,46.2412],[-84.0978,46.2565],[-84.1156,46.2682],[-84.1196,46.315],[-84.1062,46.322],[-84.1389,46.3722],[-84.1462,46.4185],[-84.1112,46.5041],[-84.1289,46.5301],[-84.1774,46.5269],[-84.194,46.5401],[-84.2261,46.5339],[-84.2544,46.5008],[-84.293,46.4928],[-84.3414,46.5077],[-84.374,46.5091],[-84.4203,46.5011],[-84.4451,46.489],[-84.4633,46.4674],[-84.4626,46.4409],[-84.4971,46.4468],[-84.5425,46.4217],[-84.5963,46.4151],[-84.5992,46.4518],[-84.631,46.4849],[-84.6784,46.4877],[-84.7692,46.4535],[-84.8173,46.4443],[-84.8393,46.4463],[-84.8614,46.4699],[-84.9219,46.47],[-84.9379,46.4862],[-84.9643,46.4768],[-85.0152,46.4797],[-85.0338,46.4877],[-85.0549,46.5148],[-85.053,46.5328],[-85.0271,46.543],[-85.0355,46.5815],[-85.0355,46.625],[-85.0275,46.6975],[-85.0076,46.7283],[-84.9533,46.7679],[-84.9974,46.7713],[-85.0363,46.7604],[-85.0821,46.758],[-85.1578,46.7651],[-85.2379,46.7557],[-85.2397,46.5068]]]]},"properties":{"GEOID":"42300","NAME":"Sault Ste. Marie, MI","LSAD":"M2"}},
{"type":"Feature","geometry":{"type":"Polygon","coordinates":[[[-89.2178,39.917],[-89.2175,39.8137],[-89.1799,39.8154],[-89.142,39.8013],[-89.1391,39.6551],[-89.0257,39.6542],[-88.8106,39.6532],[-88.8127,39.7405],[-88.7578,39.7399],[-88.7587,39.7921],[-88.7457,39.7921],[-88.7452,40.0552],[-88.8033,40.0553],[-89.0289,40.0498],[-89.1448,40.0489],[-89.1435,39.9176],[-89.2178,39.917]]]},"properties":{"GEOID":"19500","NAME":"Decatur, IL","LSAD":"M1"}},
{"type":"Feature","geometry":{"type":"Polygon","coordinates":[[[-109.0484,40.6626],[-109.0509,40.4444],[-109.051,40.2226],[-108.6211,40.2224],[-108.2165,40.2218],[-107.7645,40.2226],[-107.6539,40.2243],[-107.4956,40.22],[-107.4394,40.2234],[-107.4426,40.3348],[-107.4321,40.3349],[-107.4288,40.5422],[-107.3713,40.5424],[-107.3715,40.6003],[-107.3142,40.6003],[-107.3134,40.6866],[-107.3178,41.003],[-107.6256,41.0021],[-107.9184,41.002],[-108.2506,41.0001],[-108.5007,41.0001],[-108.8841,41.0001],[-109.0501,41.0007],[-109.0485,40.8261],[-109.0484,40.6626]]]},"properties":{"GEOID":"18780","NAME":"Craig, CO","LSAD":"M2"}},
{"type":"Feature","geometry":{"type":"Polygon","coordinates":[[[-96.5257,37.4764],[-96.7151,37.4754],[-97.1533,37.4755],[-97.1508,37.3907],[-97.1504,37.25],[-97.1477,36.9991],[-96.7498,36.999],[-96.5256,36.9987],[-96.5249,37.3027],[-96.5257,37.4764]]]},"properties":{"GEOID":"49060","NAME":"Winfield, KS","LSAD":"M2"}},
{"type":"Feature","geometry":{"type":"Polygon","coordinates":[[[-103.8145,32.9651],[-103.8142,32.5224],[-103.7229,32.5223],[-103.723,32.2389],[-103.7229,32.0002],[-103.3265,32.0004],[-103.0644,32.0005],[-103.0643,32.0871],[-103.0647,32.5222],[-103.0649,32.6826],[-103.0646,32.9999],[-103.0592,33.2604],[-103.0526,33.5706],[-103.5101,33.5701],[-103.7208,33.5695],[-103.7214,33.3957],[-103.7664,33.3953],[-103.7664,32.9653],[-103.8145,32.9651]]]},"properties":{"GEOID":"26020","NAME":"Hobbs, NM","LSAD":"M2"}},
{"type":"Feature","geometry":{"type":"Polygon","coordinates":[[[-89.0345,33.7394],[-89.0343,33.6354],[-89.0185,33.6354],[-89.0186,33.5621],[-88.9842,33.5643],[-88.7328,33.5652],[-88.7153,33.5592],[-88.6715,33.5651],[-88.6712,33.5062],[-88.6094,33.5068],[-88.5779,33.5221],[-88.5314,33.5374],[-88.5242,33.5509],[-88.492,33.5424],[-88.4949,33.5795],[-88.4747,33.5981],[-88.4932,33.6148],[-88.4996,33.6438],[-88.5139,33.6502],[-88.5,33.6799],[-88.7196,33.6803],[-88.72,33.8113],[-88.9312,33.8124],[-88.9316,33.7543],[-89.0348,33.7542],[-89.0345,33.7394]]]},"properties":{"GEOID":"48500","NAME":"West Point, MS","LSAD":"M2"}},
{"type":"Feature","geometry":{"type":"Polygon","coordinates":[[[-85.2936,42.0716],[-85.2922,41.76],[-85.1968,41.7597],[-84.8251,41.76],[-84.8265,42.0725],[-85.0507,42.0729],[-85.2936,42.0716]]]},"properties":{"GEOID":"17740","NAME":"Coldwater, MI","LSAD":"M2"}},
{"type":"Feature","geometry":{"type":"Polygon","coordinates":[[[-95.7697,46.1075],[-95.7696,45.9337],[-95.7587,45.9337],[-95.7585,45.7599],[-95.5003,45.7588],[-95.1397,45.7589],[-95.1397,45.7734],[-95.1388,45.9327],[-95.1463,45.9328],[-95.1459,46.1068],[-95.3966,46.108],[-95.7697,46.1075]]]},"properties":{"GEOID":"10820","NAME":"Alexandria, MN","LSAD":"M2"}},
{"type":"Feature","geometry":{"type":"Polygon","coordinates":[[[-93.4066,44.1964],[-93.4066,43.8481],[-93.0495,43.8484],[-93.046,43.8485],[-93.0459,44.1967],[-93.4066,44.1964]]]},"properties":{"GEOID":"36940","NAME":"Owatonna, MN","LSAD":"M2"}},
{"type":"Feature","geometry":{"type":"Polygon","coordinates":[[[-84.4346,40.3543],[-84.4326,40.197],[-84.2187,40.2],[-84.2191,40.1955],[-84.0229,40.1839],[-84.0148,40.2735],[-84.0037,40.3129],[-84.0024,40.4831],[-84.3391,40.4811],[-84.3386,40.3789],[-84.434,40.3782],[-84.4344,40.3545],[-84.4346,40.3543]]]},"properties":{"GEOID":"43380","NAME":"Sidney, OH","LSAD":"M2"}},
{"type":"Feature","geometry":{"type":"Polygon","coordinates":[[[-88.8273,36.5029],[-88.9645,36.5022],[-89.1175,36.5036],[-89.3003,36.5071],[-89.3461,36.5032],[-89.3402,36.4772],[-89.36,36.4565],[-89.3692,36.4343],[-89.3601,36.4093],[-89.3806,36.3771],[-89.405,36.3512],[-89.4043,36.3137],[-89.4288,36.2597],[-89.4531,36.2283],[-89.483,36.2127],[-89.1545,36.2047],[-88.9612,36.2016],[-88.9598,36.2228],[-88.9502,36.4092],[-88.9136,36.4066],[-88.8859,36.3929],[-88.8465,36.4132],[-88.8189,36.4115],[-88.814,36.4708],[-88.8273,36.5029]]]},"properties":{"GEOID":"46460","NAME":"Union City, TN","LSAD":"M2"}},
{"type":"Feature","geometry":{"type":"Polygon","coordinates":[[[-92.31,39.3478],[-92.3145,39.2465],[-92.1044,39.2398],[-92.1104,39.0642],[-91.9765,39.062],[-91.634,39.0591],[-91.6296,39.1479],[-91.409,39.1425],[-91.4382,39.3187],[-91.6247,39.3242],[-91.7185,39.3245],[-91.718,39.3391],[-91.9074,39.3383],[-92.1007,39.3409],[-92.31,39.3478]]]},"properties":{"GEOID":"33020","NAME":"Mexico, MO","LSAD":"M2"}},
{"type":"Feature","geometry":{"type":"Polygon","coordinates":[[[-102.2339,48.6333],[-102.2339,48.5463],[-101.9733,48.5465],[-101.9735,48.3723],[-101.9222,48.3723],[-101.9221,48.0232],[-101.8715,48.0232],[-101.8719,47.8476],[-101.6146,47.8477],[-101.0031,47.8482],[-100.7142,47.8478],[-100.3274,47.8473],[-100.198,47.8477],[-100.1976,48.0219],[-100.237,48.0219],[-100.2371,48.3712],[-100.2766,48.3713],[-100.2766,48.5448],[-100.4065,48.5446],[-100.4068,48.6319],[-101.0596,48.6324],[-101.0597,48.5454],[-101.4513,48.5461],[-101.451,48.72],[-101.4967,48.7201],[-101.4965,48.9996],[-101.7591,48.9991],[-102.0212,48.999],[-102.0216,48.8071],[-102.1522,48.8072],[-102.1525,48.7203],[-102.2336,48.7203],[-102.2339,48.6333]]]},"properties":{"GEOID":"33500","NAME":"Minot, ND","LSAD":"M2"}},
{"type":"Feature","geometry":{"type":"Polygon","coordinates":[[[-120.3151,35.9072],[-120.2758,35.9059],[-120.2433,35.8777],[-120.2583,35.8463],[-120.2445,35.824],[-120.2207,35.8195],[-120.214,35.7893],[-120.1944,35.7894],[-119.7338,35.7889],[-119.5381,35.7899],[-119.5362,35.9634],[-119.5364,36.1379],[-119.5291,36.1379],[-119.5294,36.2699],[-119.4746,36.269],[-119.4749,36.401],[-119.5288,36.4015],[-119.5283,36.4875],[-119.5732,36.4888],[-119.6663,36.419],[-119.6813,36.4296],[-119.7123,36.4194],[-119.747,36.4164],[-119.7539,36.402],[-119.9592,36.401],[-119.9589,36.1814],[-120.1821,36.0106],[-120.3151,35.9072]]]},"properties":{"GEOID":"25260","NAME":"Hanford-Corcoran, CA","LSAD":"M1"}},
{"type":"Feature","geometry":{"type":"Polygon","coordinates":[[[-82.7248,40.9956],[-82.7242,40.9305],[-82.7272,40.7112],[-82.6272,40.7094],[-82.6262,40.6661],[-82.645,40.6664],[-82.6441,40.6372],[-82.6248,40.6373],[-82.6236,40.5499],[-82.3749,40.5509],[-82.337,40.555],[-82.3392,40.7267],[-82.3784,40.7271],[-82.379,40.7872],[-82.3886,40.8082],[-82.4168,40.8146],[-82.4179,40.9929],[-82.4329,40.9929],[-82.7248,40.9956]]]},"properties":{"GEOID":"31900","NAME":"Mansfield, OH","LSAD":"M1"}},
{"type":"Feature","geometry":{"type":"Polygon","coordinates":[[[-89.9944,39.8729],[-90.2393,39.8732],[-90.5817,39.8765],[-90.5794,39.8485],[-90.5666,39.8332],[-90.5972,39.7949],[-90.6062,39.7684],[-90.6458,39.7046],[-90.6335,39.673],[-90.6077,39.6375],[-90.605,39.6201],[-90.5766,39.5595],[-90.5811,39.5217],[-90.2656,39.52],[-90.1538,39.5203],[-89.926,39.5221],[-89.924,39.5587],[-89.9847,39.7181],[-89.9856,39.7854],[-89.9935,39.7854],[-89.9944,39.8729]]]},"properties":{"GEOID":"27300","NAME":"Jacksonville, IL","LSAD":"M2"}},
{"type":"Feature","geometry":{"type":"Polygon","coordinates":[[[-95.5641,39.6529],[-95.5643,39.5659],[-95.5703,39.5659],[-95.5704,39.4191],[-95.4601,39.4209],[-95.1809,39.4192],[-94.9713,39.4188],[-94.9902,39.4462],[-95.0334,39.4609],[-95.0498,39.4944],[-95.1029,39.5333],[-95.1136,39.5539],[-95.1075,39.5738],[-95.0569,39.5806],[-95.0464,39.6016],[-95.0534,39.6153],[-95.0854,39.6151],[-95.1152,39.6525],[-95.3397,39.653],[-95.5641,39.6529]]]},"properties":{"GEOID":"11860","NAME":"Atchison, KS","LSAD":"M2"}},
{"type":"Feature","geometry":{"type":"Polygon","coordinates":[[[-84.0024,40.4831],[-84.0037,40.3129],[-84.0148,40.2735],[-83.7842,40.26],[-83.7854,40.2452],[-83.5513,40.2294],[-83.5202,40.5041],[-83.5197,40.5096],[-83.88,40.5319],[-83.88,40.5387],[-83.9085,40.5354],[-83.9939,40.5352],[-83.9938,40.483],[-84.0024,40.4831]]]},"properties":{"GEOID":"13340","NAME":"Bellefontaine, OH","LSAD":"M2"}},
{"type":"Feature","geometry":{"type":"Polygon","coordinates":[[[-88.4857,36.7503],[-88.4891,36.5011],[-88.3308,36.5005],[-88.0533,36.4971],[-88.0378,36.5139],[-88.0325,36.5407],[-88.0451,36.6029],[-88.0682,36.6597],[-88.0721,36.6877],[-88.086,36.7157],[-88.1108,36.7472],[-88.2496,36.7497],[-88.4857,36.7503]]]},"properties":{"GEOID":"34660","NAME":"Murray, KY","LSAD":"M2"}},
{"type":"Feature","geometry":{"type":"Polygon","coordinates":[[[-84.3699,43.466],[-84.3679,43.1285],[-84.1684,43.1286],[-83.9291,43.1328],[-83.9321,43.2204],[-83.6956,43.2214],[-83.6984,43.3264],[-83.6988,43.479],[-83.8177,43.4791],[-83.8172,43.5223],[-84.051,43.5241],[-84.05,43.5673],[-84.1681,43.5689],[-84.1706,43.482],[-84.3698,43.4816],[-84.3699,43.466]]]},"properties":{"GEOID":"40980","NAME":"Saginaw, MI","LSAD":"M1"}},
{"type":"Feature","geometry":{"type":"Polygon","coordinates":[[[-89.0088,43.1977],[-89.0121,43.1107],[-89.0136,42.8476],[-88.7771,42.8427],[-88.5415,42.843],[-88.5416,43.0194],[-88.5358,43.196],[-88.7346,43.1978],[-89.0088,43.1977]]]},"properties":{"GEOID":"48020","NAME":"Watertown-Fort Atkinson, WI","LSAD":"M2"}},
{"type":"Feature","geometry":{"type":"Polygon","coordinates":[[[-84.804,41.426],[-84.8036,41.2713],[-84.8035,41.2526],[-84.4572,41.2535],[-84.4571,41.2094],[-84.3416,41.2091],[-84.3416,41.1655],[-84.2282,41.1659],[-84.2274,41.3405],[-84.2285,41.4278],[-84.4287,41.4273],[-84.804,41.426]]]},"properties":{"GEOID":"19580","NAME":"Defiance, OH","LSAD":"M2"}},
{"type":"Feature","geometry":{"type":"Polygon","coordinates":[[[-98.4752,32.513],[-98.4747,32.2991],[-98.5512,32.2614],[-98.4476,32.1121],[-98.3927,32.0363],[-98.3275,31.9413],[-98.2512,31.9801],[-98.2084,31.9175],[-97.8649,32.0873],[-97.9456,32.2335],[-98.0012,32.3623],[-98.0685,32.5116],[-98.4752,32.513]]]},"properties":{"GEOID":"44500","NAME":"Stephenville, TX","LSAD":"M2"}},
{"type":"Feature","geometry":{"type":"Polygon","coordinates":[[[-83.1127,40.9934],[-83.1114,40.7029],[-82.8583,40.705],[-82.8582,40.7124],[-82.7272,40.7112],[-82.7242,40.9305],[-82.7248,40.9956],[-82.8295,40.9966],[-82.8532,40.9937],[-83.1127,40.9934]]]},"properties":{"GEOID":"15340","NAME":"Bucyrus-Galion, OH","LSAD":"M2"}},
{"type":"Feature","geometry":{"type":"Polygon","coordinates":[[[-82.5541,27.6458],[-82.5774,27.5996],[-82.6117,27.5853],[-82.612,27.5712],[-82.6321,27.5519],[-82.6413,27.5255],[-82.6746,27.5196],[-82.6904,27.4964],[-82.7078,27.4876],[-82.6901,27.4344],[-82.6611,27.4126],[-82.6239,27.3622],[-82.5904,27.3284],[-82.5692,27.2986],[-82.564,27.2699],[-82.5451,27.261],[-82.522,27.2284],[-82.4999,27.1806],[-82.477,27.1412],[-82.4457,27.0606],[-82.375,26.9456],[-82.2555,26.9453],[-82.2552,27.033],[-82.0575,27.0321],[-82.0558,27.3383],[-82.0543,27.6464],[-82.5541,27.6458]]]},"properties":{"GEOID":"35840","NAME":"North Port-Sarasota-Bradenton, FL","LSAD":"M1"}},
{"type":"Feature","geometry":{"type":"Polygon","coordinates":[[[-82.1871,40.1669],[-82.1988,39.9501],[-82.2317,39.9511],[-82.234,39.9133],[-82.1624,39.9094],[-82.17,39.8207],[-82.0729,39.8162],[-82.0766,39.771],[-81.6974,39.7556],[-81.6941,39.8426],[-81.6911,39.9307],[-81.7286,39.9317],[-81.7163,40.1522],[-82.093,40.1626],[-82.1871,40.1669]]]},"properties":{"GEOID":"49780","NAME":"Zanesville, OH","LSAD":"M2"}},
{"type":"Feature","geometry":{"type":"Polygon","coordinates":[[[-83.3577,32.9261],[-83.2062,32.9836],[-83.1898,32.9758],[-83.1474,33.0087],[-83.1332,33.0071],[-83.1168,32.9813],[-83.0736,32.9466],[-83.0676,32.9748],[-83.0489,32.986],[-83.0677,33.0274],[-83.0448,33.0607],[-83.0522,33.0807],[-83.0087,33.0808],[-82.9704,33.1091],[-82.9267,33.1163],[-82.8889,33.1386],[-82.8545,33.1968],[-82.7989,33.2217],[-82.7528,33.252],[-82.7833,33.2684],[-82.7816,33.3045],[-82.7961,33.3187],[-82.8029,33.365],[-82.8258,33.3904],[-82.8246,33.428],[-82.8726,33.4464],[-82.9018,33.4388],[-82.9397,33.4427],[-82.9512,33.4518],[-82.9838,33.4476],[-83.0129,33.4692],[-83.1642,33.355],[-83.1441,33.3399],[-83.1458,33.3115],[-83.1784,33.292],[-83.23,33.2761],[-83.2535,33.2593],[-83.2524,33.2381],[-83.2625,33.2083],[-83.3306,33.1675],[-83.3619,33.1706],[-83.3915,33.1835],[-83.4291,33.1854],[-83.415,33.1128],[-83.3577,32.9261]]]},"properties":{"GEOID":"33300","NAME":"Milledgeville, GA","LSAD":"M2"}},
{"type":"Feature","geometry":{"type":"MultiPolygon","coordinates":[[[[-88.8705,30.0492],[-88.8484,30.0133],[-88.8355,29.9741],[-88.8374,29.9449],[-88.8282,29.9207],[-88.8312,29.8788],[-88.843,29.826],[-88.8327,29.8241],[-88.8181,29.8891],[-88.817,29.9343],[-88.8337,29.9988],[-88.8705,30.0492]]],[[[-89.3422,30.0592],[-89.3085,30.0398],[-89.2755,30.0371],[-89.2534,30.0605],[-89.2389,30.0529],[-89.238,30.0335],[-89.213,30.0274],[-89.184,30.0328],[-89.1768,30.0607],[-89.2208,30.0714],[-89.2277,30.1197],[-89.303,30.0916],[-89.3188,30.0651],[-89.3422,30.0592]]],[[[-89.6268,29.5352],[-89.5997,29.5076],[-89.5904,29.5239],[-89.5933,29.5468],[-89.6268,29.5352]]],[[[-90.0351,29.3574],[-90.0304,29.3449],[-89.9827,29.3413],[-89.977,29.3532],[-89.9975,29.3705],[-90.0158,29.354],[-90.0351,29.3574]]],[[[-90.0427,29.2027],[-89.9556,29.2528],[-89.9848,29.2616],[-90.0427,29.2027]]],[[[-90.0636,29.2083],[-90.0905,29.1809],[-90.0888,29.1669],[-90.0479,29.1896],[-90.0636,29.2083]]],[[[-90.4858,30.277],[-90.5091,30.2301],[-90.5541,30.1956],[-90.5778,30.1972],[-90.5976,30.2156],[-90.6319,30.2212],[-90.6421,30.1664],[-90.9156,30.1133],[-90.9356,30.0856],[-90.9637,30.0668],[-90.9634,30.0358],[-90.9464,30.036],[-90.9463,29.9779],[-90.9118,29.9785],[-90.9118,29.9351],[-90.8863,29.9356],[-90.8857,29.9053],[-90.7854,29.9076],[-90.7858,29.9217],[-90.7173,29.8967],[-90.69,29.9048],[-90.6807,29.8926],[-90.5354,29.8911],[-90.5157,29.8647],[-90.4989,29.8651],[-90.4799,29.8474],[-90.4758,29.8129],[-90.4299,29.7764],[-90.4048,29.7741],[-90.372,29.7592],[-90.3608,29.7371],[-90.3618,29.7094],[-90.3462,29.6933],[-90.2026,29.6916],[-90.1715,29.6836],[-90.1554,29.6574],[-90.16,29.6166],[-90.1517,29.5879],[-90.166,29.5673],[-90.1862,29.5633],[-90.1467,29.501],[-90.1375,29.4772],[-90.0952,29.4614],[-90.0805,29.4659],[-90.0486,29.4552],[-90.0206,29.4285],[-90.0333,29.3933],[-90.0308,29.375],[-90.0089,29.3792],[-90.0025,29.4034],[-89.9704,29.4318],[-89.9918,29.4506],[-89.9687,29.4633],[-89.9193,29.4484],[-89.8909,29.4451],[-89.8643,29.455],[-89.863,29.4703],[-89.8364,29.4749],[-89.8436,29.4217],[-89.8147,29.4001],[-89.7909,29.4108],[-89.768,29.3894],[-89.6696,29.3902],[-89.6373,29.3972],[-89.6088,29.3875],[-89.5955,29.356],[-89.6233,29.3463],[-89.6468,29.3763],[-89.6886,29.3589],[-89.7259,29.358],[-89.7597,29.3502],[-89.7906,29.3283],[-89.8015,29.3533],[-89.8253,29.355],[-89.8426,29.3188],[-89.7262,29.304],[-89.6718,29.289],[-89.6397,29.2905],[-89.606,29.2537],[-89.5366,29.2362],[-89.4828,29.2151],[-89.4469,29.1816],[-89.4274,29.1445],[-89.3996,29.1237],[-89.3506,29.1296],[-89.3319,29.1486],[-89.3186,29.2016],[-89.295,29.1989],[-89.2765,29.1736],[-89.2786,29.1376],[-89.2957,29.1337],[-89.3041,29.0886],[-89.3197,29.0575],[-89.343,29.0577],[-89.3515,29.0294],[-89.3703,29.0005],[-89.3996,28.9718],[-89.4052,28.9316],[-89.2832,29.0533],[-89.2594,29.0584],[-89.2412,29.0845],[-89.2215,29.0646],[-89.2187,29.0225],[-89.1429,28.9916],[-89.1586,29.0218],[-89.148,29.041],[-89.147,29.071],[-89.1165,29.0741],[-89.1037,29.1167],[-89.0787,29.1094],[-89.0666,29.0907],[-89.0395,29.1355],[-89.097,29.1388],[-89.1118,29.16],[-89.0802,29.171],[-89.0512,29.1705],[-89.0471,29.1844],[-89.0184,29.1764],[-89.0062,29.1863],[-89.026,29.2152],[-89.0711,29.1936],[-89.122,29.2021],[-89.1296,29.232],[-89.1151,29.2529],[-89.1297,29.2656],[-89.1403,29.2911],[-89.165,29.303],[-89.1821,29.3377],[-89.2004,29.3444],[-89.2354,29.3043],[-89.2535,29.3228],[-89.2667,29.3499],[-89.3084,29.3715],[-89.3208,29.3551],[-89.3386,29.3554],[-89.3604,29.3793],[-89.3837,29.3884],[-89.4381,29.388],[-89.4701,29.4015],[-89.5123,29.3823],[-89.5386,29.3867],[-89.544,29.4042],[-89.5344,29.423],[-89.5393,29.4419],[-89.5721,29.4752],[-89.5696,29.494],[-89.6092,29.4898],[-89.6402,29.5036],[-89.6772,29.5377],[-89.6845,29.5633],[-89.6418,29.5756],[-89.6711,29.5882],[-89.6747,29.6266],[-89.6327,29.6442],[-89.6205,29.6361],[-89.5654,29.6593],[-89.5285,29.6516],[-89.5188,29.7021],[-89.5249,29.7266],[-89.4851,29.72],[-89.4676,29.699],[-89.4656,29.6517],[-89.4338,29.6564],[-89.4431,29.6712],[-89.4242,29.6976],[-89.4308,29.7408],[-89.4016,29.7696],[-89.3947,29.7902],[-89.3328,29.7799],[-89.3049,29.7587],[-89.2913,29.767],[-89.2925,29.7992],[-89.3184,29.7837],[-89.3365,29.7852],[-89.3587,29.8098],[-89.3794,29.8221],[-89.3836,29.8401],[-89.3152,29.8528],[-89.2933,29.8634],[-89.2764,29.8489],[-89.2644,29.867],[-89.2904,29.8795],[-89.3127,29.8811],[-89.3157,29.9023],[-89.2798,29.9272],[-89.2427,29.9311],[-89.2255,29.9671],[-89.2465,29.9738],[-89.2465,29.9926],[-89.2752,29.99],[-89.3176,29.9212],[-89.3344,29.9069],[-89.3701,29.8921],[-89.3805,29.9416],[-89.4235,29.9634],[-89.4334,29.9912],[-89.4578,29.9982],[-89.4445,30.0233],[-89.4235,30.0169],[-89.3817,30.035],[-89.3905,30.0521],[-89.4304,30.0338],[-89.4804,30.0745],[-89.4967,30.0606],[-89.4915,30.0375],[-89.5801,29.9905],[-89.5704,29.9615],[-89.5923,29.9173],[-89.5964,29.8796],[-89.6348,29.8632],[-89.6654,29.8628],[-89.7053,29.8743],[-89.7449,29.9079],[-89.7472,29.9308],[-89.7148,29.947],[-89.7294,29.9575],[-89.7473,29.9455],[-89.7901,29.933],[-89.8193,29.9331],[-89.8462,29.9564],[-89.8603,30.0031],[-89.8183,30.0457],[-89.7679,30.0457],[-89.7333,30.0221],[-89.7172,30.0284],[-89.733,30.0527],[-89.7209,30.0684],[-89.6849,30.0752],[-89.6807,30.1046],[-89.657,30.1184],[-89.6241,30.1574],[-89.5871,30.1506],[-89.5691,30.1727],[-89.5281,30.189],[-89.547,30.1931],[-89.5702,30.1803],[-89.6171,30.2275],[-89.6162,30.2474],[-89.6318,30.2569],[-89.6314,30.2797],[-89.6474,30.2913],[-89.6262,30.3143],[-89.6297,30.3393],[-89.6572,30.3565],[-89.6837,30.4059],[-89.6785,30.414],[-89.6898,30.4593],[-89.7246,30.4919],[-89.7681,30.515],[-89.7796,30.5443],[-89.794,30.5483],[-89.8223,30.6046],[-89.825,30.6494],[-89.8418,30.6656],[-89.9958,30.6654],[-90.2557,30.7124],[-90.2532,30.6672],[-90.2437,30.6469],[-90.2513,30.6233],[-90.2448,30.5802],[-90.2436,30.3616],[-90.1921,30.3108],[-90.1606,30.2343],[-90.3009,30.2947],[-90.3503,30.2968],[-90.3737,30.2834],[-90.4858,30.277]]]]},"properties":{"GEOID":"35380","NAME":"New Orleans-Metairie, LA","LSAD":"M1"}},
{"type":"Feature","geometry":{"type":"Polygon","coordinates":[[[-84.8251,41.76],[-85.1968,41.7597],[-85.1941,41.5264],[-85.0069,41.5275],[-84.8047,41.5301],[-84.806,41.6961],[-84.8059,41.7602],[-84.8251,41.76]]]},"properties":{"GEOID":"11420","NAME":"Angola, IN","LSAD":"M2"}},
{"type":"Feature","geometry":{"type":"Polygon","coordinates":[[[-121.1075,44.3906],[-121.1085,44.2185],[-121.1028,44.1381],[-120.9873,44.134],[-120.9866,43.9609],[-120.7482,43.9573],[-120.7478,43.8713],[-120.3787,43.8724],[-120.3781,43.7854],[-120.2584,43.7853],[-120.2578,43.6988],[-120.2379,43.6974],[-119.8974,43.6982],[-119.7775,43.698],[-119.7754,43.9591],[-119.6572,43.9589],[-119.6568,44.2203],[-119.6555,44.307],[-119.899,44.3066],[-119.8993,44.3896],[-120.0207,44.3897],[-120.0216,44.4388],[-120.3861,44.4361],[-120.3866,44.564],[-120.8276,44.5626],[-120.8269,44.4765],[-120.9888,44.4765],[-120.9884,44.3903],[-121.1075,44.3906]]]},"properties":{"GEOID":"39260","NAME":"Prineville, OR","LSAD":"M2"}},
{"type":"Feature","geometry":{"type":"Polygon","coordinates":[[[-92.1565,45.2096],[-92.1571,45.1216],[-92.1361,45.1214],[-92.1353,44.9338],[-92.1363,44.8578],[-92.1352,44.6844],[-91.6504,44.6836],[-91.6505,44.854],[-91.6515,45.1204],[-91.6664,45.1208],[-91.6656,45.208],[-91.828,45.2081],[-92.1565,45.2096]]]},"properties":{"GEOID":"32860","NAME":"Menomonie, WI","LSAD":"M2"}},
{"type":"Feature","geometry":{"type":"Polygon","coordinates":[[[-77.4711,39.9441],[-77.4632,39.8205],[-77.4591,39.72],[-77.217,39.72],[-76.9993,39.7198],[-77.0003,39.8312],[-76.9551,39.857],[-76.9837,39.8936],[-76.967,39.9162],[-76.9662,39.9352],[-77.0186,40.0139],[-77.0685,40.0289],[-77.092,40.0536],[-77.1374,40.0699],[-77.1856,40.0295],[-77.2289,40.0251],[-77.4035,39.9945],[-77.4711,39.9441]]]},"properties":{"GEOID":"23900","NAME":"Gettysburg, PA","LSAD":"M1"}},
{"type":"Feature","geometry":{"type":"Polygon","coordinates":[[[-94.7449,41.8624],[-94.7442,41.6022],[-94.7007,41.6022],[-94.7006,41.5041],[-94.2416,41.5037],[-94.2416,41.1571],[-93.8846,41.1571],[-93.7842,41.1621],[-93.4663,41.1607],[-93.3279,41.1607],[-93.3286,41.5078],[-92.8714,41.5085],[-92.7565,41.5088],[-92.7571,41.6014],[-92.7668,41.6014],[-92.766,41.8624],[-93.2319,41.8627],[-93.4927,41.8631],[-93.9916,41.8631],[-94.1641,41.8632],[-94.6287,41.8628],[-94.7449,41.8624]]]},"properties":{"GEOID":"19780","NAME":"Des Moines-West Des Moines, IA","LSAD":"M1"}},
{"type":"Feature","geometry":{"type":"Polygon","coordinates":[[[-77.6813,40.7298],[-77.6766,40.7165],[-77.7084,40.6905],[-77.6871,40.6768],[-77.7516,40.6323],[-77.7725,40.6259],[-77.821,40.5796],[-77.8418,40.55],[-77.8168,40.5006],[-77.8359,40.4842],[-77.9138,40.3987],[-77.8891,40.3986],[-77.8586,40.366],[-77.7617,40.3687],[-77.7521,40.3785],[-77.7206,40.4096],[-77.646,40.4684],[-77.6125,40.4909],[-77.6125,40.5142],[-77.4975,40.5817],[-77.4978,40.6095],[-77.4072,40.6523],[-77.2879,40.6936],[-77.3541,40.7017],[-77.3566,40.8073],[-77.3642,40.8469],[-77.4385,40.824],[-77.5934,40.7612],[-77.6526,40.7449],[-77.6813,40.7298]]]},"properties":{"GEOID":"30380","NAME":"Lewistown, PA","LSAD":"M2"}},
{"type":"Feature","geometry":{"type":"Polygon","coordinates":[[[-84.7207,37.2383],[-84.8114,37.1737],[-84.9011,37.1163],[-84.907,37.0875],[-84.9058,37.0472],[-84.8637,37.008],[-84.7838,36.9785],[-84.7702,36.9578],[-84.7307,36.9665],[-84.6996,36.9826],[-84.6792,36.9809],[-84.6209,36.8973],[-84.5782,36.8671],[-84.4168,36.9469],[-84.358,36.9594],[-84.3447,36.9717],[-84.3474,36.9902],[-84.3171,36.9993],[-84.3096,37.0256],[-84.3252,37.0622],[-84.3015,37.0875],[-84.2907,37.1104],[-84.2891,37.1517],[-84.3005,37.1639],[-84.4463,37.2791],[-84.5029,37.3288],[-84.5565,37.3557],[-84.7207,37.2383]]]},"properties":{"GEOID":"43700","NAME":"Somerset, KY","LSAD":"M2"}},
{"type":"Feature","geometry":{"type":"Polygon","coordinates":[[[-80.862,40.5994],[-80.8636,40.5554],[-80.9209,40.5563],[-80.9247,40.468],[-80.9402,40.4683],[-80.9419,40.4247],[-80.8655,40.4229],[-80.8716,40.3795],[-80.8829,40.1595],[-80.7663,40.1551],[-80.7029,40.1573],[-80.6818,40.1856],[-80.6614,40.1784],[-80.5949,40.1769],[-80.5191,40.1597],[-80.519,40.3421],[-80.519,40.6388],[-80.5767,40.6142],[-80.5988,40.6253],[-80.6344,40.6161],[-80.668,40.5825],[-80.7473,40.5833],[-80.7471,40.597],[-80.862,40.5994]]]},"properties":{"GEOID":"48260","NAME":"Weirton-Steubenville, WV-OH","LSAD":"M1"}},
{"type":"Feature","geometry":{"type":"Polygon","coordinates":[[[-119.8683,45.8359],[-119.9075,45.8281],[-119.9657,45.8244],[-119.9995,45.8125],[-119.9982,45.688],[-119.9992,45.5175],[-120.0048,45.5172],[-120.0066,45.2577],[-119.8823,45.2569],[-119.8839,45.1692],[-119.7598,45.1692],[-119.7607,45.0813],[-119.7908,45.0813],[-119.7912,44.9948],[-119.306,44.9957],[-119.0023,44.9966],[-118.6754,44.9977],[-118.5187,44.9959],[-118.5187,45.0807],[-118.5477,45.0808],[-118.5466,45.1969],[-118.656,45.1969],[-118.6561,45.2577],[-118.697,45.2577],[-118.6978,45.3456],[-118.6132,45.3399],[-118.6131,45.355],[-118.4283,45.3552],[-118.4285,45.429],[-118.4048,45.4426],[-118.3663,45.429],[-118.1981,45.4272],[-118.198,45.4704],[-118.1165,45.4707],[-118.1184,45.5147],[-118.1172,45.6886],[-118.0664,45.6884],[-118.0665,45.7735],[-118.0451,45.7735],[-118.045,45.8171],[-117.9729,45.8169],[-117.973,45.8606],[-117.9776,45.8606],[-117.9777,46.0007],[-117.9969,46.0008],[-118.131,46.0003],[-118.497,46.0006],[-118.9412,46.0006],[-118.9872,45.9998],[-119.0086,45.9793],[-119.0932,45.9427],[-119.1261,45.9329],[-119.1955,45.9279],[-119.2571,45.9399],[-119.3225,45.9332],[-119.3644,45.9216],[-119.4503,45.9174],[-119.4878,45.9063],[-119.5246,45.9086],[-119.5716,45.9255],[-119.6234,45.9056],[-119.6699,45.8569],[-119.7729,45.8456],[-119.8027,45.8475],[-119.8683,45.8359]]]},"properties":{"GEOID":"25840","NAME":"Hermiston-Pendleton, OR","LSAD":"M2"}},
{"type":"Feature","geometry":{"type":"Polygon","coordinates":[[[-86.9327,41.7095],[-86.9299,41.5361],[-86.9301,41.2368],[-86.8703,41.2646],[-86.8147,41.2735],[-86.7835,41.2855],[-86.74,41.3217],[-86.7005,41.4022],[-86.6425,41.4326],[-86.5247,41.4329],[-86.5249,41.5197],[-86.5036,41.5195],[-86.4982,41.561],[-86.4864,41.5705],[-86.4876,41.6493],[-86.5267,41.6504],[-86.5242,41.7595],[-86.8248,41.7602],[-86.9091,41.7269],[-86.9327,41.7095]]]},"properties":{"GEOID":"33140","NAME":"Michigan City-La Porte, IN","LSAD":"M1"}},
{"type":"Feature","geometry":{"type":"Polygon","coordinates":[[[-104.0558,44.571],[-104.0555,44.3177],[-104.0547,44.1411],[-103.7258,44.1409],[-103.4525,44.1408],[-103.453,44.2566],[-103.5744,44.2561],[-103.5694,44.3442],[-103.5677,44.6041],[-103.8205,44.6048],[-103.841,44.5878],[-103.8768,44.5975],[-103.9031,44.5948],[-103.933,44.5797],[-103.9726,44.5803],[-104.0033,44.5735],[-104.0346,44.581],[-104.0558,44.571]]]},"properties":{"GEOID":"43940","NAME":"Spearfish, SD","LSAD":"M2"}},
{"type":"Feature","geometry":{"type":"Polygon","coordinates":[[[-96.9126,40.5236],[-96.9135,40.3554],[-96.9161,40.3497],[-96.9164,40.0015],[-96.4637,40.001],[-96.4635,40.2459],[-96.4636,40.523],[-96.9126,40.5236]]]},"properties":{"GEOID":"13100","NAME":"Beatrice, NE","LSAD":"M2"}},
{"type":"Feature","geometry":{"type":"Polygon","coordinates":[[[-81.8458,26.3304],[-81.8331,26.2945],[-81.8207,26.2367],[-81.8146,26.1732],[-81.8017,26.0914],[-81.7446,25.9701],[-81.7555,25.9573],[-81.7319,25.9315],[-81.6895,25.8527],[-81.6752,25.8765],[-81.6423,25.9054],[-81.6226,25.8907],[-81.605,25.8921],[-81.5727,25.8656],[-81.5342,25.8566],[-81.5228,25.841],[-81.493,25.8309],[-81.47,25.8036],[-81.2127,25.8039],[-80.8731,25.8054],[-80.8727,26.0004],[-80.8791,26.1725],[-80.8797,26.2593],[-81.2682,26.2531],[-81.2719,26.4226],[-81.2718,26.5171],[-81.5638,26.5133],[-81.5622,26.4226],[-81.6595,26.4211],[-81.6579,26.3176],[-81.819,26.3162],[-81.8191,26.3304],[-81.8458,26.3304]]]},"properties":{"GEOID":"34940","NAME":"Naples-Marco Island, FL","LSAD":"M1"}},
{"type":"Feature","geometry":{"type":"Polygon","coordinates":[[[-72.4521,43.1613],[-72.4569,43.1466],[-72.433,43.1197],[-72.4352,43.0866],[-72.4674,43.0526],[-72.463,43.0285],[-72.4446,43.0106],[-72.46,43.0001],[-72.4738,42.972],[-72.5184,42.9632],[-72.5346,42.9499],[-72.5242,42.9185],[-72.5315,42.898],[-72.5528,42.885],[-72.5572,42.853],[-72.5396,42.8048],[-72.4759,42.7577],[-72.4585,42.7269],[-72.283,42.7216],[-71.929,42.7122],[-71.9443,42.7884],[-71.9747,42.7894],[-72.0062,42.9438],[-72.0622,42.9448],[-72.0579,43.0189],[-72.042,43.0822],[-72.0381,43.1288],[-72.1785,43.1319],[-72.1567,43.182],[-72.3764,43.1577],[-72.372,43.1321],[-72.4316,43.1356],[-72.4321,43.1598],[-72.4521,43.1613]]]},"properties":{"GEOID":"28300","NAME":"Keene, NH","LSAD":"M2"}},
{"type":"Feature","geometry":{"type":"Polygon","coordinates":[[[-98.8033,28.0575],[-98.802,27.7216],[-98.7992,27.5043],[-98.7983,27.354],[-98.7494,27.3567],[-98.6251,27.3577],[-98.6249,27.3381],[-98.5895,27.3382],[-98.5895,27.3587],[-98.5526,27.3591],[-98.5524,27.3438],[-98.5223,27.3433],[-98.5233,27.2652],[-98.0581,27.261],[-98.0598,27.6359],[-97.9421,27.6359],[-97.9337,27.7766],[-97.9343,27.8852],[-97.7985,27.9957],[-97.7903,28.0192],[-97.8058,28.0414],[-97.8382,28.0347],[-97.8675,28.041],[-97.8831,28.0569],[-98.2355,28.058],[-98.5003,28.0575],[-98.8033,28.0575]]]},"properties":{"GEOID":"10860","NAME":"Alice, TX","LSAD":"M2"}},
{"type":"Feature","geometry":{"type":"Polygon","coordinates":[[[-84.8265,42.0725],[-84.8251,41.76],[-84.8059,41.7602],[-84.806,41.6961],[-84.75,41.6982],[-84.3995,41.7059],[-84.3604,41.7066],[-84.3633,42.0735],[-84.7096,42.0704],[-84.8265,42.0725]]]},"properties":{"GEOID":"25880","NAME":"Hillsdale, MI","LSAD":"M2"}},
{"type":"Feature","geometry":{"type":"Polygon","coordinates":[[[-103.5738,41.0017],[-103.5743,40.7021],[-103.5804,40.702],[-103.5818,40.5234],[-103.4672,40.5233],[-103.4654,40.4363],[-103.3871,40.4354],[-103.0835,40.4368],[-102.6648,40.4385],[-102.6647,40.7052],[-102.6509,40.7053],[-102.6535,41.0023],[-102.8658,41.002],[-103.3653,41.0018],[-103.5738,41.0017]]]},"properties":{"GEOID":"44540","NAME":"Sterling, CO","LSAD":"M2"}},
{"type":"Feature","geometry":{"type":"Polygon","coordinates":[[[-87.9324,40.3994],[-87.9288,40.2256],[-87.9421,40.2255],[-87.9392,40.0545],[-87.9376,39.8798],[-87.6152,39.8816],[-87.6174,39.8686],[-87.5575,39.8688],[-87.5332,39.883],[-87.5315,40.1481],[-87.5264,40.4912],[-87.6528,40.4882],[-87.9353,40.4859],[-87.9324,40.3994]]]},"properties":{"GEOID":"19180","NAME":"Danville, IL","LSAD":"M1"}},
{"type":"Feature","geometry":{"type":"Polygon","coordinates":[[[-79.5424,35.8433],[-79.5467,35.709],[-79.5532,35.5993],[-79.5558,35.515],[-79.3501,35.518],[-79.3121,35.5305],[-79.3034,35.5521],[-79.2755,35.5318],[-79.2452,35.553],[-79.188,35.5794],[-79.142,35.6231],[-79.1013,35.624],[-79.0531,35.5966],[-79.0456,35.5684],[-79.0166,35.5443],[-78.9956,35.5421],[-78.9696,35.5217],[-78.9147,35.5837],[-78.995,35.6102],[-78.9094,35.843],[-78.9061,35.8681],[-78.8298,35.8674],[-78.8048,35.9276],[-78.7591,35.9184],[-78.717,35.9613],[-78.7004,36.0083],[-78.72,36.0296],[-78.7536,36.0314],[-78.7513,36.0708],[-78.6832,36.0745],[-78.5464,36.0218],[-78.5448,36.0807],[-78.4966,36.1752],[-78.5083,36.183],[-78.5112,36.4548],[-78.4962,36.51],[-78.457,36.5425],[-78.51,36.5411],[-78.7963,36.5417],[-79.1383,36.5417],[-79.154,36.2419],[-79.258,36.2434],[-79.2645,35.9141],[-79.2373,35.8442],[-79.5424,35.8433]]]},"properties":{"GEOID":"20500","NAME":"Durham-Chapel Hill, NC","LSAD":"M1"}},
{"type":"Feature","geometry":{"type":"Polygon","coordinates":[[[-99.3642,35.4653],[-99.0463,35.4652],[-98.6233,35.4642],[-98.6232,35.5515],[-98.6322,35.5515],[-98.632,35.8124],[-99.0113,35.8123],[-99.3758,35.8122],[-99.3771,35.5517],[-99.3641,35.5517],[-99.3641,35.5088],[-99.3642,35.4653]]]},"properties":{"GEOID":"48220","NAME":"Weatherford, OK","LSAD":"M2"}},
{"type":"Feature","geometry":{"type":"Polygon","coordinates":[[[-86.0653,33.8422],[-86.0514,33.8241],[-86.0644,33.7978],[-86.044,33.7636],[-86.1374,33.7154],[-86.1456,33.6791],[-86.0507,33.6746],[-86.0258,33.6463],[-86.0216,33.6012],[-85.9949,33.5865],[-85.7946,33.5856],[-85.7961,33.5562],[-85.7441,33.5561],[-85.7423,33.6],[-85.725,33.6135],[-85.69,33.6129],[-85.6907,33.6278],[-85.6558,33.6272],[-85.6386,33.6484],[-85.638,33.7733],[-85.6209,33.7879],[-85.586,33.8021],[-85.5852,33.8459],[-85.6371,33.8465],[-85.637,33.8759],[-85.6019,33.8749],[-85.6019,33.8898],[-85.5325,33.8892],[-85.5294,33.956],[-85.739,33.9685],[-85.741,33.9353],[-85.8114,33.9471],[-85.8818,33.9503],[-85.8997,33.943],[-85.8996,33.9064],[-85.9343,33.9064],[-85.9345,33.921],[-85.9692,33.9146],[-85.9865,33.8937],[-85.9952,33.8649],[-86.0213,33.8515],[-86.0488,33.8527],[-86.0653,33.8422]]]},"properties":{"GEOID":"11500","NAME":"Anniston-Oxford, AL","LSAD":"M1"}},
{"type":"Feature","geometry":{"type":"Polygon","coordinates":[[[-83.0386,41.4575],[-83.3382,41.4575],[-83.339,41.5012],[-83.4146,41.5002],[-83.4198,41.254],[-83.2252,41.2531],[-83.1316,41.2564],[-82.8401,41.2553],[-82.8415,41.29],[-82.8477,41.4305],[-82.9019,41.4305],[-82.9253,41.4184],[-82.9571,41.4255],[-82.9766,41.4536],[-83.0032,41.4372],[-83.0386,41.4575]]]},"properties":{"GEOID":"23380","NAME":"Fremont, OH","LSAD":"M2"}},
{"type":"Feature","geometry":{"type":"Polygon","coordinates":[[[-113.3339,32.5052],[-113.3338,32.0388],[-113.126,31.9728],[-112.8671,31.8955],[-112.6078,31.8158],[-112.2461,31.7042],[-111.7702,31.5545],[-111.3664,31.4261],[-111.3669,31.5214],[-111.1637,31.5217],[-111.1642,31.7259],[-110.8558,31.7267],[-110.8558,31.7317],[-110.4523,31.7312],[-110.4508,31.9051],[-110.4515,32.0797],[-110.4484,32.1376],[-110.451,32.2538],[-110.451,32.4275],[-110.4515,32.514],[-110.8451,32.5139],[-110.8451,32.5111],[-111.1575,32.5113],[-111.1577,32.5018],[-111.5693,32.5014],[-111.5693,32.5068],[-111.9551,32.5067],[-112.209,32.5067],[-112.5207,32.5068],[-112.7254,32.5054],[-113.0281,32.5051],[-113.3339,32.5052]]]},"properties":{"GEOID":"46060","NAME":"Tucson, AZ","LSAD":"M1"}},
{"type":"Feature","geometry":{"type":"Polygon","coordinates":[[[-103.0647,32.5222],[-103.0643,32.0871],[-102.8016,32.0872],[-102.7991,32.0858],[-102.7179,32.0869],[-102.287,32.087],[-102.2112,32.0868],[-102.211,32.5232],[-102.4733,32.5229],[-102.7384,32.523],[-102.9963,32.5232],[-103.0647,32.5222]]]},"properties":{"GEOID":"11380","NAME":"Andrews, TX","LSAD":"M2"}},
{"type":"Feature","geometry":{"type":"Polygon","coordinates":[[[-94.9137,43.2551],[-94.9146,43.5009],[-95.3878,43.5002],[-95.3881,43.2552],[-94.9137,43.2551]]]},"properties":{"GEOID":"44020","NAME":"Spirit Lake, IA","LSAD":"M2"}},
{"type":"Feature","geometry":{"type":"Polygon","coordinates":[[[-82.1293,40.9918],[-82.125,40.8863],[-82.1273,40.8043],[-82.1262,40.6684],[-81.9318,40.6672],[-81.65,40.6678],[-81.6477,40.914],[-81.6477,40.9886],[-81.6885,40.9886],[-81.8289,40.9883],[-82.1293,40.9918]]]},"properties":{"GEOID":"49300","NAME":"Wooster, OH","LSAD":"M2"}},
{"type":"Feature","geometry":{"type":"Polygon","coordinates":[[[-85.7904,43.293],[-86.039,43.2935],[-86.0395,43.4674],[-86.2183,43.4691],[-86.4615,43.4723],[-86.427,43.3749],[-86.3958,43.3162],[-86.2976,43.166],[-86.272,43.1184],[-86.1462,43.1174],[-85.9074,43.1189],[-85.9084,43.2059],[-85.7907,43.2052],[-85.7904,43.293]]]},"properties":{"GEOID":"34740","NAME":"Muskegon, MI","LSAD":"M1"}},
{"type":"Feature","geometry":{"type":"Polygon","coordinates":[[[-78.457,36.5425],[-78.4962,36.51],[-78.5112,36.4548],[-78.5083,36.183],[-78.4966,36.1752],[-78.4247,36.1637],[-78.4121,36.1696],[-78.3781,36.2351],[-78.3381,36.2344],[-78.307,36.2662],[-78.2772,36.3061],[-78.324,36.5438],[-78.457,36.5425]]]},"properties":{"GEOID":"25780","NAME":"Henderson, NC","LSAD":"M2"}},
{"type":"Feature","geometry":{"type":"Polygon","coordinates":[[[-96.4448,41.6836],[-96.4442,41.7418],[-96.9059,41.7428],[-96.9059,41.4534],[-96.8191,41.4402],[-96.7743,41.4501],[-96.7465,41.4496],[-96.6924,41.4257],[-96.634,41.4344],[-96.5694,41.4333],[-96.4882,41.3933],[-96.329,41.3931],[-96.3289,41.4366],[-96.3673,41.4367],[-96.4252,41.4803],[-96.4439,41.5239],[-96.4448,41.6836]]]},"properties":{"GEOID":"23340","NAME":"Fremont, NE","LSAD":"M2"}},
{"type":"Feature","geometry":{"type":"Polygon","coordinates":[[[-78.0648,35.5853],[-78.1549,35.4178],[-78.1459,35.3829],[-78.1624,35.3672],[-78.1532,35.3507],[-78.2165,35.3393],[-78.2342,35.3232],[-78.258,35.3257],[-78.2897,35.3151],[-78.3066,35.2876],[-78.2464,35.2262],[-78.1618,35.2043],[-78.1634,35.1897],[-78.0774,35.1751],[-78.0445,35.1925],[-78.021,35.1939],[-77.978,35.1703],[-77.9535,35.1655],[-77.9297,35.1736],[-77.9093,35.1574],[-77.8342,35.1778],[-77.8242,35.3438],[-77.8062,35.3688],[-77.8055,35.4075],[-77.8267,35.4241],[-77.8225,35.5854],[-77.9984,35.5856],[-78.058,35.5978],[-78.0648,35.5853]]]},"properties":{"GEOID":"24140","NAME":"Goldsboro, NC","LSAD":"M1"}},
{"type":"Feature","geometry":{"type":"Polygon","coordinates":[[[-90.852,35.9679],[-90.8722,35.9244],[-90.8729,35.8809],[-91.0326,35.885],[-91.0381,35.6632],[-91.0393,35.443],[-90.9312,35.4418],[-90.8238,35.4457],[-90.7162,35.4458],[-90.7161,35.4498],[-90.6108,35.4488],[-90.6109,35.4417],[-90.5024,35.4416],[-90.2869,35.4384],[-90.2871,35.8744],[-90.2891,35.9964],[-90.3779,35.9957],[-90.3873,35.9647],[-90.5544,35.9654],[-90.852,35.9679]]]},"properties":{"GEOID":"27860","NAME":"Jonesboro, AR","LSAD":"M1"}},
{"type":"Feature","geometry":{"type":"Polygon","coordinates":[[[-89.8449,44.6849],[-89.8445,44.5115],[-89.7267,44.5112],[-89.7247,44.2477],[-89.4822,44.244],[-89.2248,44.2434],[-89.2232,44.5491],[-89.2237,44.6814],[-89.3459,44.6814],[-89.4899,44.6858],[-89.8449,44.6849]]]},"properties":{"GEOID":"44620","NAME":"Stevens Point, WI","LSAD":"M2"}},
{"type":"Feature","geometry":{"type":"Polygon","coordinates":[[[-98.7214,40.6989],[-98.7244,40.6989],[-98.7239,40.3504],[-98.2781,40.3503],[-98.2781,40.6983],[-98.2829,40.6983],[-98.7214,40.6989]]]},"properties":{"GEOID":"25580","NAME":"Hastings, NE","LSAD":"M2"}},
{"type":"Feature","geometry":{"type":"Polygon","coordinates":[[[-66.3312,18.0159],[-66.3426,17.9937],[-66.3381,17.9764],[-66.3168,17.9767],[-66.2963,17.9587],[-66.2577,17.9369],[-66.2062,17.9629],[-66.2056,18.013],[-66.1748,18.0329],[-66.1661,18.0501],[-66.1971,18.0488],[-66.2184,18.0926],[-66.2401,18.0932],[-66.2575,18.0759],[-66.2798,18.0685],[-66.313,18.0444],[-66.3312,18.0159]]]},"properties":{"GEOID":"17640","NAME":"Coco, PR","LSAD":"M2"}},
{"type":"Feature","geometry":{"type":"Polygon","coordinates":[[[-73.2743,42.9437],[-73.2787,42.8334],[-73.2909,42.8019],[-73.2764,42.746],[-73.265,42.7459],[-73.023,42.7411],[-72.9303,42.7392],[-72.9214,42.9268],[-73.0081,42.9301],[-72.9969,43.119],[-72.8687,43.1139],[-72.8621,43.2052],[-72.8516,43.2048],[-72.8481,43.2628],[-72.8196,43.256],[-72.8199,43.2992],[-72.8686,43.3008],[-73.1227,43.3087],[-73.2545,43.3147],[-73.2656,43.0962],[-73.2743,42.9437]]]},"properties":{"GEOID":"13540","NAME":"Bennington, VT","LSAD":"M2"}},
{"type":"Feature","geometry":{"type":"Polygon","coordinates":[[[-85.6868,39.1309],[-85.7998,39.1289],[-85.7988,39.0685],[-85.7954,38.8075],[-85.7475,38.8223],[-85.6838,38.8154],[-85.6841,38.8239],[-85.6106,38.8242],[-85.611,38.8538],[-85.5738,38.8537],[-85.5738,38.8827],[-85.5374,38.8828],[-85.5382,38.9122],[-85.4449,38.913],[-85.4447,39.0007],[-85.4401,39.1956],[-85.5663,39.1328],[-85.6868,39.1309]]]},"properties":{"GEOID":"35860","NAME":"North Vernon, IN","LSAD":"M2"}},
{"type":"Feature","geometry":{"type":"Polygon","coordinates":[[[-83.9613,32.0306],[-83.9517,32.0023],[-83.9249,31.9477],[-83.9225,31.9097],[-83.9341,31.8814],[-83.9246,31.8484],[-83.8798,31.837],[-83.8555,31.8372],[-83.8553,31.8199],[-83.8027,31.8036],[-83.6126,31.8041],[-83.6097,32.0279],[-83.9613,32.0306]]]},"properties":{"GEOID":"18380","NAME":"Cordele, GA","LSAD":"M2"}},
{"type":"Feature","geometry":{"type":"Polygon","coordinates":[[[-97.6085,43.8491],[-98.0313,43.8509],[-98.3252,43.8511],[-98.3252,43.5865],[-98.3206,43.4987],[-98.2021,43.4979],[-97.607,43.4998],[-97.6065,43.6733],[-97.6085,43.8491]]]},"properties":{"GEOID":"33580","NAME":"Mitchell, SD","LSAD":"M2"}},
{"type":"Feature","geometry":{"type":"Polygon","coordinates":[[[-89.8376,42.5055],[-89.9265,42.5058],[-89.9198,42.1969],[-89.6885,42.1991],[-89.3962,42.2019],[-89.398,42.3752],[-89.4014,42.5004],[-89.6676,42.505],[-89.8376,42.5055]]]},"properties":{"GEOID":"23300","NAME":"Freeport, IL","LSAD":"M2"}},
{"type":"Feature","geometry":{"type":"Polygon","coordinates":[[[-100.2242,41.0466],[-100.2382,41.0465],[-100.2376,41.1619],[-100.2343,41.2774],[-100.2361,41.3933],[-100.2511,41.3933],[-100.2529,41.6174],[-100.2512,41.7398],[-100.745,41.7396],[-100.9436,41.74],[-101.1254,41.7424],[-101.4065,41.7432],[-101.4073,41.3954],[-101.2697,41.3949],[-101.2704,41.0474],[-101.2502,41.0474],[-101.2473,40.7696],[-101.248,40.6978],[-101.0004,40.6999],[-100.6107,40.7001],[-100.2233,40.7003],[-100.2242,41.0466]]]},"properties":{"GEOID":"35820","NAME":"North Platte, NE","LSAD":"M2"}},
{"type":"Feature","geometry":{"type":"Polygon","coordinates":[[[-82.8071,38.9481],[-82.7534,38.9454],[-82.7605,38.8549],[-82.65,38.8491],[-82.5756,38.8445],[-82.5744,38.8535],[-82.4552,38.8446],[-82.4353,39.0351],[-82.4247,39.1378],[-82.5403,39.1445],[-82.5363,39.1808],[-82.6515,39.1896],[-82.6501,39.2023],[-82.7629,39.208],[-82.7667,39.1678],[-82.7859,39.1688],[-82.8071,38.9481]]]},"properties":{"GEOID":"27160","NAME":"Jackson, OH","LSAD":"M2"}},
{"type":"Feature","geometry":{"type":"Polygon","coordinates":[[[-100.2242,41.0466],[-100.2233,40.7003],[-99.9817,40.7],[-99.9812,40.4383],[-100.0951,40.4387],[-100.0948,40.3512],[-99.6422,40.3512],[-99.644,40.4159],[-99.6435,40.6849],[-99.5835,40.6772],[-99.5286,40.6751],[-99.4444,40.6779],[-99.4174,40.6709],[-99.4266,40.6998],[-99.4254,40.9493],[-99.426,41.0465],[-99.8433,41.0466],[-100.2242,41.0466]]]},"properties":{"GEOID":"30420","NAME":"Lexington, NE","LSAD":"M2"}},
{"type":"Feature","geometry":{"type":"Polygon","coordinates":[[[-73.9107,42.1273],[-73.9296,42.0788],[-73.9078,42.0796],[-73.7109,42.0055],[-73.5271,41.978],[-73.5214,42.05],[-73.4969,42.0497],[-73.5081,42.0863],[-73.3525,42.51],[-73.4977,42.4952],[-73.5772,42.4851],[-73.7837,42.4642],[-73.7758,42.4299],[-73.7927,42.3859],[-73.7806,42.3057],[-73.7882,42.2698],[-73.803,42.2537],[-73.8478,42.2303],[-73.8553,42.1914],[-73.8911,42.1689],[-73.9107,42.1273]]]},"properties":{"GEOID":"26460","NAME":"Hudson, NY","LSAD":"M2"}},
{"type":"Feature","geometry":{"type":"Polygon","coordinates":[[[-90.3163,44.6852],[-90.316,44.4246],[-90.318,44.2487],[-89.8377,44.2493],[-89.7247,44.2477],[-89.7267,44.5112],[-89.8445,44.5115],[-89.8449,44.6849],[-90.3163,44.6852]]]},"properties":{"GEOID":"49220","NAME":"Wisconsin Rapids-Marshfield, WI","LSAD":"M2"}},
{"type":"Feature","geometry":{"type":"Polygon","coordinates":[[[-95.5211,37.384],[-95.9647,37.3867],[-95.9643,36.9991],[-95.7868,36.9993],[-95.5224,36.9993],[-95.5214,37.1937],[-95.518,37.2517],[-95.5211,37.384]]]},"properties":{"GEOID":"17700","NAME":"Coffeyville, KS","LSAD":"M2"}},
{"type":"Feature","geometry":{"type":"Polygon","coordinates":[[[-110.4523,31.7312],[-110.4522,31.6139],[-110.4608,31.6139],[-110.4598,31.3328],[-110.1405,31.334],[-110.0006,31.3331],[-109.8297,31.3341],[-109.4945,31.334],[-109.2785,31.334],[-109.05,31.3325],[-109.0491,31.6366],[-109.0486,31.8708],[-109.0482,32.1458],[-109.0476,32.4264],[-109.1142,32.4264],[-109.2277,32.4248],[-109.3731,32.4265],[-109.6632,32.4267],[-110.1287,32.4268],[-110.349,32.4264],[-110.451,32.4275],[-110.451,32.2538],[-110.4484,32.1376],[-110.4515,32.0797],[-110.4508,31.9051],[-110.4523,31.7312]]]},"properties":{"GEOID":"43420","NAME":"Sierra Vista-Douglas, AZ","LSAD":"M1"}},
{"type":"Feature","geometry":{"type":"Polygon","coordinates":[[[-84.8109,40.0051],[-84.8124,39.9169],[-84.6134,39.9166],[-84.4854,39.9185],[-84.4259,39.9196],[-84.4326,40.197],[-84.4346,40.3543],[-84.6744,40.3519],[-84.8041,40.3528],[-84.8062,40.198],[-84.8109,40.0051]]]},"properties":{"GEOID":"24820","NAME":"Greenville, OH","LSAD":"M2"}},
{"type":"Feature","geometry":{"type":"Polygon","coordinates":[[[-86.94,39.4733],[-86.9425,39.342],[-87.0536,39.3426],[-87.0546,39.1681],[-86.8931,39.1679],[-86.683,39.1657],[-86.6823,38.9924],[-86.3175,38.9909],[-86.3181,39.0488],[-86.3701,39.0484],[-86.3692,39.1119],[-86.3724,39.2509],[-86.3799,39.2511],[-86.3814,39.3398],[-86.4651,39.3383],[-86.6308,39.3408],[-86.6322,39.4702],[-86.7623,39.4702],[-86.94,39.4733]]]},"properties":{"GEOID":"14020","NAME":"Bloomington, IN","LSAD":"M1"}},
{"type":"Feature","geometry":{"type":"Polygon","coordinates":[[[-84.5029,37.3288],[-84.4467,37.4859],[-84.473,37.4945],[-84.6185,37.5931],[-84.6526,37.6182],[-84.6518,37.6497],[-84.6789,37.6528],[-84.6982,37.6685],[-84.7043,37.6976],[-84.7224,37.6928],[-84.7338,37.7108],[-84.7935,37.7172],[-84.8077,37.7048],[-84.9998,37.6802],[-85.025,37.6789],[-85.0397,37.5452],[-85.0131,37.5513],[-85.0022,37.5336],[-84.8981,37.5321],[-84.8474,37.5483],[-84.8571,37.5285],[-84.8601,37.4674],[-84.8508,37.4271],[-84.7958,37.3904],[-84.7228,37.36],[-84.7061,37.2998],[-84.724,37.2868],[-84.716,37.2526],[-84.7207,37.2383],[-84.5565,37.3557],[-84.5029,37.3288]]]},"properties":{"GEOID":"19220","NAME":"Danville, KY","LSAD":"M2"}},
{"type":"Feature","geometry":{"type":"Polygon","coordinates":[[[-83.3727,39.3774],[-83.3803,39.3566],[-83.3813,39.2784],[-83.393,39.2667],[-83.3811,39.2496],[-83.3435,39.2332],[-83.3535,39.1976],[-82.7859,39.1688],[-82.7667,39.1678],[-82.7629,39.208],[-82.7486,39.3682],[-82.7407,39.4684],[-82.9982,39.4801],[-82.9804,39.4903],[-82.9926,39.5064],[-83.2667,39.5162],[-83.3727,39.3774]]]},"properties":{"GEOID":"17060","NAME":"Chillicothe, OH","LSAD":"M2"}},
{"type":"Feature","geometry":{"type":"Polygon","coordinates":[[[-88.7398,44.2433],[-88.8867,44.2426],[-88.8857,43.8952],[-88.4032,43.893],[-88.4042,43.9382],[-88.4041,44.2441],[-88.7398,44.2433]]]},"properties":{"GEOID":"36780","NAME":"Oshkosh-Neenah, WI","LSAD":"M1"}},
{"type":"Feature","geometry":{"type":"Polygon","coordinates":[[[-86.5147,44.0581],[-86.5017,44.0219],[-86.4631,43.971],[-86.4339,43.8556],[-86.4308,43.8194],[-86.1582,43.8161],[-86.0379,43.8156],[-86.0401,43.9897],[-86.0393,44.0473],[-86.0435,44.1671],[-86.3888,44.1787],[-86.4137,44.1385],[-86.4469,44.106],[-86.5005,44.0756],[-86.5147,44.0581]]]},"properties":{"GEOID":"31220","NAME":"Ludington, MI","LSAD":"M2"}},
{"type":"Feature","geometry":{"type":"Polygon","coordinates":[[[-113.9317,42.765],[-113.9318,42.5352],[-113.9861,42.5338],[-114.0003,42.5208],[-114.0671,42.5145],[-114.0692,42.4171],[-114.2854,42.4173],[-114.2813,42.3309],[-114.2818,41.9942],[-114.0415,41.9939],[-113.9016,41.9886],[-113.7647,41.9895],[-113.5261,41.9927],[-113,41.9982],[-113,42.3274],[-113.0028,42.588],[-113.1757,42.5895],[-113.1752,42.6273],[-113.1957,42.6339],[-113.237,42.6253],[-113.3044,42.6287],[-113.3607,42.6721],[-113.3751,42.6878],[-113.4116,42.6744],[-113.4722,42.6694],[-113.4722,42.8492],[-113.4131,42.8492],[-113.4139,43.1999],[-113.7146,43.1998],[-113.714,42.8497],[-113.7638,42.8498],[-113.7639,42.7645],[-113.9317,42.765]]]},"properties":{"GEOID":"15420","NAME":"Burley, ID","LSAD":"M2"}},
{"type":"Feature","geometry":{"type":"Polygon","coordinates":[[[-92.5951,36.3559],[-92.5807,36.3426],[-92.5348,36.351],[-92.5371,36.329],[-92.5513,36.3137],[-92.5258,36.3022],[-92.5207,36.2688],[-92.477,36.2573],[-92.4765,36.2282],[-92.4591,36.2154],[-92.4792,36.1937],[-92.4688,36.1814],[-92.4091,36.1347],[-92.4144,35.9758],[-92.3072,35.974],[-92.3051,36.0611],[-92.1974,36.0592],[-92.1956,36.133],[-92.2152,36.1335],[-92.2139,36.1751],[-92.1599,36.1738],[-92.1584,36.2905],[-92.1506,36.4358],[-92.1503,36.4986],[-92.3503,36.4978],[-92.5291,36.4986],[-92.5331,36.3866],[-92.5951,36.3559]]]},"properties":{"GEOID":"34260","NAME":"Mountain Home, AR","LSAD":"M2"}},
{"type":"Feature","geometry":{"type":"Polygon","coordinates":[[[-90.5482,31.3496],[-90.5476,30.9997],[-90.3473,31.0004],[-90.2596,31.0007],[-90.2606,31.1758],[-90.2604,31.3503],[-90.5482,31.3496]]]},"properties":{"GEOID":"32620","NAME":"McComb, MS","LSAD":"M2"}},
{"type":"Feature","geometry":{"type":"Polygon","coordinates":[[[-84.7185,42.4215],[-84.7169,42.2469],[-84.7115,42.1591],[-84.7096,42.0704],[-84.3633,42.0735],[-84.1798,42.0738],[-84.132,42.0716],[-84.1341,42.1693],[-84.1308,42.25],[-84.1311,42.4246],[-84.1407,42.4246],[-84.3648,42.4247],[-84.3648,42.4221],[-84.7185,42.4215]]]},"properties":{"GEOID":"27100","NAME":"Jackson, MI","LSAD":"M1"}},
{"type":"Feature","geometry":{"type":"Polygon","coordinates":[[[-96.0008,36.9989],[-96.0006,36.6958],[-96.0012,36.4237],[-95.8123,36.4236],[-95.8123,36.5975],[-95.8095,36.5975],[-95.8098,36.9419],[-95.7867,36.9419],[-95.7868,36.9993],[-95.9643,36.9991],[-96.0008,36.9989]]]},"properties":{"GEOID":"12780","NAME":"Bartlesville, OK","LSAD":"M2"}},
{"type":"Feature","geometry":{"type":"Polygon","coordinates":[[[-76.8747,41.5969],[-76.8783,41.5905],[-76.9431,41.5693],[-76.9603,41.5514],[-77.2461,41.5448],[-77.5993,41.5423],[-77.5981,41.4786],[-77.5973,41.4411],[-77.5847,41.4413],[-77.5265,41.3585],[-77.4999,41.354],[-77.4754,41.3377],[-77.4715,41.3135],[-77.4421,41.2861],[-77.3498,41.2199],[-77.3209,41.2189],[-77.1643,41.0687],[-77.1441,41.0688],[-77.1138,41.069],[-77.0682,41.0852],[-76.9779,41.0879],[-76.9602,41.1488],[-76.8961,41.1391],[-76.8842,41.1571],[-76.7908,41.1757],[-76.7327,41.172],[-76.6788,41.1542],[-76.5925,41.1578],[-76.4476,41.2756],[-76.5485,41.2931],[-76.5925,41.3043],[-76.7495,41.4056],[-76.8137,41.59],[-76.8747,41.5969]]]},"properties":{"GEOID":"48700","NAME":"Williamsport, PA","LSAD":"M1"}},
{"type":"Feature","geometry":{"type":"Polygon","coordinates":[[[-90.7635,33.5294],[-90.7645,33.4457],[-90.7638,33.2704],[-90.7163,33.27],[-90.5552,33.2705],[-90.5555,33.3292],[-90.4532,33.3295],[-90.4525,33.5976],[-90.4516,33.8114],[-90.451,33.9857],[-90.657,33.9876],[-90.6591,33.7237],[-90.6587,33.6163],[-90.7635,33.6162],[-90.7635,33.5294]]]},"properties":{"GEOID":"26940","NAME":"Indianola, MS","LSAD":"M2"}},
{"type":"Feature","geometry":{"type":"Polygon","coordinates":[[[-88.9314,40.9277],[-88.9293,40.7533],[-88.5843,40.7576],[-88.5823,40.6707],[-88.5745,40.6165],[-88.4595,40.6173],[-88.2349,40.6182],[-88.2473,40.9946],[-88.2515,41.1142],[-88.471,41.1089],[-88.5862,41.1083],[-88.9309,41.1059],[-88.9314,40.9277]]]},"properties":{"GEOID":"38700","NAME":"Pontiac, IL","LSAD":"M2"}},
{"type":"Feature","geometry":{"type":"Polygon","coordinates":[[[-84.3807,30.69],[-84.3762,30.9548],[-84.3766,31.0789],[-84.6454,31.0794],[-84.6458,31.068],[-84.7309,31.0692],[-84.7316,31.0501],[-84.7529,31.0412],[-84.7559,30.8853],[-84.7695,30.8764],[-84.7706,30.8354],[-84.7853,30.8236],[-84.8119,30.783],[-84.8353,30.7792],[-84.8675,30.7477],[-84.8635,30.7115],[-84.5394,30.6968],[-84.3807,30.69]]]},"properties":{"GEOID":"12460","NAME":"Bainbridge, GA","LSAD":"M2"}},
{"type":"Feature","geometry":{"type":"Polygon","coordinates":[[[-83.9994,31.335],[-84.0036,31.0773],[-84.0039,31.0416],[-83.7362,31.0377],[-83.574,31.0339],[-83.5749,31.0781],[-83.5573,31.1105],[-83.5559,31.1445],[-83.5434,31.1704],[-83.5098,31.2062],[-83.5135,31.2285],[-83.5064,31.2798],[-83.5145,31.2992],[-83.5126,31.3274],[-83.6541,31.3307],[-83.7139,31.3317],[-83.7141,31.3184],[-83.7589,31.319],[-83.7591,31.3322],[-83.9994,31.335]]]},"properties":{"GEOID":"34220","NAME":"Moultrie, GA","LSAD":"M2"}},
{"type":"Feature","geometry":{"type":"Polygon","coordinates":[[[-89.6885,42.1991],[-89.6847,42.0256],[-89.6854,41.9303],[-89.6289,41.93],[-89.6293,41.9016],[-89.48,41.9025],[-89.4646,41.9116],[-89.3987,41.9028],[-89.3604,41.9026],[-89.3606,41.888],[-89.2834,41.8879],[-88.9413,41.8918],[-88.9421,42.0651],[-88.9397,42.1523],[-89.1728,42.1504],[-89.173,42.2042],[-89.3962,42.2019],[-89.6885,42.1991]]]},"properties":{"GEOID":"40300","NAME":"Rochelle, IL","LSAD":"M2"}},
{"type":"Feature","geometry":{"type":"Polygon","coordinates":[[[-93.0395,44.4719],[-93.0412,44.1967],[-92.8169,44.1968],[-92.5509,44.1949],[-92.5507,44.3685],[-92.4306,44.3683],[-92.4303,44.4553],[-92.242,44.4543],[-92.2768,44.4736],[-92.3022,44.5003],[-92.3162,44.541],[-92.3476,44.5571],[-92.4151,44.5604],[-92.4373,44.5528],[-92.481,44.5683],[-92.5184,44.5752],[-92.5406,44.5673],[-92.5694,44.6035],[-92.6215,44.615],[-92.6217,44.639],[-92.6647,44.6634],[-92.732,44.7137],[-92.732,44.6295],[-92.7926,44.6297],[-92.7926,44.543],[-92.919,44.5433],[-92.9191,44.5176],[-92.9381,44.5114],[-92.9849,44.5188],[-93.0397,44.5125],[-93.0395,44.4719]]]},"properties":{"GEOID":"39860","NAME":"Red Wing, MN","LSAD":"M2"}},
{"type":"Feature","geometry":{"type":"Polygon","coordinates":[[[-97.8305,41.7422],[-97.8298,41.5262],[-97.7036,41.5268],[-97.7038,41.3949],[-97.5985,41.3951],[-97.5983,41.3331],[-97.5706,41.3373],[-97.5224,41.3619],[-97.4501,41.3688],[-97.3647,41.3974],[-97.343,41.3913],[-97.3049,41.401],[-97.2526,41.3952],[-97.2524,41.7431],[-97.8305,41.7422]]]},"properties":{"GEOID":"18100","NAME":"Columbus, NE","LSAD":"M2"}},
{"type":"Feature","geometry":{"type":"Polygon","coordinates":[[[-84.0036,31.0773],[-84.1166,31.078],[-84.1191,30.981],[-84.1083,30.9511],[-84.0758,30.9119],[-84.0729,30.8656],[-84.0803,30.8448],[-84.0838,30.6758],[-83.7437,30.6584],[-83.7362,31.0377],[-84.0039,31.0416],[-84.0036,31.0773]]]},"properties":{"GEOID":"45620","NAME":"Thomasville, GA","LSAD":"M2"}},
{"type":"Feature","geometry":{"type":"Polygon","coordinates":[[[-91.3685,41.4232],[-91.3693,41.3361],[-91.0719,41.3336],[-91.0651,41.3691],[-91.0516,41.3853],[-91.0478,41.4109],[-91.0278,41.4236],[-90.9752,41.434],[-90.93,41.4214],[-90.8576,41.4528],[-90.7863,41.4529],[-90.7838,41.5965],[-90.8999,41.5971],[-91.3664,41.5984],[-91.3685,41.4232]]]},"properties":{"GEOID":"34700","NAME":"Muscatine, IA","LSAD":"M2"}},
{"type":"Feature","geometry":{"type":"Polygon","coordinates":[[[-82.6236,40.5499],[-82.6332,40.5231],[-82.6465,40.3451],[-82.7449,40.3496],[-82.7507,40.277],[-82.4761,40.2647],[-82.4773,40.2458],[-82.3366,40.24],[-82.1959,40.2391],[-82.1843,40.4564],[-82.1785,40.5731],[-82.2203,40.5682],[-82.337,40.555],[-82.3749,40.5509],[-82.6236,40.5499]]]},"properties":{"GEOID":"34540","NAME":"Mount Vernon, OH","LSAD":"M2"}},
{"type":"Feature","geometry":{"type":"Polygon","coordinates":[[[-82.5756,38.8445],[-82.5827,38.7791],[-82.4836,38.7723],[-82.4866,38.743],[-82.4669,38.7415],[-82.4725,38.6823],[-82.3545,38.6761],[-82.3617,38.5852],[-82.2873,38.5828],[-82.246,38.5985],[-82.219,38.5917],[-82.0551,38.4745],[-82.0646,38.608],[-81.9558,38.6574],[-81.7728,38.6808],[-81.8135,38.7148],[-81.7913,38.7331],[-81.9029,38.8633],[-81.9086,38.8785],[-81.9267,38.9013],[-81.9,38.9254],[-81.9006,38.9377],[-81.9332,38.9877],[-81.9514,38.996],[-81.9775,38.9927],[-81.995,39.0225],[-82.0377,39.0239],[-82.0516,38.9944],[-82.0891,38.976],[-82.0955,39.0028],[-82.3239,39.0132],[-82.3229,39.0277],[-82.4353,39.0351],[-82.4552,38.8446],[-82.5744,38.8535],[-82.5756,38.8445]]]},"properties":{"GEOID":"38580","NAME":"Point Pleasant, WV-OH","LSAD":"M2"}},
{"type":"Feature","geometry":{"type":"Polygon","coordinates":[[[-112.901,37.5],[-112.9012,37.5435],[-112.6837,37.5437],[-112.6836,37.6318],[-112.689,37.7172],[-112.6892,37.8056],[-112.5785,37.8045],[-112.5784,37.8821],[-112.5884,37.8904],[-112.4682,37.8905],[-112.467,37.9777],[-112.479,37.9777],[-112.4787,38.1474],[-112.817,38.1475],[-113.2561,38.1487],[-113.4725,38.1487],[-113.7768,38.1487],[-114.0499,38.1488],[-114.0497,37.8236],[-114.0525,37.6048],[-113.5878,37.6046],[-113.5878,37.6182],[-113.4745,37.6183],[-113.474,37.5291],[-113.2533,37.529],[-113.2535,37.4822],[-113.1461,37.481],[-113.1461,37.4743],[-113.037,37.4745],[-113.0371,37.4997],[-112.901,37.5]]]},"properties":{"GEOID":"16260","NAME":"Cedar City, UT","LSAD":"M2"}},
{"type":"Feature","geometry":{"type":"Polygon","coordinates":[[[-85.9464,40.9992],[-86.1685,40.9961],[-86.169,40.9098],[-86.1689,40.7435],[-86.165,40.5626],[-85.8636,40.5655],[-85.8648,40.6517],[-85.9395,40.651],[-85.9415,40.7944],[-85.9464,40.9992]]]},"properties":{"GEOID":"37940","NAME":"Peru, IN","LSAD":"M2"}},
{"type":"Feature","geometry":{"type":"Polygon","coordinates":[[[-86.0776,41.1729],[-86.0759,41.0849],[-86.0184,41.0861],[-86.0187,41.0419],[-85.9456,41.0429],[-85.7958,41.0436],[-85.6842,41.0467],[-85.6866,41.1784],[-85.6527,41.1785],[-85.6519,41.2948],[-85.6535,41.4369],[-85.8171,41.4349],[-86.0592,41.4358],[-86.054,41.1731],[-86.0776,41.1729]]]},"properties":{"GEOID":"47700","NAME":"Warsaw, IN","LSAD":"M2"}},
{"type":"Feature","geometry":{"type":"Polygon","coordinates":[[[-105.2782,41.6567],[-105.279,41.742],[-105.2718,41.742],[-105.2717,41.9861],[-105.2737,42.0888],[-105.2811,42.0889],[-105.2811,42.2621],[-105.2839,42.4314],[-105.3326,42.4311],[-105.352,42.4046],[-105.3617,42.3763],[-105.3586,42.3193],[-105.3787,42.319],[-105.3755,42.2901],[-105.5264,42.2889],[-105.5363,42.2946],[-105.5994,42.2975],[-105.6139,42.3045],[-105.6147,42.3774],[-105.5756,42.3773],[-105.5755,42.4062],[-105.5562,42.4063],[-105.556,42.4306],[-105.8739,42.4318],[-106.0734,42.4332],[-106.0749,42.0866],[-106.0733,41.9832],[-106.0733,41.8282],[-106.0713,41.4989],[-106.0684,41.395],[-106.2081,41.3938],[-106.3229,41.3951],[-106.3233,41.1311],[-106.3212,40.9991],[-106.1906,40.9976],[-106.0612,40.997],[-105.7304,40.9969],[-105.2769,40.9982],[-105.2787,41.0456],[-105.2806,41.331],[-105.2774,41.3989],[-105.2782,41.6567]]]},"properties":{"GEOID":"29660","NAME":"Laramie, WY","LSAD":"M2"}},
{"type":"Feature","geometry":{"type":"Polygon","coordinates":[[[-85.7647,42.4207],[-85.7661,42.2447],[-85.7629,42.0693],[-85.2936,42.0716],[-85.297,42.2461],[-85.2989,42.4198],[-85.5432,42.4214],[-85.7647,42.4207]]]},"properties":{"GEOID":"28020","NAME":"Kalamazoo-Portage, MI","LSAD":"M1"}},
{"type":"Feature","geometry":{"type":"Polygon","coordinates":[[[-71.7276,43.5634],[-71.761,43.5677],[-71.8181,43.5481],[-71.8492,43.6112],[-71.8921,43.5746],[-71.9284,43.5368],[-72.0114,43.4369],[-72.0538,43.4411],[-72.0468,43.4109],[-72.0516,43.3761],[-72.0901,43.3226],[-72.0654,43.2551],[-72.0453,43.2548],[-72.0415,43.2227],[-72.0091,43.1879],[-71.9132,43.2071],[-71.8561,43.1151],[-71.6678,43.1525],[-71.6413,43.0542],[-71.5175,43.0689],[-71.5128,43.0496],[-71.4891,43.0518],[-71.45,43.0201],[-71.3924,43.0093],[-71.3922,43.0393],[-71.3561,43.102],[-71.3155,43.1621],[-71.247,43.2762],[-71.236,43.285],[-71.3491,43.3466],[-71.5494,43.4524],[-71.5612,43.4548],[-71.6011,43.435],[-71.62,43.4439],[-71.638,43.4918],[-71.6773,43.5005],[-71.7276,43.5634]]]},"properties":{"GEOID":"18180","NAME":"Concord, NH","LSAD":"M2"}},
{"type":"Feature","geometry":{"type":"Polygon","coordinates":[[[-74.7599,43.0474],[-74.7438,43.0307],[-74.7401,42.9983],[-74.7633,42.8632],[-74.6483,42.8296],[-74.5625,42.8129],[-74.4549,42.773],[-74.3247,42.7834],[-74.2894,42.7838],[-74.2633,42.7965],[-74.2568,42.8122],[-74.0839,42.8974],[-74.0975,42.9829],[-74.5424,42.9855],[-74.7599,43.0474]]]},"properties":{"GEOID":"11220","NAME":"Amsterdam, NY","LSAD":"M2"}},
{"type":"Feature","geometry":{"type":"Polygon","coordinates":[[[-85.0888,43.8137],[-85.085,43.4662],[-84.846,43.4662],[-84.6075,43.466],[-84.6081,43.626],[-84.606,43.8154],[-84.931,43.8138],[-85.0888,43.8137]]]},"properties":{"GEOID":"34380","NAME":"Mount Pleasant, MI","LSAD":"M2"}},
{"type":"Feature","geometry":{"type":"Polygon","coordinates":[[[-101.6235,36.0554],[-101.8289,36.0554],[-102.163,36.0552],[-102.1628,35.6275],[-102.1628,35.62],[-101.8667,35.6199],[-101.6255,35.6201],[-101.6228,35.6241],[-101.6235,36.0554]]]},"properties":{"GEOID":"20300","NAME":"Dumas, TX","LSAD":"M2"}},
{"type":"Feature","geometry":{"type":"Polygon","coordinates":[[[-79.9998,41.49],[-79.9998,41.1719],[-79.695,41.1729],[-79.6702,41.1845],[-79.6496,41.2179],[-79.6504,41.2537],[-79.6329,41.2536],[-79.6276,41.2772],[-79.6046,41.2771],[-79.6042,41.3215],[-79.5415,41.321],[-79.5414,41.336],[-79.4781,41.3357],[-79.4782,41.4401],[-79.5216,41.4406],[-79.5123,41.4652],[-79.5121,41.6246],[-79.6131,41.6239],[-79.6132,41.6169],[-79.7684,41.6177],[-79.8291,41.6221],[-79.8297,41.602],[-79.8501,41.5871],[-79.8927,41.5741],[-79.9095,41.5501],[-79.9581,41.5135],[-79.9998,41.49]]]},"properties":{"GEOID":"36340","NAME":"Oil City, PA","LSAD":"M2"}},
{"type":"Feature","geometry":{"type":"Polygon","coordinates":[[[-72.805,44.4517],[-72.8391,44.4034],[-72.8045,44.3905],[-72.8257,44.3601],[-72.8558,44.3653],[-72.906,44.2806],[-72.895,44.2781],[-72.9522,44.1613],[-72.9343,44.1636],[-72.9168,44.0719],[-72.8969,44.0737],[-72.7423,44.0297],[-72.6829,44.0128],[-72.6345,44.0893],[-72.6291,44.0878],[-72.5866,44.1603],[-72.5597,44.1629],[-72.4434,44.1288],[-72.4192,44.2208],[-72.3684,44.2041],[-72.3163,44.2726],[-72.3176,44.2984],[-72.27,44.3405],[-72.2171,44.4111],[-72.2238,44.4249],[-72.4343,44.5061],[-72.4929,44.423],[-72.5968,44.4793],[-72.6544,44.3982],[-72.7659,44.4426],[-72.805,44.4517]]]},"properties":{"GEOID":"12740","NAME":"Barre, VT","LSAD":"M2"}},
{"type":"Feature","geometry":{"type":"Polygon","coordinates":[[[-104.0555,38.8689],[-104.0531,38.954],[-104.0516,39.1284],[-104.3482,39.1289],[-104.6925,39.1295],[-105.1627,39.1296],[-105.3304,39.1295],[-105.3295,38.9929],[-105.329,38.6976],[-105.237,38.6973],[-105.2399,38.6475],[-105.0914,38.6478],[-105.0498,38.6524],[-104.9424,38.6502],[-104.9415,38.5196],[-104.718,38.5196],[-104.3755,38.5206],[-104.0539,38.5224],[-104.0519,38.6943],[-104.0555,38.8689]]]},"properties":{"GEOID":"17820","NAME":"Colorado Springs, CO","LSAD":"M1"}},
{"type":"Feature","geometry":{"type":"Polygon","coordinates":[[[-82.8415,41.29],[-82.8401,41.2553],[-82.8295,40.9966],[-82.7248,40.9956],[-82.4329,40.9929],[-82.4369,41.0654],[-82.3365,41.0658],[-82.3403,41.1295],[-82.3423,41.2842],[-82.4425,41.2839],[-82.661,41.2866],[-82.8415,41.29]]]},"properties":{"GEOID":"35940","NAME":"Norwalk, OH","LSAD":"M2"}},
{"type":"Feature","geometry":{"type":"Polygon","coordinates":[[[-74.7262,44.9949],[-74.7203,44.953],[-74.6419,44.9526],[-74.6097,44.7186],[-74.5826,44.5517],[-74.5535,44.3519],[-74.5257,44.1706],[-74.5445,44.1694],[-74.5352,44.0993],[-74.3746,44.1123],[-74.0935,44.1376],[-74.1132,44.2431],[-74.1223,44.307],[-74.1414,44.4073],[-73.9097,44.4297],[-73.9329,44.5762],[-73.9459,44.5749],[-73.9661,44.7091],[-73.9864,44.7078],[-74.0067,44.8369],[-74.0075,44.8927],[-74.0274,44.9958],[-74.1468,44.9915],[-74.3352,44.9919],[-74.4575,44.997],[-74.684,44.9997],[-74.7262,44.9949]]]},"properties":{"GEOID":"31660","NAME":"Malone, NY","LSAD":"M2"}},
{"type":"Feature","geometry":{"type":"Polygon","coordinates":[[[-81.7163,40.1522],[-81.7286,39.9317],[-81.6911,39.9307],[-81.6941,39.8426],[-81.5803,39.8391],[-81.5784,39.8977],[-81.4641,39.8946],[-81.4627,39.9235],[-81.3868,39.9215],[-81.386,39.9507],[-81.3478,39.9536],[-81.2341,39.9513],[-81.2259,40.1701],[-81.3396,40.172],[-81.3381,40.2143],[-81.6227,40.2213],[-81.6676,40.2225],[-81.6709,40.151],[-81.7163,40.1522]]]},"properties":{"GEOID":"15740","NAME":"Cambridge, OH","LSAD":"M2"}},
{"type":"Feature","geometry":{"type":"Polygon","coordinates":[[[-84.0229,40.1839],[-84.0361,40.0402],[-83.6324,40.0163],[-83.5162,40.0102],[-83.5037,40.1115],[-83.4945,40.2255],[-83.5513,40.2294],[-83.7854,40.2452],[-83.7842,40.26],[-84.0148,40.2735],[-84.0229,40.1839]]]},"properties":{"GEOID":"46500","NAME":"Urbana, OH","LSAD":"M2"}},
{"type":"Feature","geometry":{"type":"Polygon","coordinates":[[[-120.1944,35.7894],[-120.194,35.6144],[-120.0862,35.6144],[-120.0868,35.5264],[-120.051,35.5131],[-119.9974,35.4687],[-119.9931,35.4395],[-119.88,35.4391],[-119.8804,35.3511],[-119.8092,35.3509],[-119.8094,35.2637],[-119.6666,35.2626],[-119.6673,35.175],[-119.5538,35.1801],[-119.5618,35.0878],[-119.4904,35.0916],[-119.4726,35.0767],[-119.4725,34.9014],[-119.4437,34.9012],[-119.3837,34.9008],[-119.3819,34.874],[-119.2764,34.8725],[-119.2772,34.8573],[-119.2426,34.8576],[-119.2425,34.8143],[-118.9779,34.8117],[-118.978,34.7898],[-118.8804,34.7887],[-118.8767,34.8032],[-118.854,34.8177],[-118.5469,34.8184],[-118.1702,34.8205],[-117.7744,34.8233],[-117.6673,34.8225],[-117.6322,34.8223],[-117.6333,35.0976],[-117.6309,35.0976],[-117.6312,35.3524],[-117.6337,35.4345],[-117.6302,35.4514],[-117.6301,35.5643],[-117.6343,35.6516],[-117.6165,35.6516],[-117.6165,35.6807],[-117.6522,35.6808],[-117.6521,35.7099],[-117.6343,35.7098],[-117.6343,35.7973],[-117.9244,35.7984],[-117.923,35.7867],[-118.0081,35.7889],[-118.0589,35.7915],[-118.361,35.7903],[-118.4489,35.7924],[-118.5708,35.7897],[-118.9819,35.7907],[-119.286,35.7903],[-119.5381,35.7899],[-119.7338,35.7889],[-120.1944,35.7894]]]},"properties":{"GEOID":"12540","NAME":"Bakersfield, CA","LSAD":"M1"}},
{"type":"Feature","geometry":{"type":"Polygon","coordinates":[[[-97.2799,46.6293],[-97.2806,46.2824],[-97.2594,46.2824],[-97.2596,45.9968],[-97.2285,45.9923],[-97.2283,45.9351],[-96.8052,45.9354],[-96.5637,45.9352],[-96.5766,46.0218],[-96.2661,46.0216],[-96.2654,46.1086],[-96.2646,46.2822],[-96.28,46.2822],[-96.2812,46.6308],[-96.7995,46.6302],[-97.2799,46.6293]]]},"properties":{"GEOID":"47420","NAME":"Wahpeton, ND-MN","LSAD":"M2"}},
{"type":"Feature","geometry":{"type":"Polygon","coordinates":[[[-89.0136,42.8476],[-89.3691,42.845],[-89.3658,42.5003],[-89.2508,42.498],[-88.9927,42.496],[-88.7766,42.492],[-88.7766,42.6675],[-88.7789,42.7548],[-88.7771,42.8427],[-89.0136,42.8476]]]},"properties":{"GEOID":"27500","NAME":"Janesville-Beloit, WI","LSAD":"M1"}},
{"type":"Feature","geometry":{"type":"Polygon","coordinates":[[[-93.1645,35.7289],[-93.1678,35.5978],[-93.2213,35.5991],[-93.2237,35.4686],[-93.2959,35.4699],[-93.2989,35.3271],[-93.2782,35.3124],[-93.2799,35.2126],[-93.4562,35.2159],[-93.4839,35.2019],[-93.4841,35.1806],[-93.511,35.1742],[-93.5297,35.1455],[-93.6629,35.1482],[-93.6633,35.1338],[-93.7068,35.1349],[-93.7091,35.0468],[-93.7044,35.0465],[-93.71,34.746],[-93.3944,34.7434],[-93.3945,34.7724],[-93.2878,34.7732],[-93.2883,34.8609],[-93.3057,34.8755],[-93.1814,34.9763],[-93.1603,34.9758],[-93.1418,35.0046],[-93.1056,35.0343],[-93.0873,35.0339],[-93.0406,35.0769],[-93.0253,35.0909],[-93.0349,35.1118],[-92.9807,35.1172],[-92.9791,35.1311],[-92.956,35.1403],[-92.925,35.168],[-92.8551,35.1738],[-92.8533,35.333],[-92.8493,35.5495],[-92.8135,35.5489],[-92.8097,35.7224],[-92.9514,35.7246],[-93.1645,35.7289]]]},"properties":{"GEOID":"40780","NAME":"Russellville, AR","LSAD":"M2"}},
{"type":"Feature","geometry":{"type":"Polygon","coordinates":[[[-83.4211,41.1668],[-83.4203,40.9919],[-83.1127,40.9934],[-82.8532,40.9937],[-82.8295,40.9966],[-82.8401,41.2553],[-83.1316,41.2564],[-83.2252,41.2531],[-83.4198,41.254],[-83.4211,41.1668]]]},"properties":{"GEOID":"45660","NAME":"Tiffin, OH","LSAD":"M2"}},
{"type":"Feature","geometry":{"type":"Polygon","coordinates":[[[-87.151,33.9932],[-87.1689,34.0051],[-87.2167,33.9939],[-87.5,33.9966],[-87.6361,34.0022],[-87.636,33.872],[-87.5316,33.8676],[-87.5283,33.692],[-87.4238,33.6891],[-87.4237,33.6021],[-87.3711,33.6017],[-87.371,33.5871],[-87.3185,33.5874],[-87.3182,33.5142],[-87.2669,33.5129],[-87.2489,33.515],[-87.2341,33.5394],[-87.21,33.5387],[-87.1969,33.5624],[-87.2046,33.5788],[-87.1969,33.5993],[-87.1794,33.6138],[-87.1444,33.6134],[-87.1445,33.6282],[-87.0927,33.6279],[-87.0927,33.6569],[-87.0578,33.6564],[-87.0573,33.6855],[-87.0398,33.6854],[-87.0406,33.729],[-87.0234,33.7436],[-87.0233,33.7727],[-87.006,33.7872],[-86.9709,33.7865],[-86.9538,33.8008],[-86.9543,33.8449],[-86.9634,33.8582],[-87.0062,33.8672],[-87.0071,33.8889],[-87.0918,33.8901],[-87.0856,33.9192],[-87.1052,33.936],[-87.1124,33.9595],[-87.1341,33.9651],[-87.151,33.9932]]]},"properties":{"GEOID":"27530","NAME":"Jasper, AL","LSAD":"M2"}},
{"type":"Feature","geometry":{"type":"Polygon","coordinates":[[[-85.0739,40.9178],[-85.0703,40.7431],[-85.0685,40.5682],[-84.8023,40.5722],[-84.8021,40.7281],[-84.8029,40.9226],[-85.0739,40.9178]]]},"properties":{"GEOID":"19540","NAME":"Decatur, IN","LSAD":"M2"}},
{"type":"Feature","geometry":{"type":"Polygon","coordinates":[[[-81.4775,36.2403],[-81.5522,36.2764],[-81.567,36.2728],[-81.5901,36.304],[-81.6382,36.3496],[-81.7286,36.3912],[-81.7346,36.3796],[-81.7174,36.3478],[-81.7649,36.3387],[-81.7908,36.3559],[-81.8332,36.3473],[-81.8573,36.3348],[-81.8872,36.3092],[-81.9081,36.302],[-81.8937,36.2638],[-81.9077,36.2386],[-81.909,36.2164],[-81.8852,36.1894],[-81.8568,36.1937],[-81.8298,36.1693],[-81.8105,36.1115],[-81.6748,36.1226],[-81.6606,36.1184],[-81.5455,36.1175],[-81.5004,36.1425],[-81.4558,36.2004],[-81.4775,36.2403]]]},"properties":{"GEOID":"14380","NAME":"Boone, NC","LSAD":"M2"}},
{"type":"Feature","geometry":{"type":"Polygon","coordinates":[[[-89.4014,42.5004],[-89.398,42.3752],[-89.3962,42.2019],[-89.173,42.2042],[-89.1728,42.1504],[-88.9397,42.1523],[-88.7056,42.1535],[-88.7056,42.355],[-88.7074,42.4936],[-88.7766,42.492],[-88.9927,42.496],[-89.2508,42.498],[-89.3658,42.5003],[-89.4014,42.5004]]]},"properties":{"GEOID":"40420","NAME":"Rockford, IL","LSAD":"M1"}},
{"type":"Feature","geometry":{"type":"Polygon","coordinates":[[[-95.2079,36.0748],[-95.2084,36.0399],[-95.2253,36.0398],[-95.2253,36.0092],[-95.2787,35.9641],[-95.2693,35.9294],[-95.283,35.9082],[-95.2577,35.8773],[-95.2325,35.8728],[-95.2315,35.8512],[-95.2657,35.8133],[-95.1272,35.8128],[-95.1272,35.6388],[-94.8078,35.6385],[-94.8075,35.9009],[-94.7974,35.9009],[-94.7974,36.1617],[-95.1185,36.1616],[-95.1184,36.0745],[-95.2079,36.0748]]]},"properties":{"GEOID":"45140","NAME":"Tahlequah, OK","LSAD":"M2"}},
{"type":"Feature","geometry":{"type":"Polygon","coordinates":[[[-78.9561,41.6233],[-78.959,41.4371],[-78.9767,41.4518],[-79.0635,41.4532],[-79.0652,41.4232],[-79.0936,41.4233],[-79.0951,41.3407],[-79.0811,41.3527],[-79.0522,41.3511],[-79.0038,41.359],[-78.9698,41.3759],[-78.9593,41.3622],[-78.7353,41.2629],[-78.7382,41.2307],[-78.7101,41.2302],[-78.7102,41.2019],[-78.6479,41.2175],[-78.6467,41.2536],[-78.5278,41.2462],[-78.2368,41.2305],[-78.2347,41.3234],[-78.2544,41.3236],[-78.254,41.4047],[-78.42,41.405],[-78.4205,41.6019],[-78.4829,41.6023],[-78.4838,41.6315],[-78.676,41.625],[-78.815,41.6227],[-78.9561,41.6233]]]},"properties":{"GEOID":"41260","NAME":"St. Marys, PA","LSAD":"M2"}},
{"type":"Feature","geometry":{"type":"Polygon","coordinates":[[[-96.8855,44.5438],[-96.8843,44.89],[-96.8822,44.9619],[-96.8839,45.1502],[-97.1132,45.1517],[-97.4943,45.1516],[-97.4942,44.8913],[-97.4912,44.8913],[-97.4923,44.5439],[-97.128,44.5431],[-96.8855,44.5438]]]},"properties":{"GEOID":"47980","NAME":"Watertown, SD","LSAD":"M2"}},
{"type":"Feature","geometry":{"type":"Polygon","coordinates":[[[-83.6956,43.2214],[-83.9321,43.2204],[-83.9291,43.1328],[-83.9296,42.9413],[-83.9225,42.7808],[-83.6865,42.7833],[-83.6894,42.8713],[-83.4533,42.8763],[-83.4591,43.05],[-83.4607,43.2231],[-83.6956,43.2214]]]},"properties":{"GEOID":"22420","NAME":"Flint, MI","LSAD":"M1"}},
{"type":"Feature","geometry":{"type":"Polygon","coordinates":[[[-77.3642,40.8469],[-77.3566,40.8073],[-77.3212,40.8172],[-77.1296,40.8538],[-77.0741,40.8683],[-77.052,40.8694],[-77.0188,40.8583],[-77.0103,40.8697],[-76.9418,40.8881],[-76.8781,40.8845],[-76.8582,40.8893],[-76.8002,40.882],[-76.8228,40.8898],[-76.8541,40.9154],[-76.8824,40.9714],[-76.8676,40.9985],[-76.8564,41.0474],[-76.8579,41.0721],[-76.8844,41.0938],[-76.8961,41.1391],[-76.9602,41.1488],[-76.9779,41.0879],[-77.0682,41.0852],[-77.1138,41.069],[-77.1441,41.0688],[-77.1442,41.0443],[-77.204,40.9927],[-77.2792,40.9097],[-77.3642,40.8469]]]},"properties":{"GEOID":"30260","NAME":"Lewisburg, PA","LSAD":"M2"}},
{"type":"Feature","geometry":{"type":"Polygon","coordinates":[[[-97.3541,36.1591],[-97.3539,35.9849],[-97.3236,36.0109],[-97.2946,36.0056],[-97.2776,35.9738],[-97.2212,35.9646],[-97.2036,35.9448],[-97.1406,35.942],[-96.9095,35.9415],[-96.6197,35.9416],[-96.6225,36.061],[-96.6214,36.1599],[-96.819,36.1589],[-96.819,36.2465],[-96.9251,36.2465],[-97.141,36.2464],[-97.1407,36.1592],[-97.3541,36.1591]]]},"properties":{"GEOID":"44660","NAME":"Stillwater, OK","LSAD":"M2"}},
{"type":"Feature","geometry":{"type":"Polygon","coordinates":[[[-101.5636,33.8305],[-101.5645,34.0213],[-101.5649,34.3125],[-102.0904,34.3131],[-102.0876,34.0266],[-102.0857,33.8247],[-101.8714,33.8269],[-101.5636,33.8305]]]},"properties":{"GEOID":"38380","NAME":"Plainview, TX","LSAD":"M2"}},
{"type":"Feature","geometry":{"type":"Polygon","coordinates":[[[-97.8078,37.7339],[-97.8083,37.6468],[-97.8071,37.3863],[-97.8046,37.3863],[-97.8021,37.2126],[-97.8023,36.9987],[-97.4623,36.9987],[-97.1477,36.9991],[-97.1504,37.25],[-97.1508,37.3907],[-97.1533,37.4755],[-96.7151,37.4754],[-96.5257,37.4764],[-96.526,37.7132],[-96.5253,37.8833],[-96.5228,38.0864],[-96.8408,38.0856],[-97.1529,38.0877],[-97.1531,38.1746],[-97.3717,38.1737],[-97.7018,38.1738],[-97.7021,37.8252],[-97.6987,37.7351],[-97.8078,37.7339]]]},"properties":{"GEOID":"48620","NAME":"Wichita, KS","LSAD":"M1"}},
{"type":"Feature","geometry":{"type":"Polygon","coordinates":[[[-71.8988,42.7114],[-71.8578,42.675],[-71.8448,42.638],[-71.7753,42.6367],[-71.7758,42.6442],[-71.6646,42.6116],[-71.679,42.5304],[-71.6359,42.524],[-71.6199,42.5525],[-71.5388,42.543],[-71.5314,42.5204],[-71.5603,42.4743],[-71.5434,42.4665],[-71.5591,42.4119],[-71.6043,42.3977],[-71.5801,42.387],[-71.6258,42.3497],[-71.5852,42.311],[-71.5511,42.3264],[-71.4868,42.3302],[-71.4859,42.3112],[-71.5059,42.2729],[-71.5396,42.2628],[-71.5566,42.2681],[-71.5868,42.2595],[-71.6022,42.2181],[-71.5829,42.1956],[-71.5069,42.1889],[-71.4974,42.1666],[-71.478,42.1659],[-71.4785,42.1314],[-71.5014,42.1167],[-71.4983,42.0172],[-71.3814,42.0188],[-71.3815,41.9851],[-71.3643,41.9853],[-71.0805,42.0955],[-71.0495,41.9631],[-70.9956,41.9256],[-70.9737,41.8609],[-71.0366,41.8165],[-71.0146,41.7996],[-71.0263,41.7789],[-70.9218,41.7912],[-70.9044,41.758],[-70.8864,41.7602],[-70.8452,41.6447],[-70.8432,41.6285],[-70.8103,41.6249],[-70.809,41.6584],[-70.7767,41.6508],[-70.7491,41.6804],[-70.7142,41.7017],[-70.7285,41.7229],[-70.7187,41.7357],[-70.6562,41.7134],[-70.6431,41.7176],[-70.6216,41.749],[-70.6326,41.7629],[-70.5654,41.7867],[-70.5373,41.8109],[-70.5432,41.8244],[-70.5256,41.8587],[-70.5321,41.8896],[-70.5459,41.9072],[-70.544,41.9263],[-70.5836,41.95],[-70.6082,41.9407],[-70.6468,41.9493],[-70.699,41.9871],[-70.6958,42.0133],[-70.6675,42.0123],[-70.6694,42.0371],[-70.6443,42.0459],[-70.6402,42.0886],[-70.6853,42.133],[-70.7187,42.1849],[-70.713,42.2044],[-70.7602,42.235],[-70.7628,42.2503],[-70.8311,42.2674],[-70.8511,42.2683],[-70.8709,42.2857],[-70.8843,42.2455],[-70.9182,42.2719],[-70.9595,42.2453],[-70.9734,42.263],[-70.996,42.2668],[-71.039,42.3001],[-71.0474,42.3234],[-71.0078,42.3471],[-71.0002,42.3724],[-70.9725,42.385],[-70.9906,42.4071],[-70.9665,42.4425],[-70.922,42.4667],[-70.8943,42.4609],[-70.8797,42.4788],[-70.8474,42.4939],[-70.8456,42.5175],[-70.864,42.5186],[-70.8611,42.5451],[-70.7775,42.5594],[-70.7401,42.5748],[-70.7103,42.5726],[-70.6808,42.5935],[-70.6356,42.6002],[-70.6322,42.6168],[-70.6056,42.6349],[-70.5986,42.6599],[-70.6239,42.6616],[-70.6209,42.6868],[-70.6363,42.6903],[-70.6912,42.6558],[-70.7305,42.6666],[-70.7446,42.6813],[-70.7761,42.6913],[-70.7723,42.7111],[-70.7929,42.7471],[-70.8052,42.7818],[-70.8177,42.8506],[-70.8107,42.9069],[-70.794,42.9399],[-70.7756,42.9572],[-70.7038,43.0598],[-70.7065,43.0753],[-70.7381,43.0738],[-70.8268,43.1271],[-70.8338,43.1469],[-70.8235,43.1746],[-70.8179,43.2379],[-70.8817,43.2725],[-70.9164,43.3203],[-70.9371,43.3374],[-70.9672,43.3438],[-70.9843,43.3761],[-70.9868,43.4143],[-70.9611,43.4383],[-70.9604,43.4666],[-70.9696,43.4862],[-70.954,43.5188],[-70.9622,43.541],[-71.0242,43.4829],[-71.0379,43.5298],[-71.0676,43.5272],[-71.1115,43.5067],[-71.1278,43.5728],[-71.1627,43.539],[-71.1908,43.515],[-71.1594,43.3551],[-71.236,43.285],[-71.247,43.2762],[-71.3155,43.1621],[-71.3561,43.102],[-71.3922,43.0393],[-71.3924,43.0093],[-71.3754,42.9393],[-71.4512,42.9304],[-71.4271,42.8248],[-71.3872,42.8236],[-71.3607,42.799],[-71.351,42.7722],[-71.2601,42.7557],[-71.2455,42.7426],[-71.2942,42.697],[-71.7458,42.7073],[-71.8988,42.7114]]]},"properties":{"GEOID":"14460","NAME":"Boston-Cambridge-Newton, MA-NH","LSAD":"M1"}},
{"type":"Feature","geometry":{"type":"Polygon","coordinates":[[[-85.6438,41.0023],[-85.6386,40.6531],[-85.4488,40.6536],[-85.3347,40.6544],[-85.336,40.9171],[-85.3356,41.0052],[-85.4521,41.0052],[-85.6438,41.0023]]]},"properties":{"GEOID":"26540","NAME":"Huntington, IN","LSAD":"M2"}},
{"type":"Feature","geometry":{"type":"Polygon","coordinates":[[[-70.6431,41.7176],[-70.6208,41.7005],[-70.6363,41.68],[-70.6337,41.6489],[-70.6524,41.6052],[-70.642,41.5831],[-70.6681,41.5329],[-70.6566,41.5148],[-70.6336,41.5383],[-70.5468,41.5514],[-70.4932,41.552],[-70.4613,41.5718],[-70.4372,41.6053],[-70.4006,41.6064],[-70.3699,41.6159],[-70.3381,41.6363],[-70.3166,41.6254],[-70.2745,41.6329],[-70.2459,41.6285],[-70.1952,41.6479],[-70.1409,41.6504],[-70.0892,41.6628],[-69.9964,41.6672],[-69.9705,41.6455],[-69.9672,41.612],[-69.9337,41.6786],[-69.9287,41.7413],[-69.9453,41.8452],[-69.9686,41.9117],[-69.9861,41.9496],[-70.0335,42.0177],[-70.0585,42.0404],[-70.116,42.0676],[-70.1893,42.0823],[-70.2256,42.0786],[-70.2454,42.0637],[-70.2087,42.0307],[-70.1868,42.0505],[-70.1554,42.0624],[-70.123,42.0517],[-70.0956,42.0328],[-70.0774,41.9855],[-70.0772,41.9434],[-70.0616,41.9235],[-70.045,41.93],[-70.0134,41.906],[-70.0038,41.8085],[-70.0247,41.7874],[-70.0643,41.7728],[-70.122,41.7588],[-70.1415,41.7601],[-70.2161,41.743],[-70.2408,41.7275],[-70.2502,41.7077],[-70.3198,41.7097],[-70.342,41.7014],[-70.3952,41.7251],[-70.4,41.7417],[-70.4716,41.7616],[-70.5174,41.791],[-70.5373,41.8109],[-70.5654,41.7867],[-70.6326,41.7629],[-70.6216,41.749],[-70.6431,41.7176]]]},"properties":{"GEOID":"12700","NAME":"Barnstable Town, MA","LSAD":"M1"}},
{"type":"Feature","geometry":{"type":"Polygon","coordinates":[[[-93.0395,44.4719],[-93.2817,44.472],[-93.2815,44.544],[-93.5243,44.5436],[-93.5252,44.1961],[-93.4066,44.1964],[-93.0459,44.1967],[-93.0412,44.1967],[-93.0395,44.4719]]]},"properties":{"GEOID":"22060","NAME":"Faribault-Northfield, MN","LSAD":"M2"}},
{"type":"Feature","geometry":{"type":"Polygon","coordinates":[[[-89.2238,45.0292],[-89.2237,44.6814],[-88.9459,44.6796],[-88.6052,44.6783],[-88.6061,44.5905],[-88.3869,44.5884],[-88.2452,44.5847],[-88.2427,44.6796],[-88.2524,44.7668],[-88.2482,44.8527],[-88.4891,44.8554],[-88.4837,45.1169],[-88.6412,45.1173],[-88.9822,45.1177],[-88.9817,45.0289],[-89.2238,45.0292]]]},"properties":{"GEOID":"43020","NAME":"Shawano, WI","LSAD":"M2"}},
{"type":"Feature","geometry":{"type":"Polygon","coordinates":[[[-84.1673,43.8259],[-84.1681,43.5689],[-84.05,43.5673],[-84.051,43.5241],[-83.8172,43.5223],[-83.8177,43.4791],[-83.6988,43.479],[-83.6995,43.5886],[-83.735,43.6173],[-83.8147,43.6353],[-83.8441,43.6529],[-83.8561,43.6466],[-83.9129,43.6776],[-83.9393,43.7154],[-83.9565,43.7608],[-83.9287,43.7771],[-83.9212,43.817],[-83.924,43.8587],[-83.9091,43.9105],[-84.0448,43.9111],[-84.0454,43.997],[-84.1664,43.9969],[-84.1673,43.8259]]]},"properties":{"GEOID":"13020","NAME":"Bay City, MI","LSAD":"M1"}},
{"type":"Feature","geometry":{"type":"Polygon","coordinates":[[[-105.317,33.1323],[-105.316,32.9621],[-105.3525,32.962],[-105.3516,32.8251],[-105.352,32.6048],[-105.354,32.5188],[-105.1493,32.5207],[-104.8515,32.5205],[-104.8422,32.5205],[-104.8421,32.8873],[-104.8416,32.9632],[-104.5507,32.964],[-104.1076,32.9654],[-103.8145,32.9651],[-103.7664,32.9653],[-103.7664,33.3953],[-103.7214,33.3957],[-103.7208,33.5695],[-103.5101,33.5701],[-103.5098,33.6573],[-103.7183,33.6562],[-103.7169,33.8196],[-103.8419,33.8192],[-103.8417,34.0819],[-103.946,34.0825],[-104.1556,34.0832],[-104.1563,33.9954],[-104.3174,33.9959],[-104.5674,33.9976],[-104.7861,34.0001],[-104.7864,34.0877],[-104.8934,34.0884],[-104.8946,33.8244],[-104.8911,33.8223],[-104.8924,33.3982],[-104.8851,33.3933],[-104.8851,33.3058],[-104.9038,33.3059],[-104.9054,33.1389],[-105.0065,33.1389],[-105.0065,33.1344],[-105.1086,33.1317],[-105.317,33.1323]]]},"properties":{"GEOID":"40740","NAME":"Roswell, NM","LSAD":"M2"}},
{"type":"Feature","geometry":{"type":"Polygon","coordinates":[[[-100.9455,36.9982],[-100.6333,36.9999],[-100.6352,37.1102],[-100.6352,37.2861],[-100.6338,37.3876],[-101.0681,37.3878],[-101.0677,37.1554],[-101.0665,36.9979],[-100.9455,36.9982]]]},"properties":{"GEOID":"30580","NAME":"Liberal, KS","LSAD":"M2"}},
{"type":"Feature","geometry":{"type":"Polygon","coordinates":[[[-123.5335,38.7684],[-123.5148,38.742],[-123.4933,38.7365],[-123.4418,38.6997],[-123.4197,38.6747],[-123.3683,38.6032],[-123.3496,38.5968],[-123.3401,38.5722],[-123.2687,38.5299],[-123.2507,38.5102],[-123.2023,38.4943],[-123.1288,38.4504],[-123.1217,38.43],[-123.1037,38.4155],[-123.0683,38.3599],[-123.0747,38.3226],[-123.0637,38.3022],[-123.0387,38.3136],[-123.0029,38.2957],[-122.9661,38.317],[-122.9468,38.3112],[-122.9017,38.3169],[-122.7399,38.207],[-122.6492,38.1811],[-122.5684,38.1768],[-122.519,38.1397],[-122.4988,38.1113],[-122.4448,38.1383],[-122.4435,38.117],[-122.3981,38.1428],[-122.4068,38.1556],[-122.3711,38.1577],[-122.3586,38.182],[-122.3599,38.2305],[-122.4046,38.2814],[-122.3949,38.3045],[-122.4273,38.3491],[-122.4577,38.3675],[-122.4479,38.3793],[-122.4706,38.4049],[-122.4975,38.4243],[-122.48,38.443],[-122.5073,38.4573],[-122.5449,38.4963],[-122.5439,38.52],[-122.5695,38.5297],[-122.5797,38.5465],[-122.6208,38.5603],[-122.6464,38.5986],[-122.6283,38.623],[-122.6274,38.6675],[-122.6466,38.7062],[-122.6918,38.7109],[-122.7104,38.7321],[-122.7462,38.7992],[-122.7958,38.8368],[-122.8216,38.8501],[-123.081,38.8524],[-123.0812,38.8384],[-123.1366,38.8394],[-123.1363,38.8091],[-123.3684,38.8066],[-123.3682,38.7771],[-123.497,38.7786],[-123.5335,38.7684]]]},"properties":{"GEOID":"42220","NAME":"Santa Rosa-Petaluma, CA","LSAD":"M1"}},
{"type":"Feature","geometry":{"type":"Polygon","coordinates":[[[-84.3405,40.8591],[-84.3401,40.8161],[-84.3974,40.8159],[-84.3968,40.6849],[-84.2228,40.686],[-84.2227,40.6569],[-84.1079,40.6579],[-84.1078,40.6431],[-83.8802,40.6447],[-83.8801,40.8199],[-83.8804,40.9204],[-83.9952,40.9198],[-83.9952,40.9051],[-84.1095,40.9047],[-84.1096,40.861],[-84.3405,40.8591]]]},"properties":{"GEOID":"30620","NAME":"Lima, OH","LSAD":"M1"}},
{"type":"Feature","geometry":{"type":"Polygon","coordinates":[[[-88.9397,42.1523],[-88.9421,42.0651],[-88.9413,41.8918],[-88.9416,41.7261],[-88.9387,41.6283],[-88.8182,41.6314],[-88.6022,41.6314],[-88.5936,41.3697],[-88.5885,41.268],[-88.5862,41.1083],[-88.471,41.1089],[-88.2515,41.1142],[-88.2409,41.1144],[-88.2441,41.2016],[-88.0118,41.2055],[-88.0139,41.2924],[-87.7817,41.2959],[-87.5267,41.2981],[-87.5263,41.0103],[-87.526,40.7369],[-87.0984,40.7365],[-87.0998,40.8376],[-86.9864,40.8379],[-86.9874,40.9122],[-86.9308,40.9124],[-86.9301,41.2368],[-86.9299,41.5361],[-86.9327,41.7095],[-87.0279,41.6747],[-87.099,41.6518],[-87.1581,41.6416],[-87.1621,41.6354],[-87.2207,41.6244],[-87.2888,41.6208],[-87.3689,41.63],[-87.4115,41.6437],[-87.4212,41.6595],[-87.4079,41.6803],[-87.4249,41.6901],[-87.4763,41.6752],[-87.5161,41.7015],[-87.5311,41.7481],[-87.5729,41.7793],[-87.5822,41.8044],[-87.6094,41.8452],[-87.6392,41.9662],[-87.669,42.0291],[-87.6715,42.0583],[-87.6824,42.0757],[-87.7362,42.1208],[-87.8018,42.2106],[-87.8286,42.2699],[-87.8348,42.3015],[-87.8258,42.3555],[-87.8033,42.3905],[-87.8046,42.4312],[-87.7981,42.4717],[-87.8118,42.5206],[-87.8171,42.6355],[-87.8059,42.6679],[-87.9534,42.6696],[-88.1883,42.6697],[-88.1882,42.6115],[-88.3059,42.6108],[-88.3047,42.4948],[-88.6387,42.495],[-88.7074,42.4936],[-88.7056,42.355],[-88.7056,42.1535],[-88.9397,42.1523]]]},"properties":{"GEOID":"16980","NAME":"Chicago-Naperville-Elgin, IL-IN-WI","LSAD":"M1"}},
{"type":"Feature","geometry":{"type":"Polygon","coordinates":[[[-96.3846,33.3978],[-96.3845,33.3411],[-96.2519,33.3576],[-95.8587,33.4095],[-95.8577,33.4617],[-95.8545,33.8237],[-95.8464,33.84],[-95.9258,33.885],[-95.9413,33.8616],[-95.9984,33.851],[-96.0488,33.8365],[-96.1001,33.848],[-96.1481,33.8378],[-96.1648,33.8178],[-96.1628,33.7888],[-96.1781,33.7605],[-96.229,33.748],[-96.2636,33.7675],[-96.2965,33.7658],[-96.31,33.7105],[-96.338,33.6887],[-96.3622,33.6918],[-96.3794,33.7258],[-96.3823,33.5984],[-96.3846,33.3978]]]},"properties":{"GEOID":"14300","NAME":"Bonham, TX","LSAD":"M2"}}
]}